Customer_Name,Customer_ID,Segment,Region
Darren Powers,Darren Powers,Consumer,Central
Phillina Ober,Phillina Ober,Home Office,Central
Mick Brown,Mick Brown,Consumer,East
Jack O'Briant,Jack O'Briant,Corporate,South
Lycoris Saunders,Lycoris Saunders,Consumer,West
Maria Etezadi,Maria Etezadi,Home Office,South
Vivek Sundaresam,Vivek Sundaresam,Consumer,Central
Melanie Seite,Melanie Seite,Consumer,Central
Anthony Jacobs,Anthony Jacobs,Corporate,South
Seth Vernon,Seth Vernon,Consumer,East
Natalie DeCherney,Natalie DeCherney,Consumer,South
Michael Moore,Michael Moore,Consumer,East
Brian Dahlen,Brian Dahlen,Consumer,West
Chris Selesnick,Chris Selesnick,Corporate,South
Brendan Sweed,Brendan Sweed,Corporate,East
Erica Hackney,Erica Hackney,Consumer,South
Delfina Latchford,Delfina Latchford,Consumer,East
David Wiener,David Wiener,Corporate,West
Toby Swindell,Toby Swindell,Consumer,West
Hunter Lopez,Hunter Lopez,Consumer,South
Muhammed MacIntyre,Muhammed MacIntyre,Corporate,South
Mark Van Huff,Mark Van Huff,Consumer,West
Xylona Preis,Xylona Preis,Consumer,Central
Tom Boeckenhauer,Tom Boeckenhauer,Consumer,South
Ionia McGrath,Ionia McGrath,Consumer,West
Speros Goranitis,Speros Goranitis,Consumer,Central
Shirley Daniels,Shirley Daniels,Home Office,South
Carol Adams,Carol Adams,Corporate,Central
Ed Jacobs,Ed Jacobs,Consumer,West
Jasper Cacioppo,Jasper Cacioppo,Consumer,East
Mike Vittorini,Mike Vittorini,Consumer,Central
Liz Carlisle,Liz Carlisle,Consumer,West
Bradley Drucker,Bradley Drucker,Consumer,Central
Eric Barreto,Eric Barreto,Consumer,South
Cynthia Delaney,Cynthia Delaney,Home Office,West
Tom Boeckenhauer,Tom Boeckenhauer,Consumer,West
Mark Haberlin,Mark Haberlin,Corporate,West
Deborah Brumfield,Deborah Brumfield,Home Office,West
Delfina Latchford,Delfina Latchford,Consumer,Central
Neil Ducich,Neil Ducich,Corporate,South
Cyma Kinney,Cyma Kinney,Corporate,East
Chris Selesnick,Chris Selesnick,Corporate,East
Nathan Mautz,Nathan Mautz,Home Office,West
Natalie Fritzler,Natalie Fritzler,Consumer,South
Guy Armstrong,Guy Armstrong,Consumer,Central
Sanjit Chand,Sanjit Chand,Consumer,West
Shui Tom,Shui Tom,Consumer,Central
Marina Lichtenstein,Marina Lichtenstein,Corporate,West
Barry Französisch,Barry Französisch,Corporate,West
Michael Nguyen,Michael Nguyen,Consumer,Central
Aaron Bergman,Aaron Bergman,Consumer,Central
Troy Blackwell,Troy Blackwell,Consumer,Central
Linda Cazamias,Linda Cazamias,Corporate,Central
Steven Roelle,Steven Roelle,Home Office,West
Tamara Manning,Tamara Manning,Consumer,Central
Sue Ann Reed,Sue Ann Reed,Consumer,West
Michael Grace,Michael Grace,Home Office,Central
Jennifer Halladay,Jennifer Halladay,Consumer,West
Joy Smith,Joy Smith,Consumer,East
Dave Brooks,Dave Brooks,Consumer,West
Vicky Freymann,Vicky Freymann,Home Office,Central
Shahid Collister,Shahid Collister,Consumer,Central
Hallie Redmond,Hallie Redmond,Home Office,East
Giulietta Weimer,Giulietta Weimer,Consumer,Central
Kristina Nunn,Kristina Nunn,Home Office,East
Nicole Hansen,Nicole Hansen,Corporate,East
Eva Jacobs,Eva Jacobs,Consumer,West
Anne Pryor,Anne Pryor,Home Office,East
Jill Stevenson,Jill Stevenson,Corporate,East
Sam Craven,Sam Craven,Consumer,Central
Ashley Jarboe,Ashley Jarboe,Consumer,South
Clay Ludtke,Clay Ludtke,Consumer,South
Sanjit Chand,Sanjit Chand,Consumer,South
Aimee Bixby,Aimee Bixby,Consumer,East
Craig Molinari,Craig Molinari,Corporate,West
Nora Pelletier,Nora Pelletier,Home Office,West
Aaron Bergman,Aaron Bergman,Consumer,West
Scott Williamson,Scott Williamson,Consumer,Central
Kean Thornton,Kean Thornton,Consumer,West
Richard Bierner,Richard Bierner,Consumer,West
Filia McAdams,Filia McAdams,Corporate,South
Kelly Andreada,Kelly Andreada,Consumer,East
Chloris Kastensmidt,Chloris Kastensmidt,Consumer,East
Neil Französisch,Neil Französisch,Home Office,South
Jason Fortune-,Jason Fortune-,Consumer,West
Christine Kargatis,Christine Kargatis,Home Office,South
Rick Bensley,Rick Bensley,Home Office,Central
Dean Katz,Dean Katz,Corporate,West
Alan Shonely,Alan Shonely,Consumer,South
Kristina Nunn,Kristina Nunn,Home Office,South
Bradley Nguyen,Bradley Nguyen,Consumer,Central
Quincy Jones,Quincy Jones,Corporate,East
Christine Phan,Christine Phan,Corporate,East
Annie Zypern,Annie Zypern,Consumer,Central
Mark Haberlin,Mark Haberlin,Corporate,South
Eileen Kiefer,Eileen Kiefer,Home Office,West
Sample Company A,Sample Company A,Home Office,West
Sean Miller,Sean Miller,Home Office,South
Matt Connell,Matt Connell,Corporate,South
Thomas Seio,Thomas Seio,Corporate,South
Cassandra Brandow,Cassandra Brandow,Consumer,East
Gary McGarr,Gary McGarr,Consumer,South
Kristen Hastings,Kristen Hastings,Corporate,South
Vivian Mathis,Vivian Mathis,Consumer,Central
Beth Fritzler,Beth Fritzler,Corporate,West
Craig Carroll,Craig Carroll,Consumer,South
Patrick O'Donnell,Patrick O'Donnell,Consumer,West
Bruce Geld,Bruce Geld,Consumer,South
Maurice Satty,Maurice Satty,Consumer,West
Carlos Daly,Carlos Daly,Consumer,East
Christina Anderson,Christina Anderson,Consumer,West
Annie Zypern,Annie Zypern,Consumer,East
Cindy Stewart,Cindy Stewart,Consumer,West
Jonathan Doherty,Jonathan Doherty,Corporate,West
Damala Kotsonis,Damala Kotsonis,Corporate,West
Daniel Raglin,Daniel Raglin,Home Office,West
Mike Pelletier,Mike Pelletier,Home Office,East
Christina VanderZanden,Christina VanderZanden,Consumer,Central
Mike Gockenbach,Mike Gockenbach,Consumer,Central
Susan Gilcrest,Susan Gilcrest,Corporate,East
Nat Carroll,Nat Carroll,Consumer,Central
Guy Armstrong,Guy Armstrong,Consumer,West
Dorris liebe,Dorris liebe,Corporate,West
Mark Packer,Mark Packer,Home Office,Central
Kunst Miller,Kunst Miller,Consumer,East
Karen Bern,Karen Bern,Corporate,South
Dorothy Dickinson,Dorothy Dickinson,Consumer,Central
Jas O'Carroll,Jas O'Carroll,Consumer,East
Alex Avila,Alex Avila,Consumer,West
Trudy Glocke,Trudy Glocke,Consumer,South
Katharine Harms,Katharine Harms,Corporate,East
Kunst Miller,Kunst Miller,Consumer,West
Anna Häberlin,Anna Häberlin,Corporate,South
Rob Dowd,Rob Dowd,Consumer,South
Katrina Edelman,Katrina Edelman,Corporate,West
Paul Knutson,Paul Knutson,Home Office,West
Mary Zewe,Mary Zewe,Corporate,West
Maurice Satty,Maurice Satty,Consumer,Central
Ken Black,Ken Black,Corporate,South
Greg Maxwell,Greg Maxwell,Corporate,South
Tracy Hopkins,Tracy Hopkins,Home Office,East
Ruben Dartt,Ruben Dartt,Consumer,Central
John Grady,John Grady,Corporate,Central
Roy Phan,Roy Phan,Corporate,South
Andy Yotov,Andy Yotov,Corporate,West
Shirley Daniels,Shirley Daniels,Home Office,East
Guy Phonely,Guy Phonely,Corporate,East
Frank Hawley,Frank Hawley,Corporate,West
Scott Cohen,Scott Cohen,Corporate,West
Pauline Johnson,Pauline Johnson,Consumer,South
Roland Schwarz,Roland Schwarz,Corporate,South
Valerie Mitchum,Valerie Mitchum,Home Office,South
Jim Mitchum,Jim Mitchum,Corporate,West
Ruben Ausman,Ruben Ausman,Corporate,South
John Stevenson,John Stevenson,Consumer,East
Pauline Chand,Pauline Chand,Home Office,West
Jay Kimmel,Jay Kimmel,Consumer,South
Michelle Moray,Michelle Moray,Consumer,West
Sanjit Engle,Sanjit Engle,Consumer,West
Gary Mitchum,Gary Mitchum,Home Office,Central
Edward Hooks,Edward Hooks,Corporate,West
Kean Nguyen,Kean Nguyen,Corporate,West
Stewart Visinsky,Stewart Visinsky,Consumer,Central
Jonathan Doherty,Jonathan Doherty,Corporate,East
Ben Ferrer,Ben Ferrer,Home Office,East
Paul Stevenson,Paul Stevenson,Home Office,West
Stephanie Phelps,Stephanie Phelps,Corporate,South
Kunst Miller,Kunst Miller,Consumer,Central
John Lee,John Lee,Consumer,West
Allen Goldenen,Allen Goldenen,Consumer,South
Nicole Fjeld,Nicole Fjeld,Home Office,West
Benjamin Patterson,Benjamin Patterson,Consumer,West
Seth Vernon,Seth Vernon,Consumer,Central
Dorothy Badders,Dorothy Badders,Corporate,South
Allen Armold,Allen Armold,Consumer,West
Aaron Hawkins,Aaron Hawkins,Corporate,East
Theresa Swint,Theresa Swint,Corporate,East
Laurel Beltran,Laurel Beltran,Home Office,East
Lena Creighton,Lena Creighton,Consumer,South
Dianna Arnett,Dianna Arnett,Home Office,Central
Beth Thompson,Beth Thompson,Home Office,West
Marc Harrigan,Marc Harrigan,Home Office,West
Aleksandra Gannaway,Aleksandra Gannaway,Corporate,West
Muhammed Yedwab,Muhammed Yedwab,Corporate,East
Arianne Irving,Arianne Irving,Consumer,West
David Smith,David Smith,Corporate,East
George Bell,George Bell,Corporate,East
Laura Armstrong,Laura Armstrong,Corporate,South
Katherine Hughes,Katherine Hughes,Consumer,East
Lauren Leatherbury,Lauren Leatherbury,Consumer,East
Harry Greene,Harry Greene,Consumer,South
Tamara Manning,Tamara Manning,Consumer,South
Justin MacKendrick,Justin MacKendrick,Consumer,South
Andrew Roberts,Andrew Roberts,Consumer,East
Cari Schnelling,Cari Schnelling,Consumer,South
Joni Sundaresam,Joni Sundaresam,Home Office,Central
Nathan Cano,Nathan Cano,Consumer,East
Paul MacIntyre,Paul MacIntyre,Consumer,Central
Bill Shonely,Bill Shonely,Corporate,West
Andrew Allen,Andrew Allen,Consumer,East
Emily Burns,Emily Burns,Consumer,Central
Giulietta Dortch,Giulietta Dortch,Corporate,South
Katharine Harms,Katharine Harms,Corporate,Central
Peter Fuller,Peter Fuller,Consumer,South
Harold Pawlan,Harold Pawlan,Home Office,West
Steve Nguyen,Steve Nguyen,Home Office,West
Carol Triggs,Carol Triggs,Consumer,East
Kean Thornton,Kean Thornton,Consumer,East
Patrick Gardner,Patrick Gardner,Consumer,West
Sean Braxton,Sean Braxton,Corporate,South
Greg Matthias,Greg Matthias,Consumer,West
Art Foster,Art Foster,Consumer,East
Paul Gonzalez,Paul Gonzalez,Consumer,Central
Harold Dahlen,Harold Dahlen,Home Office,Central
Brooke Gillingham,Brooke Gillingham,Corporate,East
Raymond Messe,Raymond Messe,Consumer,Central
Victoria Wilson,Victoria Wilson,Corporate,Central
Hunter Lopez,Hunter Lopez,Consumer,Central
Aaron Hawkins,Aaron Hawkins,Corporate,West
Naresj Patel,Naresj Patel,Consumer,West
Erica Hernandez,Erica Hernandez,Home Office,South
Alejandro Grove,Alejandro Grove,Consumer,West
Anthony Johnson,Anthony Johnson,Corporate,South
Pauline Webber,Pauline Webber,Corporate,West
Cindy Chapman,Cindy Chapman,Consumer,West
Pete Armstrong,Pete Armstrong,Home Office,Central
Bruce Stewart,Bruce Stewart,Consumer,East
George Ashbrook,George Ashbrook,Consumer,Central
Ted Trevino,Ted Trevino,Consumer,East
John Huston,John Huston,Consumer,Central
Tamara Dahlen,Tamara Dahlen,Consumer,South
Randy Ferguson,Randy Ferguson,Corporate,East
Matt Collister,Matt Collister,Corporate,Central
Bradley Talbott,Bradley Talbott,Home Office,West
Mitch Willingham,Mitch Willingham,Corporate,South
Katherine Hughes,Katherine Hughes,Consumer,Central
Frank Gastineau,Frank Gastineau,Home Office,East
Evan Henry,Evan Henry,Consumer,South
Greg Tran,Greg Tran,Consumer,East
Erica Hackney,Erica Hackney,Consumer,West
Resi Pölking,Resi Pölking,Consumer,East
Barry Weirich,Barry Weirich,Consumer,East
Janet Lee,Janet Lee,Consumer,Central
Dean percer,Dean percer,Home Office,West
Michelle Moray,Michelle Moray,Consumer,Central
Herbert Flentye,Herbert Flentye,Consumer,West
Laurel Elliston,Laurel Elliston,Consumer,Central
Maya Herman,Maya Herman,Corporate,West
Lena Creighton,Lena Creighton,Consumer,West
Magdelene Morse,Magdelene Morse,Consumer,West
Patrick Jones,Patrick Jones,Corporate,West
Laurel Workman,Laurel Workman,Corporate,East
James Galang,James Galang,Consumer,East
Mark Cousins,Mark Cousins,Corporate,Central
Shahid Shariari,Shahid Shariari,Consumer,Central
Ellis Ballard,Ellis Ballard,Corporate,South
Jim Karlsson,Jim Karlsson,Consumer,South
Corey Roper,Corey Roper,Home Office,East
Dianna Wilson,Dianna Wilson,Home Office,Central
Quincy Jones,Quincy Jones,Corporate,Central
Liz Thompson,Liz Thompson,Consumer,South
Stewart Visinsky,Stewart Visinsky,Consumer,South
Christine Kargatis,Christine Kargatis,Home Office,West
Steven Cartwright,Steven Cartwright,Consumer,West
Ross Baird,Ross Baird,Home Office,Central
Richard Eichhorn,Richard Eichhorn,Consumer,Central
Mark Packer,Mark Packer,Home Office,East
Bobby Trafton,Bobby Trafton,Consumer,East
Bryan Mills,Bryan Mills,Consumer,East
Valerie Takahito,Valerie Takahito,Home Office,Central
Grant Thornton,Grant Thornton,Corporate,East
Sarah Bern,Sarah Bern,Consumer,Central
Nick Radford,Nick Radford,Consumer,Central
Bart Pistole,Bart Pistole,Corporate,Central
Rick Duston,Rick Duston,Consumer,East
Katrina Edelman,Katrina Edelman,Corporate,South
Carlos Soltero,Carlos Soltero,Consumer,West
Brosina Hoffman,Brosina Hoffman,Consumer,West
Frank Olsen,Frank Olsen,Consumer,South
Carl Weiss,Carl Weiss,Home Office,Central
Chuck Magee,Chuck Magee,Consumer,West
Thomas Seio,Thomas Seio,Corporate,West
Heather Kirkland,Heather Kirkland,Corporate,Central
Filia McAdams,Filia McAdams,Corporate,West
Sharelle Roach,Sharelle Roach,Home Office,Central
Pamela Stobb,Pamela Stobb,Consumer,Central
Kelly Lampkin,Kelly Lampkin,Corporate,Central
Sonia Cooley,Sonia Cooley,Consumer,Central
Duane Benoit,Duane Benoit,Consumer,East
Gary Hwang,Gary Hwang,Consumer,West
Jennifer Ferguson,Jennifer Ferguson,Consumer,Central
Mick Crebagga,Mick Crebagga,Consumer,West
Corey-Lock,Corey-Lock,Consumer,Central
Naresj Patel,Naresj Patel,Consumer,South
Dave Brooks,Dave Brooks,Consumer,East
Toby Braunhardt,Toby Braunhardt,Consumer,East
Natalie Webber,Natalie Webber,Consumer,East
Raymond Messe,Raymond Messe,Consumer,East
Stewart Visinsky,Stewart Visinsky,Consumer,West
Dianna Vittorini,Dianna Vittorini,Consumer,Central
Toby Braunhardt,Toby Braunhardt,Consumer,West
Joel Eaton,Joel Eaton,Consumer,West
Anna Andreadi,Anna Andreadi,Consumer,East
Brian Stugart,Brian Stugart,Consumer,East
Denise Leinenbach,Denise Leinenbach,Consumer,South
Liz Pelletier,Liz Pelletier,Consumer,West
Noel Staavos,Noel Staavos,Corporate,West
Grace Kelly,Grace Kelly,Corporate,West
Liz MacKendrick,Liz MacKendrick,Consumer,South
Cynthia Arntzen,Cynthia Arntzen,Consumer,East
Rob Williams,Rob Williams,Corporate,Central
Jim Karlsson,Jim Karlsson,Consumer,East
Dan Lawera,Dan Lawera,Consumer,East
Anthony Rawles,Anthony Rawles,Corporate,West
Michael Stewart,Michael Stewart,Corporate,Central
Cari Schnelling,Cari Schnelling,Consumer,East
Russell Applegate,Russell Applegate,Consumer,Central
Helen Abelman,Helen Abelman,Consumer,East
Brian DeCherney,Brian DeCherney,Consumer,South
Laurel Workman,Laurel Workman,Corporate,South
Eric Hoffmann,Eric Hoffmann,Consumer,East
Maxwell Schwartz,Maxwell Schwartz,Consumer,South
Don Miller,Don Miller,Corporate,South
Dennis Pardue,Dennis Pardue,Home Office,West
David Wiener,David Wiener,Corporate,South
Michael Chen,Michael Chen,Consumer,South
Dan Campbell,Dan Campbell,Consumer,Central
Emily Phan,Emily Phan,Consumer,East
Becky Castell,Becky Castell,Home Office,West
John Lee,John Lee,Consumer,East
Ed Braxton,Ed Braxton,Corporate,West
Michelle Huthwaite,Michelle Huthwaite,Consumer,East
Darrin Sayre,Darrin Sayre,Home Office,West
Gary Hansen,Gary Hansen,Home Office,West
Brian Moss,Brian Moss,Corporate,Central
Mark Hamilton,Mark Hamilton,Consumer,East
Laura Armstrong,Laura Armstrong,Corporate,East
Jamie Kunitz,Jamie Kunitz,Consumer,East
Ben Ferrer,Ben Ferrer,Home Office,West
Max Engle,Max Engle,Consumer,Central
Alyssa Crouse,Alyssa Crouse,Corporate,West
Clay Ludtke,Clay Ludtke,Consumer,West
Paul Van Hugh,Paul Van Hugh,Home Office,Central
Arthur Wiediger,Arthur Wiediger,Home Office,Central
Barbara Fisher,Barbara Fisher,Corporate,East
Shirley Schmidt,Shirley Schmidt,Home Office,East
Philip Brown,Philip Brown,Consumer,West
Shui Tom,Shui Tom,Consumer,East
Adrian Hane,Adrian Hane,Home Office,West
Jack Lebron,Jack Lebron,Consumer,East
Christine Abelman,Christine Abelman,Corporate,East
Eugene Moren,Eugene Moren,Home Office,West
Charles Crestani,Charles Crestani,Consumer,West
Scot Wooten,Scot Wooten,Consumer,East
Katherine Murray,Katherine Murray,Home Office,Central
Roger Demir,Roger Demir,Consumer,West
Patrick Gardner,Patrick Gardner,Consumer,Central
Michelle Ellison,Michelle Ellison,Corporate,West
Harry Marie,Harry Marie,Corporate,Central
Alejandro Ballentine,Alejandro Ballentine,Home Office,West
Erin Mull,Erin Mull,Consumer,East
John Lucas,John Lucas,Consumer,Central
Alejandro Grove,Alejandro Grove,Consumer,East
Arthur Gainer,Arthur Gainer,Consumer,West
Nick Crebassa,Nick Crebassa,Corporate,West
Ken Lonsdale,Ken Lonsdale,Consumer,West
Vicky Freymann,Vicky Freymann,Home Office,West
Sheri Gordon,Sheri Gordon,Consumer,South
Carl Ludwig,Carl Ludwig,Consumer,Central
Jack O'Briant,Jack O'Briant,Corporate,West
Luke Foster,Luke Foster,Consumer,Central
Giulietta Weimer,Giulietta Weimer,Consumer,West
Aaron Smayling,Aaron Smayling,Corporate,East
Barry Blumstein,Barry Blumstein,Corporate,West
Chloris Kastensmidt,Chloris Kastensmidt,Consumer,South
Tom Stivers,Tom Stivers,Corporate,West
Barbara Fisher,Barbara Fisher,Corporate,South
Ivan Liston,Ivan Liston,Consumer,West
Ann Steele,Ann Steele,Home Office,East
Nick Zandusky,Nick Zandusky,Home Office,Central
Berenike Kampe,Berenike Kampe,Consumer,East
Bruce Stewart,Bruce Stewart,Consumer,West
Valerie Dominguez,Valerie Dominguez,Consumer,West
Marina Lichtenstein,Marina Lichtenstein,Corporate,East
Stephanie Phelps,Stephanie Phelps,Corporate,East
Ricardo Sperren,Ricardo Sperren,Corporate,East
Chad Sievert,Chad Sievert,Consumer,West
Gary Zandusky,Gary Zandusky,Consumer,Central
Sonia Sunley,Sonia Sunley,Consumer,West
Roland Fjeld,Roland Fjeld,Consumer,South
Trudy Brown,Trudy Brown,Consumer,East
Matt Abelman,Matt Abelman,Home Office,Central
Lena Radford,Lena Radford,Consumer,West
Maria Bertelson,Maria Bertelson,Consumer,West
Tamara Manning,Tamara Manning,Consumer,West
Vivek Gonzalez,Vivek Gonzalez,Consumer,South
Emily Ducich,Emily Ducich,Home Office,West
Gene McClure,Gene McClure,Consumer,West
Matthew Grinstein,Matthew Grinstein,Home Office,West
Andy Gerbode,Andy Gerbode,Corporate,South
Joseph Holt,Joseph Holt,Consumer,West
Ken Lonsdale,Ken Lonsdale,Consumer,East
Charles Sheldon,Charles Sheldon,Corporate,East
Ben Wallace,Ben Wallace,Consumer,West
Lauren Leatherbury,Lauren Leatherbury,Consumer,South
Duane Huffman,Duane Huffman,Home Office,South
Christine Sundaresam,Christine Sundaresam,Consumer,South
Keith Herrera,Keith Herrera,Consumer,Central
Christine Sundaresam,Christine Sundaresam,Consumer,East
Troy Staebel,Troy Staebel,Consumer,East
Don Jones,Don Jones,Corporate,South
Ken Black,Ken Black,Corporate,Central
Bill Shonely,Bill Shonely,Corporate,South
Lena Hernandez,Lena Hernandez,Consumer,South
Maxwell Schwartz,Maxwell Schwartz,Consumer,East
Nick Crebassa,Nick Crebassa,Corporate,South
Craig Reiter,Craig Reiter,Consumer,Central
Deanra Eno,Deanra Eno,Home Office,East
Jeremy Pistek,Jeremy Pistek,Consumer,South
Rick Hansen,Rick Hansen,Consumer,East
Corey Roper,Corey Roper,Home Office,Central
Arthur Prichep,Arthur Prichep,Consumer,West
Robert Barroso,Robert Barroso,Corporate,West
Jennifer Patt,Jennifer Patt,Corporate,East
Dorothy Wardle,Dorothy Wardle,Corporate,South
Mitch Webber,Mitch Webber,Consumer,West
Janet Molinari,Janet Molinari,Corporate,West
Ryan Crowe,Ryan Crowe,Consumer,East
Joe Elijah,Joe Elijah,Consumer,Central
Karl Braun,Karl Braun,Consumer,East
Paul Prost,Paul Prost,Home Office,East
Frank Merwin,Frank Merwin,Home Office,West
Michael Moore,Michael Moore,Consumer,South
Corey Catlett,Corey Catlett,Corporate,South
Zuschuss Donatelli,Zuschuss Donatelli,Consumer,West
Hilary Holden,Hilary Holden,Corporate,West
Ryan Akin,Ryan Akin,Consumer,South
Annie Thurman,Annie Thurman,Consumer,East
Shirley Jackson,Shirley Jackson,Consumer,West
Lena Hernandez,Lena Hernandez,Consumer,East
Larry Tron,Larry Tron,Consumer,West
Jack Lebron,Jack Lebron,Consumer,Central
Bryan Mills,Bryan Mills,Consumer,Central
Clay Ludtke,Clay Ludtke,Consumer,East
Katherine Ducich,Katherine Ducich,Consumer,East
Justin MacKendrick,Justin MacKendrick,Consumer,East
Andy Gerbode,Andy Gerbode,Corporate,Central
Mathew Reese,Mathew Reese,Home Office,Central
Allen Goldenen,Allen Goldenen,Consumer,East
Nora Preis,Nora Preis,Consumer,East
Patrick Ryan,Patrick Ryan,Consumer,South
Victoria Pisteka,Victoria Pisteka,Corporate,West
Dennis Kane,Dennis Kane,Consumer,East
Sam Zeldin,Sam Zeldin,Home Office,Central
Lisa Ryan,Lisa Ryan,Corporate,West
Sean Braxton,Sean Braxton,Corporate,East
Tom Boeckenhauer,Tom Boeckenhauer,Consumer,Central
Marc Crier,Marc Crier,Consumer,West
Lisa Hazard,Lisa Hazard,Consumer,Central
Stefania Perrino,Stefania Perrino,Corporate,East
Ted Trevino,Ted Trevino,Consumer,South
Gary Zandusky,Gary Zandusky,Consumer,West
Becky Martin,Becky Martin,Consumer,Central
Kean Takahito,Kean Takahito,Consumer,Central
Karen Carlisle,Karen Carlisle,Corporate,South
Logan Currie,Logan Currie,Consumer,East
Chris Cortes,Chris Cortes,Consumer,Central
Daniel Lacy,Daniel Lacy,Consumer,South
Rick Reed,Rick Reed,Corporate,East
Nicole Fjeld,Nicole Fjeld,Home Office,East
Maribeth Schnelling,Maribeth Schnelling,Consumer,Central
Sandra Flanagan,Sandra Flanagan,Consumer,East
Dianna Arnett,Dianna Arnett,Home Office,South
Liz Willingham,Liz Willingham,Consumer,West
Luke Weiss,Luke Weiss,Consumer,East
Tom Ashbrook,Tom Ashbrook,Home Office,Central
Brad Norvell,Brad Norvell,Corporate,South
Pete Takahito,Pete Takahito,Consumer,Central
Becky Castell,Becky Castell,Home Office,Central
Jessica Myrick,Jessica Myrick,Consumer,East
Odella Nelson,Odella Nelson,Corporate,West
Resi Pölking,Resi Pölking,Consumer,West
Dan Campbell,Dan Campbell,Consumer,East
Erin Ashbrook,Erin Ashbrook,Corporate,South
Jennifer Braxton,Jennifer Braxton,Corporate,Central
Astrea Jones,Astrea Jones,Consumer,East
Scott Cohen,Scott Cohen,Corporate,Central
Cynthia Arntzen,Cynthia Arntzen,Consumer,South
John Castell,John Castell,Consumer,South
Darrin Martin,Darrin Martin,Consumer,East
Alex Avila,Alex Avila,Consumer,East
Monica Federle,Monica Federle,Corporate,East
Bradley Nguyen,Bradley Nguyen,Consumer,West
Nick Radford,Nick Radford,Consumer,West
Kean Takahito,Kean Takahito,Consumer,South
Joseph Airdo,Joseph Airdo,Consumer,West
Anthony Garverick,Anthony Garverick,Home Office,East
Sean Braxton,Sean Braxton,Corporate,Central
John Lee,John Lee,Consumer,South
Mike Caudle,Mike Caudle,Corporate,West
Neil Ducich,Neil Ducich,Corporate,West
Frank Atkinson,Frank Atkinson,Corporate,West
Jim Kriz,Jim Kriz,Home Office,West
Bill Shonely,Bill Shonely,Corporate,East
Sarah Brown,Sarah Brown,Consumer,Central
Mitch Webber,Mitch Webber,Consumer,East
Henry Goldwyn,Henry Goldwyn,Corporate,West
Michelle Arnett,Michelle Arnett,Home Office,West
Philip Fox,Philip Fox,Consumer,Central
Erica Smith,Erica Smith,Consumer,West
Duane Noonan,Duane Noonan,Consumer,East
Larry Hughes,Larry Hughes,Consumer,East
Sara Luxemburg,Sara Luxemburg,Home Office,East
Jack Garza,Jack Garza,Consumer,West
Matt Abelman,Matt Abelman,Home Office,East
Vivek Grady,Vivek Grady,Corporate,Central
Maribeth Schnelling,Maribeth Schnelling,Consumer,South
Adam Shillingsburg,Adam Shillingsburg,Consumer,East
Julie Prescott,Julie Prescott,Home Office,East
Sanjit Chand,Sanjit Chand,Consumer,Central
Brian Moss,Brian Moss,Corporate,West
Jim Kriz,Jim Kriz,Home Office,East
Thea Hudgings,Thea Hudgings,Corporate,East
Thomas Thornton,Thomas Thornton,Consumer,East
Julia Dunbar,Julia Dunbar,Consumer,West
Michelle Tran,Michelle Tran,Home Office,Central
Barry Franz,Barry Franz,Home Office,West
Michael Moore,Michael Moore,Consumer,Central
Dianna Arnett,Dianna Arnett,Home Office,East
Christopher Schild,Christopher Schild,Home Office,West
Karen Ferguson,Karen Ferguson,Home Office,West
Craig Molinari,Craig Molinari,Corporate,East
Kean Takahito,Kean Takahito,Consumer,West
Henry Goldwyn,Henry Goldwyn,Corporate,Central
Nicole Brennan,Nicole Brennan,Corporate,East
Thomas Seio,Thomas Seio,Corporate,East
Thea Hendricks,Thea Hendricks,Consumer,West
George Zrebassa,George Zrebassa,Corporate,East
Xylona Preis,Xylona Preis,Consumer,South
Keith Dawkins,Keith Dawkins,Corporate,South
Evan Bailliet,Evan Bailliet,Consumer,West
Suzanne McNair,Suzanne McNair,Corporate,East
Lisa DeCherney,Lisa DeCherney,Consumer,East
Paul Prost,Paul Prost,Home Office,West
Russell Applegate,Russell Applegate,Consumer,East
Doug Bickford,Doug Bickford,Consumer,West
Kelly Williams,Kelly Williams,Consumer,South
Dario Medina,Dario Medina,Corporate,East
Maya Herman,Maya Herman,Corporate,East
Ben Wallace,Ben Wallace,Consumer,South
Neil Französisch,Neil Französisch,Home Office,West
Erin Smith,Erin Smith,Corporate,West
Denny Ordway,Denny Ordway,Consumer,East
Russell D'Ascenzo,Russell D'Ascenzo,Consumer,Central
Beth Paige,Beth Paige,Consumer,Central
Sara Luxemburg,Sara Luxemburg,Home Office,South
Allen Rosenblatt,Allen Rosenblatt,Corporate,West
Joy Daniels,Joy Daniels,Consumer,West
David Flashing,David Flashing,Consumer,West
Chris Cortes,Chris Cortes,Consumer,East
Keith Herrera,Keith Herrera,Consumer,West
Brian Derr,Brian Derr,Consumer,East
Victoria Pisteka,Victoria Pisteka,Corporate,Central
Joy Daniels,Joy Daniels,Consumer,East
Alice McCarthy,Alice McCarthy,Corporate,Central
Xylona Preis,Xylona Preis,Consumer,West
Mathew Reese,Mathew Reese,Home Office,East
Jack Garza,Jack Garza,Consumer,South
Bart Pistole,Bart Pistole,Corporate,South
Craig Molinari,Craig Molinari,Corporate,Central
Richard Bierner,Richard Bierner,Consumer,East
Fred Chung,Fred Chung,Corporate,West
Tanja Norvell,Tanja Norvell,Home Office,West
Shirley Daniels,Shirley Daniels,Home Office,West
Jill Fjeld,Jill Fjeld,Consumer,East
Alan Shonely,Alan Shonely,Consumer,West
Helen Andreada,Helen Andreada,Consumer,West
Duane Noonan,Duane Noonan,Consumer,West
Barry Pond,Barry Pond,Corporate,Central
Sibella Parks,Sibella Parks,Corporate,East
Michelle Arnett,Michelle Arnett,Home Office,South
Zuschuss Carroll,Zuschuss Carroll,Consumer,West
Jim Epp,Jim Epp,Corporate,East
Toby Carlisle,Toby Carlisle,Consumer,East
Hunter Glantz,Hunter Glantz,Consumer,Central
Anna Chung,Anna Chung,Consumer,East
Dan Lawera,Dan Lawera,Consumer,South
Lynn Smith,Lynn Smith,Consumer,West
Evan Bailliet,Evan Bailliet,Consumer,Central
Tracy Blumstein,Tracy Blumstein,Consumer,Central
Alan Schoenberger,Alan Schoenberger,Corporate,South
Luke Schmidt,Luke Schmidt,Corporate,South
Edward Hooks,Edward Hooks,Corporate,East
Ivan Gibson,Ivan Gibson,Consumer,West
Eugene Hildebrand,Eugene Hildebrand,Home Office,West
Jeremy Farry,Jeremy Farry,Consumer,West
Rachel Payne,Rachel Payne,Corporate,West
Lindsay Shagiari,Lindsay Shagiari,Home Office,Central
Patrick O'Donnell,Patrick O'Donnell,Consumer,Central
Fred Hopkins,Fred Hopkins,Corporate,South
Frank Hawley,Frank Hawley,Corporate,South
Tracy Blumstein,Tracy Blumstein,Consumer,East
Sylvia Foulston,Sylvia Foulston,Corporate,West
Maureen Gastineau,Maureen Gastineau,Home Office,East
Nicole Brennan,Nicole Brennan,Corporate,South
Daniel Byrd,Daniel Byrd,Home Office,South
Arthur Prichep,Arthur Prichep,Consumer,South
Evan Henry,Evan Henry,Consumer,East
Angele Hood,Angele Hood,Consumer,West
Ross DeVincentis,Ross DeVincentis,Home Office,South
Todd Sumrall,Todd Sumrall,Corporate,West
Bill Tyler,Bill Tyler,Corporate,Central
Sue Ann Reed,Sue Ann Reed,Consumer,Central
Noah Childs,Noah Childs,Corporate,Central
Greg Guthrie,Greg Guthrie,Corporate,West
Anthony Jacobs,Anthony Jacobs,Corporate,East
Nancy Lomonaco,Nancy Lomonaco,Home Office,West
Anne McFarland,Anne McFarland,Consumer,East
Amy Cox,Amy Cox,Consumer,West
Ken Heidel,Ken Heidel,Corporate,South
Erin Ashbrook,Erin Ashbrook,Corporate,East
Suzanne McNair,Suzanne McNair,Corporate,Central
Russell Applegate,Russell Applegate,Consumer,West
Daniel Lacy,Daniel Lacy,Consumer,East
Deirdre Greer,Deirdre Greer,Corporate,East
Natalie DeCherney,Natalie DeCherney,Consumer,West
Paul Lucas,Paul Lucas,Home Office,West
Roger Demir,Roger Demir,Consumer,East
Shahid Hopkins,Shahid Hopkins,Consumer,West
Julie Kriz,Julie Kriz,Home Office,South
Liz Carlisle,Liz Carlisle,Consumer,East
Steven Ward,Steven Ward,Corporate,West
Patrick O'Brill,Patrick O'Brill,Consumer,Central
Denise Monton,Denise Monton,Corporate,East
Speros Goranitis,Speros Goranitis,Consumer,East
Stephanie Phelps,Stephanie Phelps,Corporate,Central
Annie Thurman,Annie Thurman,Consumer,South
Tracy Collins,Tracy Collins,Home Office,West
Shahid Hopkins,Shahid Hopkins,Consumer,South
Odella Nelson,Odella Nelson,Corporate,South
William Brown,William Brown,Consumer,West
Sam Zeldin,Sam Zeldin,Home Office,East
Tiffany House,Tiffany House,Corporate,West
MaryBeth Skach,MaryBeth Skach,Consumer,West
Nathan Mautz,Nathan Mautz,Home Office,East
Deanra Eno,Deanra Eno,Home Office,West
Maribeth Dona,Maribeth Dona,Consumer,East
Barry Gonzalez,Barry Gonzalez,Consumer,South
Steven Roelle,Steven Roelle,Home Office,South
George Ashbrook,George Ashbrook,Consumer,South
Lena Hernandez,Lena Hernandez,Consumer,West
Tamara Chand,Tamara Chand,Corporate,Central
Troy Blackwell,Troy Blackwell,Consumer,West
Bart Pistole,Bart Pistole,Corporate,East
Steven Cartwright,Steven Cartwright,Consumer,Central
Emily Burns,Emily Burns,Consumer,West
Benjamin Farhat,Benjamin Farhat,Home Office,East
Jeremy Pistek,Jeremy Pistek,Consumer,West
Ruben Dartt,Ruben Dartt,Consumer,West
Pete Kriz,Pete Kriz,Consumer,Central
Matt Abelman,Matt Abelman,Home Office,West
Brosina Hoffman,Brosina Hoffman,Consumer,Central
Tom Stivers,Tom Stivers,Corporate,East
Tracy Zic,Tracy Zic,Consumer,West
Karen Daniels,Karen Daniels,Consumer,Central
Roy Französisch,Roy Französisch,Consumer,Central
Darren Budd,Darren Budd,Corporate,Central
Denise Monton,Denise Monton,Corporate,South
Maris LaWare,Maris LaWare,Consumer,East
Candace McMahon,Candace McMahon,Corporate,Central
Chris Cortes,Chris Cortes,Consumer,South
Jeremy Lonsdale,Jeremy Lonsdale,Consumer,Central
Robert Marley,Robert Marley,Home Office,East
Jamie Frazer,Jamie Frazer,Consumer,South
Shahid Shariari,Shahid Shariari,Consumer,West
Peter Bühler,Peter Bühler,Consumer,Central
Justin Deggeller,Justin Deggeller,Corporate,West
Alan Barnes,Alan Barnes,Consumer,Central
Steven Roelle,Steven Roelle,Home Office,Central
Rick Huthwaite,Rick Huthwaite,Home Office,Central
Adam Hart,Adam Hart,Corporate,West
Yoseph Carroll,Yoseph Carroll,Corporate,East
Cassandra Brandow,Cassandra Brandow,Consumer,Central
Randy Bradley,Randy Bradley,Consumer,East
John Grady,John Grady,Corporate,West
Ann Blume,Ann Blume,Corporate,Central
MaryBeth Skach,MaryBeth Skach,Consumer,East
Julie Creighton,Julie Creighton,Corporate,Central
Carlos Soltero,Carlos Soltero,Consumer,East
Michael Kennedy,Michael Kennedy,Corporate,Central
Joe Kamberova,Joe Kamberova,Consumer,Central
Pierre Wener,Pierre Wener,Consumer,West
Dennis Bolton,Dennis Bolton,Home Office,West
Georgia Rosenberg,Georgia Rosenberg,Corporate,East
Alan Dominguez,Alan Dominguez,Home Office,East
John Murray,John Murray,Consumer,East
Ruben Dartt,Ruben Dartt,Consumer,East
Mitch Webber,Mitch Webber,Consumer,Central
Robert Marley,Robert Marley,Home Office,South
Dave Hallsten,Dave Hallsten,Corporate,South
Georgia Rosenberg,Georgia Rosenberg,Corporate,West
Steve Carroll,Steve Carroll,Home Office,West
Jason Klamczynski,Jason Klamczynski,Corporate,Central
Evan Henry,Evan Henry,Consumer,Central
Tony Chapman,Tony Chapman,Home Office,Central
Robert Barroso,Robert Barroso,Corporate,South
Susan Pistek,Susan Pistek,Consumer,West
Emily Ducich,Emily Ducich,Home Office,Central
Saphhira Shifley,Saphhira Shifley,Corporate,Central
Bobby Trafton,Bobby Trafton,Consumer,Central
Damala Kotsonis,Damala Kotsonis,Corporate,Central
Phillip Breyer,Phillip Breyer,Corporate,East
Sally Matthias,Sally Matthias,Consumer,West
Nat Gilpin,Nat Gilpin,Corporate,Central
Alyssa Tate,Alyssa Tate,Home Office,East
Nathan Gelder,Nathan Gelder,Consumer,East
Harold Pawlan,Harold Pawlan,Home Office,South
Harold Ryan,Harold Ryan,Corporate,West
Thea Hendricks,Thea Hendricks,Consumer,East
Vivek Gonzalez,Vivek Gonzalez,Consumer,West
Darren Koutras,Darren Koutras,Consumer,Central
Richard Bierner,Richard Bierner,Consumer,Central
Andy Reiter,Andy Reiter,Consumer,East
Laurel Workman,Laurel Workman,Corporate,West
Lynn Smith,Lynn Smith,Consumer,East
Luke Schmidt,Luke Schmidt,Corporate,West
Joel Eaton,Joel Eaton,Consumer,Central
Lindsay Shagiari,Lindsay Shagiari,Home Office,West
Natalie Webber,Natalie Webber,Consumer,West
Jack O'Briant,Jack O'Briant,Corporate,East
Duane Huffman,Duane Huffman,Home Office,West
Matthew Clasen,Matthew Clasen,Corporate,Central
Mary O'Rourke,Mary O'Rourke,Consumer,East
Brian Thompson,Brian Thompson,Consumer,Central
Sheri Gordon,Sheri Gordon,Consumer,West
Bart Folk,Bart Folk,Consumer,South
Philip Brown,Philip Brown,Consumer,East
Bill Stewart,Bill Stewart,Corporate,Central
Corey-Lock,Corey-Lock,Consumer,East
Alan Hwang,Alan Hwang,Consumer,West
Jeremy Lonsdale,Jeremy Lonsdale,Consumer,East
Randy Ferguson,Randy Ferguson,Corporate,South
Resi Pölking,Resi Pölking,Consumer,Central
Toby Ritter,Toby Ritter,Consumer,West
Toby Braunhardt,Toby Braunhardt,Consumer,South
Joe Kamberova,Joe Kamberova,Consumer,East
Matt Connell,Matt Connell,Corporate,Central
Matt Collins,Matt Collins,Consumer,Central
Elizabeth Moffitt,Elizabeth Moffitt,Corporate,South
David Philippe,David Philippe,Consumer,East
Michael Dominguez,Michael Dominguez,Corporate,Central
Katherine Nockton,Katherine Nockton,Corporate,East
Odella Nelson,Odella Nelson,Corporate,East
Nathan Gelder,Nathan Gelder,Consumer,Central
Cathy Prescott,Cathy Prescott,Corporate,East
Brendan Sweed,Brendan Sweed,Corporate,West
Nona Balk,Nona Balk,Corporate,East
Rob Lucas,Rob Lucas,Consumer,West
Roy Collins,Roy Collins,Consumer,South
Joni Blumstein,Joni Blumstein,Consumer,West
David Kendrick,David Kendrick,Corporate,Central
Roland Schwarz,Roland Schwarz,Corporate,West
Ryan Crowe,Ryan Crowe,Consumer,West
Berenike Kampe,Berenike Kampe,Consumer,Central
Ann Steele,Ann Steele,Home Office,West
Frank Preis,Frank Preis,Consumer,West
Erica Hernandez,Erica Hernandez,Home Office,West
Patrick O'Brill,Patrick O'Brill,Consumer,South
Thomas Boland,Thomas Boland,Corporate,Central
Tim Brockman,Tim Brockman,Consumer,West
Jim Karlsson,Jim Karlsson,Consumer,West
Denny Joy,Denny Joy,Corporate,West
Dario Medina,Dario Medina,Corporate,West
Cyma Kinney,Cyma Kinney,Corporate,West
Frank Preis,Frank Preis,Consumer,East
Thomas Seio,Thomas Seio,Corporate,Central
Sally Hughsby,Sally Hughsby,Corporate,West
Sally Matthias,Sally Matthias,Consumer,East
Philip Brown,Philip Brown,Consumer,South
Logan Haushalter,Logan Haushalter,Consumer,West
Craig Yedwab,Craig Yedwab,Corporate,Central
Nora Preis,Nora Preis,Consumer,West
Ellis Ballard,Ellis Ballard,Corporate,Central
Katherine Ducich,Katherine Ducich,Consumer,West
Randy Ferguson,Randy Ferguson,Corporate,West
Kimberly Carter,Kimberly Carter,Corporate,South
Ralph Arnett,Ralph Arnett,Consumer,Central
Bryan Mills,Bryan Mills,Consumer,South
Sung Shariari,Sung Shariari,Consumer,East
Cari Sayre,Cari Sayre,Corporate,Central
Tom Boeckenhauer,Tom Boeckenhauer,Consumer,East
Joy Daniels,Joy Daniels,Consumer,Central
Mick Crebagga,Mick Crebagga,Consumer,Central
Jas O'Carroll,Jas O'Carroll,Consumer,West
Sung Pak,Sung Pak,Corporate,Central
Ed Braxton,Ed Braxton,Corporate,East
Laurel Elliston,Laurel Elliston,Consumer,South
Ed Jacobs,Ed Jacobs,Consumer,Central
Kean Nguyen,Kean Nguyen,Corporate,South
Sean Christensen,Sean Christensen,Consumer,Central
Stefanie Holloman,Stefanie Holloman,Corporate,West
Chad Cunningham,Chad Cunningham,Home Office,West
Steve Chapman,Steve Chapman,Corporate,Central
Roy Französisch,Roy Französisch,Consumer,South
Erin Creighton,Erin Creighton,Consumer,East
Irene Maddox,Irene Maddox,Consumer,South
Mike Kennedy,Mike Kennedy,Consumer,South
Bart Pistole,Bart Pistole,Corporate,West
Adrian Barton,Adrian Barton,Consumer,Central
William Brown,William Brown,Consumer,Central
Tony Sayre,Tony Sayre,Consumer,South
Penelope Sewall,Penelope Sewall,Home Office,South
Carol Triggs,Carol Triggs,Consumer,West
Toby Carlisle,Toby Carlisle,Consumer,West
Michael Chen,Michael Chen,Consumer,West
John Castell,John Castell,Consumer,East
Dennis Pardue,Dennis Pardue,Home Office,South
Gary McGarr,Gary McGarr,Consumer,West
Tamara Willingham,Tamara Willingham,Home Office,East
Khloe Miller,Khloe Miller,Consumer,West
Nora Preis,Nora Preis,Consumer,Central
Bradley Talbott,Bradley Talbott,Home Office,East
Tiffany House,Tiffany House,Corporate,East
Michelle Ellison,Michelle Ellison,Corporate,Central
Sarah Foster,Sarah Foster,Consumer,Central
Craig Carreira,Craig Carreira,Consumer,South
Luke Foster,Luke Foster,Consumer,South
Adam Shillingsburg,Adam Shillingsburg,Consumer,West
Julie Creighton,Julie Creighton,Corporate,West
Andy Yotov,Andy Yotov,Corporate,East
Clytie Kelty,Clytie Kelty,Consumer,West
Christina Anderson,Christina Anderson,Consumer,Central
Kelly Lampkin,Kelly Lampkin,Corporate,West
Maureen Gnade,Maureen Gnade,Consumer,East
Alan Dominguez,Alan Dominguez,Home Office,Central
Alyssa Tate,Alyssa Tate,Home Office,West
Tamara Chand,Tamara Chand,Corporate,South
Thomas Brumley,Thomas Brumley,Home Office,East
Nathan Cano,Nathan Cano,Consumer,Central
Maribeth Dona,Maribeth Dona,Consumer,West
Sung Pak,Sung Pak,Corporate,East
Debra Catini,Debra Catini,Consumer,Central
Anthony Johnson,Anthony Johnson,Corporate,West
Michael Granlund,Michael Granlund,Home Office,Central
Zuschuss Carroll,Zuschuss Carroll,Consumer,Central
Shui Tom,Shui Tom,Consumer,West
Ricardo Emerson,Ricardo Emerson,Consumer,East
Stefania Perrino,Stefania Perrino,Corporate,Central
Alex Russell,Alex Russell,Corporate,East
Ken Brennan,Ken Brennan,Corporate,Central
Guy Armstrong,Guy Armstrong,Consumer,East
Dorothy Dickinson,Dorothy Dickinson,Consumer,South
Maureen Fritzler,Maureen Fritzler,Corporate,West
Katherine Murray,Katherine Murray,Home Office,East
James Lanier,James Lanier,Home Office,West
Gary Mitchum,Gary Mitchum,Home Office,East
Pamela Coakley,Pamela Coakley,Corporate,East
Claudia Bergmann,Claudia Bergmann,Corporate,East
Victoria Wilson,Victoria Wilson,Corporate,East
Sylvia Foulston,Sylvia Foulston,Corporate,Central
Amy Hunt,Amy Hunt,Consumer,Central
Andrew Gjertsen,Andrew Gjertsen,Corporate,South
Chris Selesnick,Chris Selesnick,Corporate,Central
Stefania Perrino,Stefania Perrino,Corporate,West
Cindy Schnelling,Cindy Schnelling,Corporate,East
Yana Sorensen,Yana Sorensen,Corporate,East
Karen Seio,Karen Seio,Corporate,South
Amy Hunt,Amy Hunt,Consumer,South
Scott Cohen,Scott Cohen,Corporate,East
Carl Weiss,Carl Weiss,Home Office,West
Cyra Reiten,Cyra Reiten,Home Office,South
Elizabeth Moffitt,Elizabeth Moffitt,Corporate,West
Sean Christensen,Sean Christensen,Consumer,West
Joseph Holt,Joseph Holt,Consumer,South
Jeremy Pistek,Jeremy Pistek,Consumer,Central
Karl Braun,Karl Braun,Consumer,Central
Pauline Webber,Pauline Webber,Corporate,East
Ken Heidel,Ken Heidel,Corporate,West
Allen Armold,Allen Armold,Consumer,Central
Rick Wilson,Rick Wilson,Corporate,West
Lori Olson,Lori Olson,Corporate,South
Victoria Wilson,Victoria Wilson,Corporate,West
Trudy Schmidt,Trudy Schmidt,Consumer,Central
Ivan Liston,Ivan Liston,Consumer,East
Damala Kotsonis,Damala Kotsonis,Corporate,South
Lisa Hazard,Lisa Hazard,Consumer,East
Frank Atkinson,Frank Atkinson,Corporate,Central
Sarah Jordon,Sarah Jordon,Consumer,West
Jill Fjeld,Jill Fjeld,Consumer,Central
Justin MacKendrick,Justin MacKendrick,Consumer,West
Roy Phan,Roy Phan,Corporate,Central
Rob Dowd,Rob Dowd,Consumer,West
Guy Thornton,Guy Thornton,Consumer,West
Ann Blume,Ann Blume,Corporate,West
Joe Elijah,Joe Elijah,Consumer,West
Pierre Wener,Pierre Wener,Consumer,East
Penelope Sewall,Penelope Sewall,Home Office,Central
Lindsay Castell,Lindsay Castell,Home Office,East
Erin Smith,Erin Smith,Corporate,East
Bill Tyler,Bill Tyler,Corporate,East
Nora Paige,Nora Paige,Consumer,West
Valerie Dominguez,Valerie Dominguez,Consumer,South
Dave Hallsten,Dave Hallsten,Corporate,West
Tracy Poddar,Tracy Poddar,Corporate,Central
Shui Tom,Shui Tom,Consumer,South
Dave Kipp,Dave Kipp,Consumer,West
Luke Foster,Luke Foster,Consumer,East
Alan Haines,Alan Haines,Corporate,East
Jennifer Jackson,Jennifer Jackson,Consumer,Central
John Lucas,John Lucas,Consumer,West
Eugene Moren,Eugene Moren,Home Office,East
Dana Kaydos,Dana Kaydos,Consumer,Central
Frank Olsen,Frank Olsen,Consumer,Central
Anthony Rawles,Anthony Rawles,Corporate,East
Toby Gnade,Toby Gnade,Consumer,South
Noel Staavos,Noel Staavos,Corporate,Central
Ken Black,Ken Black,Corporate,East
Toby Swindell,Toby Swindell,Consumer,Central
Edward Becker,Edward Becker,Corporate,South
Evan Bailliet,Evan Bailliet,Consumer,South
Karen Seio,Karen Seio,Corporate,West
Jeremy Ellison,Jeremy Ellison,Consumer,West
Maurice Satty,Maurice Satty,Consumer,South
Monica Federle,Monica Federle,Corporate,West
Christopher Martinez,Christopher Martinez,Consumer,South
Michael Stewart,Michael Stewart,Corporate,East
Harold Ryan,Harold Ryan,Corporate,East
Fred Hopkins,Fred Hopkins,Corporate,West
Berenike Kampe,Berenike Kampe,Consumer,West
Jesus Ocampo,Jesus Ocampo,Home Office,West
Dan Campbell,Dan Campbell,Consumer,South
Corinna Mitchell,Corinna Mitchell,Home Office,Central
Bart Watters,Bart Watters,Corporate,Central
Dave Hallsten,Dave Hallsten,Corporate,East
Bryan Mills,Bryan Mills,Consumer,West
Julia West,Julia West,Consumer,South
Debra Catini,Debra Catini,Consumer,South
Fred Wasserman,Fred Wasserman,Corporate,South
Dean Braden,Dean Braden,Consumer,Central
Alice McCarthy,Alice McCarthy,Corporate,West
Julia Dunbar,Julia Dunbar,Consumer,Central
Ben Peterman,Ben Peterman,Corporate,South
Dennis Pardue,Dennis Pardue,Home Office,Central
Cathy Prescott,Cathy Prescott,Corporate,West
Benjamin Venier,Benjamin Venier,Corporate,South
Ellis Ballard,Ellis Ballard,Corporate,West
Gene McClure,Gene McClure,Consumer,East
Alan Barnes,Alan Barnes,Consumer,West
John Huston,John Huston,Consumer,East
Chad McGuire,Chad McGuire,Consumer,East
Denny Ordway,Denny Ordway,Consumer,West
Daniel Raglin,Daniel Raglin,Home Office,Central
Fred Chung,Fred Chung,Corporate,Central
Ed Braxton,Ed Braxton,Corporate,Central
Scott Cohen,Scott Cohen,Corporate,South
Michael Oakman,Michael Oakman,Consumer,Central
John Dryer,John Dryer,Consumer,West
Jennifer Ferguson,Jennifer Ferguson,Consumer,West
Greg Guthrie,Greg Guthrie,Corporate,South
Carol Adams,Carol Adams,Corporate,West
Valerie Takahito,Valerie Takahito,Home Office,East
Mark Hamilton,Mark Hamilton,Consumer,South
Thomas Thornton,Thomas Thornton,Consumer,Central
Frank Merwin,Frank Merwin,Home Office,East
Peter Fuller,Peter Fuller,Consumer,Central
Ivan Gibson,Ivan Gibson,Consumer,East
Mick Crebagga,Mick Crebagga,Consumer,East
Jay Kimmel,Jay Kimmel,Consumer,West
Eugene Hildebrand,Eugene Hildebrand,Home Office,East
Sanjit Engle,Sanjit Engle,Consumer,East
Andy Reiter,Andy Reiter,Consumer,West
Robert Dilbeck,Robert Dilbeck,Home Office,West
Heather Jas,Heather Jas,Home Office,West
Eugene Barchas,Eugene Barchas,Consumer,West
Bill Tyler,Bill Tyler,Corporate,West
Sonia Sunley,Sonia Sunley,Consumer,Central
Anthony Witt,Anthony Witt,Consumer,West
Frank Preis,Frank Preis,Consumer,Central
Theone Pippenger,Theone Pippenger,Consumer,West
Brad Norvell,Brad Norvell,Corporate,East
George Ashbrook,George Ashbrook,Consumer,West
Nathan Cano,Nathan Cano,Consumer,West
Roland Fjeld,Roland Fjeld,Consumer,East
Michael Paige,Michael Paige,Corporate,Central
Olvera Toch,Olvera Toch,Consumer,Central
Erica Smith,Erica Smith,Consumer,Central
Theresa Swint,Theresa Swint,Corporate,South
Juliana Krohn,Juliana Krohn,Consumer,South
Annie Zypern,Annie Zypern,Consumer,West
Deborah Brumfield,Deborah Brumfield,Home Office,East
John Lucas,John Lucas,Consumer,East
Linda Southworth,Linda Southworth,Corporate,West
Jill Stevenson,Jill Stevenson,Corporate,West
Pierre Wener,Pierre Wener,Consumer,Central
Sue Ann Reed,Sue Ann Reed,Consumer,South
Joel Eaton,Joel Eaton,Consumer,South
Bart Watters,Bart Watters,Corporate,West
Tony Chapman,Tony Chapman,Home Office,West
Shirley Daniels,Shirley Daniels,Home Office,Central
Ken Black,Ken Black,Corporate,West
Jane Waco,Jane Waco,Corporate,East
Benjamin Patterson,Benjamin Patterson,Consumer,East
Paul Stevenson,Paul Stevenson,Home Office,Central
Patrick O'Brill,Patrick O'Brill,Consumer,West
Jennifer Braxton,Jennifer Braxton,Corporate,West
David Bremer,David Bremer,Corporate,South
Julia Barnett,Julia Barnett,Home Office,West
Stewart Visinsky,Stewart Visinsky,Consumer,East
Lena Cacioppo,Lena Cacioppo,Consumer,West
Anna Häberlin,Anna Häberlin,Corporate,Central
Laura Armstrong,Laura Armstrong,Corporate,Central
Alan Schoenberger,Alan Schoenberger,Corporate,East
Stuart Van,Stuart Van,Corporate,Central
Anna Gayman,Anna Gayman,Consumer,Central
Daniel Lacy,Daniel Lacy,Consumer,Central
Alejandro Ballentine,Alejandro Ballentine,Home Office,East
Max Engle,Max Engle,Consumer,South
James Galang,James Galang,Consumer,Central
Rose O'Brian,Rose O'Brian,Consumer,West
Ben Ferrer,Ben Ferrer,Home Office,Central
Claudia Bergmann,Claudia Bergmann,Corporate,West
Jesus Ocampo,Jesus Ocampo,Home Office,East
Hunter Glantz,Hunter Glantz,Consumer,West
Fred Chung,Fred Chung,Corporate,East
Tracy Hopkins,Tracy Hopkins,Home Office,South
Dianna Vittorini,Dianna Vittorini,Consumer,East
Odella Nelson,Odella Nelson,Corporate,Central
Anthony Jacobs,Anthony Jacobs,Corporate,West
Henry Goldwyn,Henry Goldwyn,Corporate,East
Sarah Brown,Sarah Brown,Consumer,West
Kristen Hastings,Kristen Hastings,Corporate,East
Nathan Mautz,Nathan Mautz,Home Office,Central
Craig Yedwab,Craig Yedwab,Corporate,South
Muhammed MacIntyre,Muhammed MacIntyre,Corporate,Central
Justin Hirsh,Justin Hirsh,Consumer,West
Ben Ferrer,Ben Ferrer,Home Office,South
Neil Knudson,Neil Knudson,Home Office,West
Chad Cunningham,Chad Cunningham,Home Office,East
Victoria Pisteka,Victoria Pisteka,Corporate,East
Edward Nazzal,Edward Nazzal,Consumer,East
Brendan Dodson,Brendan Dodson,Home Office,South
Janet Molinari,Janet Molinari,Corporate,Central
Bill Donatelli,Bill Donatelli,Consumer,Central
Stephanie Phelps,Stephanie Phelps,Corporate,West
Sample Company A,Sample Company A,Home Office,East
Muhammed Lee,Muhammed Lee,Consumer,South
Elizabeth Moffitt,Elizabeth Moffitt,Corporate,East
Carl Weiss,Carl Weiss,Home Office,East
Ashley Jarboe,Ashley Jarboe,Consumer,Central
Catherine Glotzbach,Catherine Glotzbach,Home Office,West
Katrina Edelman,Katrina Edelman,Corporate,Central
Tracy Collins,Tracy Collins,Home Office,East
Becky Pak,Becky Pak,Consumer,West
Lauren Leatherbury,Lauren Leatherbury,Consumer,West
Brenda Bowman,Brenda Bowman,Corporate,Central
Edward Becker,Edward Becker,Corporate,East
Eleni McCrary,Eleni McCrary,Corporate,West
Harold Dahlen,Harold Dahlen,Home Office,East
Maureen Gnade,Maureen Gnade,Consumer,Central
Max Jones,Max Jones,Consumer,South
Anthony Garverick,Anthony Garverick,Home Office,South
Trudy Glocke,Trudy Glocke,Consumer,West
Jim Epp,Jim Epp,Corporate,South
Brian Dahlen,Brian Dahlen,Consumer,South
Jonathan Howell,Jonathan Howell,Consumer,South
Laurel Elliston,Laurel Elliston,Consumer,East
Giulietta Baptist,Giulietta Baptist,Consumer,East
Frank Carlisle,Frank Carlisle,Home Office,East
Jennifer Jackson,Jennifer Jackson,Consumer,West
Penelope Sewall,Penelope Sewall,Home Office,East
Amy Cox,Amy Cox,Consumer,South
Peter Fuller,Peter Fuller,Consumer,West
Lycoris Saunders,Lycoris Saunders,Consumer,Central
Lena Creighton,Lena Creighton,Consumer,East
Skye Norling,Skye Norling,Home Office,West
Keith Herrera,Keith Herrera,Consumer,South
Harold Ryan,Harold Ryan,Corporate,South
Bruce Geld,Bruce Geld,Consumer,West
Maria Etezadi,Maria Etezadi,Home Office,Central
Stewart Carmichael,Stewart Carmichael,Corporate,West
Becky Castell,Becky Castell,Home Office,East
Emily Phan,Emily Phan,Consumer,South
Shaun Weien,Shaun Weien,Consumer,East
Rick Duston,Rick Duston,Consumer,West
Christine Sundaresam,Christine Sundaresam,Consumer,West
Mark Van Huff,Mark Van Huff,Consumer,Central
Cathy Hwang,Cathy Hwang,Home Office,East
Jill Fjeld,Jill Fjeld,Consumer,West
Dennis Bolton,Dennis Bolton,Home Office,East
Valerie Dominguez,Valerie Dominguez,Consumer,Central
Mark Packer,Mark Packer,Home Office,South
Craig Yedwab,Craig Yedwab,Corporate,West
Dorothy Wardle,Dorothy Wardle,Corporate,East
Neil Französisch,Neil Französisch,Home Office,Central
Steven Cartwright,Steven Cartwright,Consumer,East
Michelle Moray,Michelle Moray,Consumer,East
Sheri Gordon,Sheri Gordon,Consumer,East
Karl Braun,Karl Braun,Consumer,South
Frank Atkinson,Frank Atkinson,Corporate,South
Steven Roelle,Steven Roelle,Home Office,East
Rob Haberlin,Rob Haberlin,Consumer,Central
Bruce Degenhardt,Bruce Degenhardt,Consumer,South
Julie Prescott,Julie Prescott,Home Office,West
Irene Maddox,Irene Maddox,Consumer,Central
Victor Preis,Victor Preis,Home Office,Central
Kalyca Meade,Kalyca Meade,Corporate,East
Darrin Martin,Darrin Martin,Consumer,Central
Kean Nguyen,Kean Nguyen,Corporate,Central
Brian Thompson,Brian Thompson,Consumer,East
Matt Collins,Matt Collins,Consumer,East
Emily Burns,Emily Burns,Consumer,South
Mike Vittorini,Mike Vittorini,Consumer,West
Eric Hoffmann,Eric Hoffmann,Consumer,West
Todd Sumrall,Todd Sumrall,Corporate,East
Clytie Kelty,Clytie Kelty,Consumer,East
Shahid Collister,Shahid Collister,Consumer,West
Fred McMath,Fred McMath,Consumer,Central
Rob Lucas,Rob Lucas,Consumer,Central
Sara Luxemburg,Sara Luxemburg,Home Office,Central
Natalie DeCherney,Natalie DeCherney,Consumer,East
Toby Gnade,Toby Gnade,Consumer,West
Michael Granlund,Michael Granlund,Home Office,East
Katrina Edelman,Katrina Edelman,Corporate,East
Victoria Brennan,Victoria Brennan,Corporate,Central
Jessica Myrick,Jessica Myrick,Consumer,West
Michael Paige,Michael Paige,Corporate,South
Roland Fjeld,Roland Fjeld,Consumer,West
Pauline Johnson,Pauline Johnson,Consumer,East
Karen Carlisle,Karen Carlisle,Corporate,East
Thais Sissman,Thais Sissman,Consumer,West
Ralph Kennedy,Ralph Kennedy,Consumer,Central
Melanie Seite,Melanie Seite,Consumer,East
Shirley Schmidt,Shirley Schmidt,Home Office,South
Russell D'Ascenzo,Russell D'Ascenzo,Consumer,West
Michelle Huthwaite,Michelle Huthwaite,Consumer,West
Ross Baird,Ross Baird,Home Office,East
Yana Sorensen,Yana Sorensen,Corporate,South
Cynthia Arntzen,Cynthia Arntzen,Consumer,West
Alan Shonely,Alan Shonely,Consumer,East
Patrick Gardner,Patrick Gardner,Consumer,South
Corey Catlett,Corey Catlett,Corporate,Central
Gary Hansen,Gary Hansen,Home Office,Central
Allen Rosenblatt,Allen Rosenblatt,Corporate,South
Darren Koutras,Darren Koutras,Consumer,West
Brad Eason,Brad Eason,Home Office,East
Corey-Lock,Corey-Lock,Consumer,West
Rachel Payne,Rachel Payne,Corporate,Central
Noel Staavos,Noel Staavos,Corporate,East
Kelly Williams,Kelly Williams,Consumer,Central
Parhena Norris,Parhena Norris,Home Office,West
Eudokia Martin,Eudokia Martin,Corporate,South
Rob Dowd,Rob Dowd,Consumer,East
Denny Blanton,Denny Blanton,Consumer,East
Thomas Thornton,Thomas Thornton,Consumer,West
Hallie Redmond,Hallie Redmond,Home Office,Central
Naresj Patel,Naresj Patel,Consumer,East
David Smith,David Smith,Corporate,Central
Julie Kriz,Julie Kriz,Home Office,Central
Barry Weirich,Barry Weirich,Consumer,South
Philisse Overcash,Philisse Overcash,Home Office,East
Clytie Kelty,Clytie Kelty,Consumer,South
Grace Kelly,Grace Kelly,Corporate,South
Sandra Flanagan,Sandra Flanagan,Consumer,West
Ed Jacobs,Ed Jacobs,Consumer,East
Richard Eichhorn,Richard Eichhorn,Consumer,West
Tim Taslimi,Tim Taslimi,Corporate,West
John Murray,John Murray,Consumer,West
Joni Wasserman,Joni Wasserman,Consumer,East
Shaun Chance,Shaun Chance,Corporate,East
Henry Goldwyn,Henry Goldwyn,Corporate,South
David Smith,David Smith,Corporate,West
Sean Miller,Sean Miller,Home Office,East
Nick Zandusky,Nick Zandusky,Home Office,West
Roger Barcio,Roger Barcio,Home Office,East
Dave Poirier,Dave Poirier,Corporate,East
Tamara Dahlen,Tamara Dahlen,Consumer,Central
Fred Harton,Fred Harton,Consumer,South
Katrina Willman,Katrina Willman,Consumer,South
Shahid Collister,Shahid Collister,Consumer,East
Maurice Satty,Maurice Satty,Consumer,East
Eleni McCrary,Eleni McCrary,Corporate,East
Philip Fox,Philip Fox,Consumer,West
Ryan Akin,Ryan Akin,Consumer,West
Todd Sumrall,Todd Sumrall,Corporate,Central
Cassandra Brandow,Cassandra Brandow,Consumer,West
Ben Peterman,Ben Peterman,Corporate,Central
Chad Cunningham,Chad Cunningham,Home Office,Central
Andrew Roberts,Andrew Roberts,Consumer,West
Rick Huthwaite,Rick Huthwaite,Home Office,West
Daniel Raglin,Daniel Raglin,Home Office,East
Jennifer Braxton,Jennifer Braxton,Corporate,East
David Bremer,David Bremer,Corporate,West
Mike Gockenbach,Mike Gockenbach,Consumer,East
Julie Creighton,Julie Creighton,Corporate,South
Tamara Willingham,Tamara Willingham,Home Office,South
Cathy Armstrong,Cathy Armstrong,Home Office,Central
Alyssa Tate,Alyssa Tate,Home Office,South
Lori Olson,Lori Olson,Corporate,West
Chuck Clark,Chuck Clark,Home Office,East
Shaun Weien,Shaun Weien,Consumer,South
Cyma Kinney,Cyma Kinney,Corporate,South
Lisa Ryan,Lisa Ryan,Corporate,East
Marc Crier,Marc Crier,Consumer,East
Charles Crestani,Charles Crestani,Consumer,Central
Tanja Norvell,Tanja Norvell,Home Office,East
Andy Gerbode,Andy Gerbode,Corporate,East
Victoria Wilson,Victoria Wilson,Corporate,South
Neoma Murray,Neoma Murray,Consumer,West
Matt Collins,Matt Collins,Consumer,West
Bobby Odegard,Bobby Odegard,Consumer,East
Alex Russell,Alex Russell,Corporate,Central
Aimee Bixby,Aimee Bixby,Consumer,Central
Skye Norling,Skye Norling,Home Office,East
George Bell,George Bell,Corporate,West
Don Miller,Don Miller,Corporate,East
Sean Braxton,Sean Braxton,Corporate,West
Tamara Manning,Tamara Manning,Consumer,East
Craig Carreira,Craig Carreira,Consumer,West
Paul Gonzalez,Paul Gonzalez,Consumer,East
Ken Dana,Ken Dana,Corporate,West
Arthur Gainer,Arthur Gainer,Consumer,Central
Anne McFarland,Anne McFarland,Consumer,South
Harry Greene,Harry Greene,Consumer,East
Brad Eason,Brad Eason,Home Office,Central
Craig Carroll,Craig Carroll,Consumer,East
Ann Chong,Ann Chong,Corporate,East
Natalie Webber,Natalie Webber,Consumer,South
Brendan Murry,Brendan Murry,Corporate,East
Nat Gilpin,Nat Gilpin,Corporate,South
Carol Triggs,Carol Triggs,Consumer,Central
Bradley Drucker,Bradley Drucker,Consumer,South
Peter Fuller,Peter Fuller,Consumer,East
Meg O'Connel,Meg O'Connel,Home Office,West
Cari Sayre,Cari Sayre,Corporate,West
Lindsay Shagiari,Lindsay Shagiari,Home Office,East
Denny Blanton,Denny Blanton,Consumer,South
Charlotte Melton,Charlotte Melton,Consumer,West
Ken Heidel,Ken Heidel,Corporate,East
Justin Ritter,Justin Ritter,Corporate,South
Adam Bellavance,Adam Bellavance,Home Office,West
Tracy Collins,Tracy Collins,Home Office,South
Giulietta Weimer,Giulietta Weimer,Consumer,East
Nicole Hansen,Nicole Hansen,Corporate,South
Frank Carlisle,Frank Carlisle,Home Office,West
Theone Pippenger,Theone Pippenger,Consumer,Central
Anne McFarland,Anne McFarland,Consumer,West
Tamara Chand,Tamara Chand,Corporate,East
Duane Huffman,Duane Huffman,Home Office,East
Giulietta Baptist,Giulietta Baptist,Consumer,South
Dario Medina,Dario Medina,Corporate,Central
Sanjit Jacobs,Sanjit Jacobs,Home Office,South
Daniel Lacy,Daniel Lacy,Consumer,West
Frank Olsen,Frank Olsen,Consumer,East
Michael Grace,Michael Grace,Home Office,South
Muhammed MacIntyre,Muhammed MacIntyre,Corporate,West
Shaun Chance,Shaun Chance,Corporate,West
Jamie Frazer,Jamie Frazer,Consumer,East
Maria Bertelson,Maria Bertelson,Consumer,East
Marc Crier,Marc Crier,Consumer,South
Carlos Meador,Carlos Meador,Consumer,West
Deanra Eno,Deanra Eno,Home Office,Central
Max Engle,Max Engle,Consumer,West
Steve Carroll,Steve Carroll,Home Office,Central
Dan Reichenbach,Dan Reichenbach,Corporate,East
Marina Lichtenstein,Marina Lichtenstein,Corporate,South
Phillina Ober,Phillina Ober,Home Office,East
Erica Hackney,Erica Hackney,Consumer,East
Sarah Brown,Sarah Brown,Consumer,East
Philip Fox,Philip Fox,Consumer,East
Sarah Foster,Sarah Foster,Consumer,East
Bryan Spruell,Bryan Spruell,Home Office,West
Tracy Blumstein,Tracy Blumstein,Consumer,West
Neoma Murray,Neoma Murray,Consumer,Central
Helen Wasserman,Helen Wasserman,Corporate,Central
Jamie Kunitz,Jamie Kunitz,Consumer,South
Saphhira Shifley,Saphhira Shifley,Corporate,West
Jennifer Jackson,Jennifer Jackson,Consumer,East
Roy Phan,Roy Phan,Corporate,West
Eric Murdock,Eric Murdock,Consumer,Central
Eric Murdock,Eric Murdock,Consumer,West
Nora Pelletier,Nora Pelletier,Home Office,South
Henry MacAllister,Henry MacAllister,Consumer,West
Chloris Kastensmidt,Chloris Kastensmidt,Consumer,West
Michael Paige,Michael Paige,Corporate,East
Mary Zewe,Mary Zewe,Corporate,East
Julie Kriz,Julie Kriz,Home Office,East
Denny Joy,Denny Joy,Corporate,South
Joel Jenkins,Joel Jenkins,Home Office,South
Sylvia Foulston,Sylvia Foulston,Corporate,East
Gene Hale,Gene Hale,Corporate,Central
Dave Kipp,Dave Kipp,Consumer,South
Tim Brockman,Tim Brockman,Consumer,East
Sonia Cooley,Sonia Cooley,Consumer,South
David Philippe,David Philippe,Consumer,Central
Katherine Nockton,Katherine Nockton,Corporate,West
John Dryer,John Dryer,Consumer,South
Sean O'Donnell,Sean O'Donnell,Consumer,South
Shahid Hopkins,Shahid Hopkins,Consumer,East
Kelly Andreada,Kelly Andreada,Consumer,West
Ralph Kennedy,Ralph Kennedy,Consumer,East
Art Foster,Art Foster,Consumer,South
Claire Gute,Claire Gute,Consumer,Central
Kristina Nunn,Kristina Nunn,Home Office,Central
John Castell,John Castell,Consumer,West
Nicole Hansen,Nicole Hansen,Corporate,Central
Cari Schnelling,Cari Schnelling,Consumer,Central
Robert Marley,Robert Marley,Home Office,West
Liz Thompson,Liz Thompson,Consumer,Central
Gene McClure,Gene McClure,Consumer,South
Craig Carroll,Craig Carroll,Consumer,Central
Jay Fein,Jay Fein,Consumer,West
Andrew Gjertsen,Andrew Gjertsen,Corporate,West
Ralph Arnett,Ralph Arnett,Consumer,South
Andrew Gjertsen,Andrew Gjertsen,Corporate,Central
Heather Kirkland,Heather Kirkland,Corporate,East
Deirdre Greer,Deirdre Greer,Corporate,West
Trudy Brown,Trudy Brown,Consumer,West
Maribeth Yedwab,Maribeth Yedwab,Corporate,West
Kristen Hastings,Kristen Hastings,Corporate,West
Nona Balk,Nona Balk,Corporate,West
Cathy Hwang,Cathy Hwang,Home Office,Central
Thomas Thornton,Thomas Thornton,Consumer,South
Barry Französisch,Barry Französisch,Corporate,East
Harold Pawlan,Harold Pawlan,Home Office,Central
Sandra Glassco,Sandra Glassco,Consumer,West
Valerie Mitchum,Valerie Mitchum,Home Office,East
MaryBeth Skach,MaryBeth Skach,Consumer,South
Valerie Dominguez,Valerie Dominguez,Consumer,East
Justin Hirsh,Justin Hirsh,Consumer,East
Jeremy Farry,Jeremy Farry,Consumer,East
Kelly Collister,Kelly Collister,Consumer,West
Emily Grady,Emily Grady,Consumer,South
Barry Blumstein,Barry Blumstein,Corporate,Central
Emily Ducich,Emily Ducich,Home Office,East
Liz Thompson,Liz Thompson,Consumer,West
Corinna Mitchell,Corinna Mitchell,Home Office,West
Fred Hopkins,Fred Hopkins,Corporate,East
George Bell,George Bell,Corporate,South
Christy Brittain,Christy Brittain,Consumer,East
Meg Tillman,Meg Tillman,Consumer,West
Karen Bern,Karen Bern,Corporate,West
Christine Phan,Christine Phan,Corporate,South
Doug O'Connell,Doug O'Connell,Consumer,Central
Karen Bern,Karen Bern,Corporate,East
Mike Caudle,Mike Caudle,Corporate,East
Noel Staavos,Noel Staavos,Corporate,South
Rob Haberlin,Rob Haberlin,Consumer,South
Duane Benoit,Duane Benoit,Consumer,Central
Keith Dawkins,Keith Dawkins,Corporate,East
Maria Zettner,Maria Zettner,Home Office,West
Rob Dowd,Rob Dowd,Consumer,Central
Shaun Weien,Shaun Weien,Consumer,West
Amy Cox,Amy Cox,Consumer,East
Anthony Garverick,Anthony Garverick,Home Office,Central
Adam Shillingsburg,Adam Shillingsburg,Consumer,Central
Charlotte Melton,Charlotte Melton,Consumer,East
Dean percer,Dean percer,Home Office,East
Philisse Overcash,Philisse Overcash,Home Office,Central
Sam Craven,Sam Craven,Consumer,East
Yoseph Carroll,Yoseph Carroll,Corporate,West
Eugene Barchas,Eugene Barchas,Consumer,East
Monica Federle,Monica Federle,Corporate,Central
Joe Kamberova,Joe Kamberova,Consumer,South
Allen Armold,Allen Armold,Consumer,South
Fred McMath,Fred McMath,Consumer,South
Arthur Wiediger,Arthur Wiediger,Home Office,West
Helen Abelman,Helen Abelman,Consumer,Central
Lycoris Saunders,Lycoris Saunders,Consumer,East
Patrick Jones,Patrick Jones,Corporate,East
Patrick Jones,Patrick Jones,Corporate,South
Dean Katz,Dean Katz,Corporate,Central
Mike Pelletier,Mike Pelletier,Home Office,Central
Heather Kirkland,Heather Kirkland,Corporate,West
Anna Andreadi,Anna Andreadi,Consumer,Central
Brian Stugart,Brian Stugart,Consumer,West
Greg Hansen,Greg Hansen,Consumer,Central
Brian Moss,Brian Moss,Corporate,East
Katrina Bavinger,Katrina Bavinger,Home Office,West
Chris Selesnick,Chris Selesnick,Corporate,West
Patrick Bzostek,Patrick Bzostek,Home Office,West
Kelly Williams,Kelly Williams,Consumer,West
Grace Kelly,Grace Kelly,Corporate,Central
Sung Shariari,Sung Shariari,Consumer,South
Joel Eaton,Joel Eaton,Consumer,East
John Huston,John Huston,Consumer,South
Denise Leinenbach,Denise Leinenbach,Consumer,Central
Shahid Shariari,Shahid Shariari,Consumer,East
Eudokia Martin,Eudokia Martin,Corporate,West
Irene Maddox,Irene Maddox,Consumer,East
Nathan Gelder,Nathan Gelder,Consumer,West
Meg O'Connel,Meg O'Connel,Home Office,Central
Brosina Hoffman,Brosina Hoffman,Consumer,South
Anne Pryor,Anne Pryor,Home Office,Central
Darren Powers,Darren Powers,Consumer,West
Sandra Flanagan,Sandra Flanagan,Consumer,South
Erin Ashbrook,Erin Ashbrook,Corporate,Central
Stefanie Holloman,Stefanie Holloman,Corporate,South
Carlos Daly,Carlos Daly,Consumer,West
Justin Deggeller,Justin Deggeller,Corporate,East
Thomas Brumley,Thomas Brumley,Home Office,South
Jeremy Ellison,Jeremy Ellison,Consumer,East
Denny Ordway,Denny Ordway,Consumer,South
Tom Prescott,Tom Prescott,Consumer,East
Lena Creighton,Lena Creighton,Consumer,Central
Dan Reichenbach,Dan Reichenbach,Corporate,Central
Mark Cousins,Mark Cousins,Corporate,East
Ashley Jarboe,Ashley Jarboe,Consumer,West
Anthony Witt,Anthony Witt,Consumer,Central
Phillina Ober,Phillina Ober,Home Office,West
William Brown,William Brown,Consumer,East
Janet Lee,Janet Lee,Consumer,East
Paul Stevenson,Paul Stevenson,Home Office,South
Lena Radford,Lena Radford,Consumer,South
Deborah Brumfield,Deborah Brumfield,Home Office,Central
Raymond Messe,Raymond Messe,Consumer,South
Ann Blume,Ann Blume,Corporate,South
Lindsay Castell,Lindsay Castell,Home Office,West
Logan Currie,Logan Currie,Consumer,West
Tamara Willingham,Tamara Willingham,Home Office,West
Dean Katz,Dean Katz,Corporate,East
Bill Stewart,Bill Stewart,Corporate,East
Harold Pawlan,Harold Pawlan,Home Office,East
Ritsa Hightower,Ritsa Hightower,Consumer,South
Harry Marie,Harry Marie,Corporate,West
Maribeth Schnelling,Maribeth Schnelling,Consumer,East
Rose O'Brian,Rose O'Brian,Consumer,South
Sean O'Donnell,Sean O'Donnell,Consumer,East
Tim Brockman,Tim Brockman,Consumer,Central
Rick Reed,Rick Reed,Corporate,South
Stephanie Ulpright,Stephanie Ulpright,Home Office,Central
Sandra Flanagan,Sandra Flanagan,Consumer,Central
Matt Hagelstein,Matt Hagelstein,Corporate,West
Katherine Murray,Katherine Murray,Home Office,West
Katrina Willman,Katrina Willman,Consumer,Central
Nora Pelletier,Nora Pelletier,Home Office,Central
Art Ferguson,Art Ferguson,Consumer,West
Darren Koutras,Darren Koutras,Consumer,South
Melanie Seite,Melanie Seite,Consumer,West
Alan Hwang,Alan Hwang,Consumer,East
Joel Jenkins,Joel Jenkins,Home Office,Central
Yana Sorensen,Yana Sorensen,Corporate,West
Tonja Turnell,Tonja Turnell,Home Office,Central
Julia West,Julia West,Consumer,Central
Ryan Akin,Ryan Akin,Consumer,East
Keith Dawkins,Keith Dawkins,Corporate,Central
Khloe Miller,Khloe Miller,Consumer,South
Irene Maddox,Irene Maddox,Consumer,West
Gary Hwang,Gary Hwang,Consumer,South
Cynthia Arntzen,Cynthia Arntzen,Consumer,Central
Stuart Calhoun,Stuart Calhoun,Consumer,Central
Karen Daniels,Karen Daniels,Consumer,West
Eric Murdock,Eric Murdock,Consumer,East
Helen Abelman,Helen Abelman,Consumer,West
Dennis Kane,Dennis Kane,Consumer,West
Joni Blumstein,Joni Blumstein,Consumer,Central
Doug Jacobs,Doug Jacobs,Consumer,West
Darren Budd,Darren Budd,Corporate,West
Natalie Fritzler,Natalie Fritzler,Consumer,East
Paul Gonzalez,Paul Gonzalez,Consumer,West
John Lee,John Lee,Consumer,Central
Michael Kennedy,Michael Kennedy,Corporate,West
Liz MacKendrick,Liz MacKendrick,Consumer,East
Eileen Kiefer,Eileen Kiefer,Home Office,Central
Patrick Ryan,Patrick Ryan,Consumer,Central
Arthur Gainer,Arthur Gainer,Consumer,East
Jay Kimmel,Jay Kimmel,Consumer,East
Peter McVee,Peter McVee,Home Office,East
James Galang,James Galang,Consumer,West
Chad Sievert,Chad Sievert,Consumer,Central
Katherine Ducich,Katherine Ducich,Consumer,Central
Evan Minnotte,Evan Minnotte,Home Office,South
John Murray,John Murray,Consumer,South
Roger Demir,Roger Demir,Consumer,South
John Stevenson,John Stevenson,Consumer,West
Elpida Rittenbach,Elpida Rittenbach,Corporate,West
Adam Hart,Adam Hart,Corporate,East
Lynn Smith,Lynn Smith,Consumer,South
Beth Thompson,Beth Thompson,Home Office,Central
Jim Radford,Jim Radford,Consumer,West
Maribeth Schnelling,Maribeth Schnelling,Consumer,West
David Bremer,David Bremer,Corporate,East
Joni Blumstein,Joni Blumstein,Consumer,East
Ralph Arnett,Ralph Arnett,Consumer,West
Maria Bertelson,Maria Bertelson,Consumer,South
Sean Miller,Sean Miller,Home Office,West
Dionis Lloyd,Dionis Lloyd,Corporate,Central
Roger Barcio,Roger Barcio,Home Office,Central
David Flashing,David Flashing,Consumer,East
Brian Dahlen,Brian Dahlen,Consumer,East
Sung Pak,Sung Pak,Corporate,South
Steve Nguyen,Steve Nguyen,Home Office,Central
Maribeth Dona,Maribeth Dona,Consumer,South
Brad Thomas,Brad Thomas,Home Office,East
Fred Harton,Fred Harton,Consumer,Central
Roy Französisch,Roy Französisch,Consumer,East
Barry Gonzalez,Barry Gonzalez,Consumer,Central
Trudy Brown,Trudy Brown,Consumer,Central
Bill Overfelt,Bill Overfelt,Corporate,Central
Christine Abelman,Christine Abelman,Corporate,Central
Ben Peterman,Ben Peterman,Corporate,East
Erica Bern,Erica Bern,Corporate,South
Dianna Wilson,Dianna Wilson,Home Office,West
Jack O'Briant,Jack O'Briant,Corporate,Central
Vivek Sundaresam,Vivek Sundaresam,Consumer,South
Laura Armstrong,Laura Armstrong,Corporate,West
Maureen Fritzler,Maureen Fritzler,Corporate,East
Joy Bell-,Joy Bell-,Consumer,West
Anna Gayman,Anna Gayman,Consumer,South
Roy Collins,Roy Collins,Consumer,East
Bill Eplett,Bill Eplett,Home Office,East
Dionis Lloyd,Dionis Lloyd,Corporate,South
Tamara Dahlen,Tamara Dahlen,Consumer,West
Carlos Meador,Carlos Meador,Consumer,South
Christy Brittain,Christy Brittain,Consumer,West
Todd Boyes,Todd Boyes,Corporate,East
Harold Engle,Harold Engle,Corporate,Central
David Flashing,David Flashing,Consumer,Central
Jason Klamczynski,Jason Klamczynski,Corporate,East
Suzanne McNair,Suzanne McNair,Corporate,West
Adrian Barton,Adrian Barton,Consumer,East
Sanjit Engle,Sanjit Engle,Consumer,South
Liz Carlisle,Liz Carlisle,Consumer,South
Paul Prost,Paul Prost,Home Office,South
Christina Anderson,Christina Anderson,Consumer,South
Erica Bern,Erica Bern,Corporate,West
Bobby Elias,Bobby Elias,Consumer,East
Cathy Hwang,Cathy Hwang,Home Office,South
Mark Haberlin,Mark Haberlin,Corporate,Central
Justin Ritter,Justin Ritter,Corporate,West
Phillip Breyer,Phillip Breyer,Corporate,Central
John Stevenson,John Stevenson,Consumer,South
Ross DeVincentis,Ross DeVincentis,Home Office,West
Dave Kipp,Dave Kipp,Consumer,East
Patrick Gardner,Patrick Gardner,Consumer,East
Giulietta Weimer,Giulietta Weimer,Consumer,South
John Dryer,John Dryer,Consumer,East
Greg Tran,Greg Tran,Consumer,West
Alan Hwang,Alan Hwang,Consumer,South
Matthew Clasen,Matthew Clasen,Corporate,West
Lindsay Castell,Lindsay Castell,Home Office,South
Benjamin Venier,Benjamin Venier,Corporate,East
Alyssa Crouse,Alyssa Crouse,Corporate,East
Bruce Degenhardt,Bruce Degenhardt,Consumer,East
Eric Barreto,Eric Barreto,Consumer,Central
Don Weiss,Don Weiss,Consumer,Central
Lena Cacioppo,Lena Cacioppo,Consumer,East
Karen Daniels,Karen Daniels,Consumer,East
Alex Avila,Alex Avila,Consumer,Central
Brosina Hoffman,Brosina Hoffman,Consumer,East
Jason Gross,Jason Gross,Corporate,Central
Theresa Swint,Theresa Swint,Corporate,West
Craig Carreira,Craig Carreira,Consumer,Central
Michael Granlund,Michael Granlund,Home Office,West
Rick Duston,Rick Duston,Consumer,Central
Lena Cacioppo,Lena Cacioppo,Consumer,Central
Julia Barnett,Julia Barnett,Home Office,East
Brian DeCherney,Brian DeCherney,Consumer,East
Sanjit Jacobs,Sanjit Jacobs,Home Office,Central
Zuschuss Carroll,Zuschuss Carroll,Consumer,South
Rick Bensley,Rick Bensley,Home Office,East
Pamela Stobb,Pamela Stobb,Consumer,East
Caroline Jumper,Caroline Jumper,Consumer,East
Bryan Davis,Bryan Davis,Consumer,East
Julie Prescott,Julie Prescott,Home Office,South
Mike Caudle,Mike Caudle,Corporate,South
Scot Wooten,Scot Wooten,Consumer,West
Adam Bellavance,Adam Bellavance,Home Office,South
Stewart Carmichael,Stewart Carmichael,Corporate,East
Sibella Parks,Sibella Parks,Corporate,Central
Henia Zydlo,Henia Zydlo,Consumer,East
John Stevenson,John Stevenson,Consumer,Central
Paul Lucas,Paul Lucas,Home Office,East
Muhammed Yedwab,Muhammed Yedwab,Corporate,Central
Vivian Mathis,Vivian Mathis,Consumer,East
Gary Zandusky,Gary Zandusky,Consumer,East
Anna Chung,Anna Chung,Consumer,West
Dave Brooks,Dave Brooks,Consumer,South
Bobby Trafton,Bobby Trafton,Consumer,West
Susan Vittorini,Susan Vittorini,Consumer,East
Robert Dilbeck,Robert Dilbeck,Home Office,Central
Aaron Hawkins,Aaron Hawkins,Corporate,South
Dan Reichenbach,Dan Reichenbach,Corporate,West
Damala Kotsonis,Damala Kotsonis,Corporate,East
Toby Braunhardt,Toby Braunhardt,Consumer,Central
Dean Braden,Dean Braden,Consumer,South
David Smith,David Smith,Corporate,South
Chris Cortes,Chris Cortes,Consumer,West
Aaron Smayling,Aaron Smayling,Corporate,South
Troy Blackwell,Troy Blackwell,Consumer,East
Janet Martin,Janet Martin,Consumer,East
Don Weiss,Don Weiss,Consumer,East
Thomas Boland,Thomas Boland,Corporate,East
Raymond Buch,Raymond Buch,Consumer,East
Denny Joy,Denny Joy,Corporate,Central
Zuschuss Donatelli,Zuschuss Donatelli,Consumer,Central
Dorris liebe,Dorris liebe,Corporate,East
Edward Becker,Edward Becker,Corporate,West
Sean Wendt,Sean Wendt,Home Office,Central
Justin Ritter,Justin Ritter,Corporate,East
Brian Thompson,Brian Thompson,Consumer,West
Thomas Boland,Thomas Boland,Corporate,South
Beth Paige,Beth Paige,Consumer,West
Jill Matthias,Jill Matthias,Consumer,East
Julie Kriz,Julie Kriz,Home Office,West
Ross Baird,Ross Baird,Home Office,South
Bill Donatelli,Bill Donatelli,Consumer,West
Pete Kriz,Pete Kriz,Consumer,South
Charles Sheldon,Charles Sheldon,Corporate,South
Thea Hudgings,Thea Hudgings,Corporate,Central
Clay Rozendal,Clay Rozendal,Home Office,Central
Ed Ludwig,Ed Ludwig,Home Office,Central
Max Jones,Max Jones,Consumer,East
Heather Kirkland,Heather Kirkland,Corporate,South
Jack Lebron,Jack Lebron,Consumer,West
Craig Leslie,Craig Leslie,Home Office,West
Bill Overfelt,Bill Overfelt,Corporate,West
Nona Balk,Nona Balk,Corporate,Central
Rob Beeghly,Rob Beeghly,Consumer,Central
Chris McAfee,Chris McAfee,Consumer,South
Herbert Flentye,Herbert Flentye,Consumer,South
Cindy Chapman,Cindy Chapman,Consumer,East
Bryan Davis,Bryan Davis,Consumer,Central
Susan MacKendrick,Susan MacKendrick,Consumer,East
Christy Brittain,Christy Brittain,Consumer,Central
Lindsay Williams,Lindsay Williams,Corporate,West
Rick Bensley,Rick Bensley,Home Office,South
Amy Hunt,Amy Hunt,Consumer,West
Zuschuss Donatelli,Zuschuss Donatelli,Consumer,South
Darrin Martin,Darrin Martin,Consumer,West
Art Ferguson,Art Ferguson,Consumer,Central
Julia West,Julia West,Consumer,East
Mick Brown,Mick Brown,Consumer,Central
Cynthia Voltz,Cynthia Voltz,Corporate,Central
Ricardo Sperren,Ricardo Sperren,Corporate,West
Thea Hendricks,Thea Hendricks,Consumer,South
Paul Stevenson,Paul Stevenson,Home Office,East
Gene McClure,Gene McClure,Consumer,Central
Christopher Schild,Christopher Schild,Home Office,East
Ted Trevino,Ted Trevino,Consumer,West
Harry Marie,Harry Marie,Corporate,East
Filia McAdams,Filia McAdams,Corporate,East
Vivek Grady,Vivek Grady,Corporate,South
Vivian Mathis,Vivian Mathis,Consumer,West
Jill Matthias,Jill Matthias,Consumer,West
Logan Haushalter,Logan Haushalter,Consumer,East
Michael Kennedy,Michael Kennedy,Corporate,South
Darren Powers,Darren Powers,Consumer,South
Steve Nguyen,Steve Nguyen,Home Office,South
Michael Nguyen,Michael Nguyen,Consumer,East
Jim Radford,Jim Radford,Consumer,East
Luke Weiss,Luke Weiss,Consumer,Central
Eric Barreto,Eric Barreto,Consumer,West
Anna Häberlin,Anna Häberlin,Corporate,West
Bradley Nguyen,Bradley Nguyen,Consumer,East
Rick Bensley,Rick Bensley,Home Office,West
Linda Cazamias,Linda Cazamias,Corporate,West
Alejandro Savely,Alejandro Savely,Corporate,Central
Sally Hughsby,Sally Hughsby,Corporate,Central
Art Ferguson,Art Ferguson,Consumer,East
Jim Epp,Jim Epp,Corporate,West
Jeremy Farry,Jeremy Farry,Consumer,South
Ken Lonsdale,Ken Lonsdale,Consumer,Central
Lisa DeCherney,Lisa DeCherney,Consumer,West
Christopher Conant,Christopher Conant,Consumer,East
Anne Pryor,Anne Pryor,Home Office,South
Eugene Hildebrand,Eugene Hildebrand,Home Office,South
Dennis Pardue,Dennis Pardue,Home Office,East
Julia Barnett,Julia Barnett,Home Office,South
Cathy Prescott,Cathy Prescott,Corporate,South
Chris McAfee,Chris McAfee,Consumer,Central
Brian Stugart,Brian Stugart,Consumer,Central
Tanja Norvell,Tanja Norvell,Home Office,Central
Raymond Buch,Raymond Buch,Consumer,South
Rob Lucas,Rob Lucas,Consumer,South
Annie Thurman,Annie Thurman,Consumer,Central
Jason Gross,Jason Gross,Corporate,West
Robert Waldorf,Robert Waldorf,Consumer,South
Eugene Moren,Eugene Moren,Home Office,Central
Neoma Murray,Neoma Murray,Consumer,East
Christine Phan,Christine Phan,Corporate,West
Karen Daniels,Karen Daniels,Consumer,South
Joni Sundaresam,Joni Sundaresam,Home Office,East
Ken Brennan,Ken Brennan,Corporate,West
Scot Coram,Scot Coram,Corporate,East
Liz Preis,Liz Preis,Consumer,East
Roy Collins,Roy Collins,Consumer,Central
Ross Baird,Ross Baird,Home Office,West
Maria Etezadi,Maria Etezadi,Home Office,West
Roy Skaria,Roy Skaria,Home Office,East
Ross DeVincentis,Ross DeVincentis,Home Office,East
Dean Braden,Dean Braden,Consumer,West
Toby Carlisle,Toby Carlisle,Consumer,South
Benjamin Farhat,Benjamin Farhat,Home Office,Central
Olvera Toch,Olvera Toch,Consumer,West
Joy Bell-,Joy Bell-,Consumer,East
Seth Vernon,Seth Vernon,Consumer,West
Erica Smith,Erica Smith,Consumer,East
Mary Zewe,Mary Zewe,Corporate,Central
Erin Ashbrook,Erin Ashbrook,Corporate,West
Stewart Carmichael,Stewart Carmichael,Corporate,South
Darrin Van Huff,Darrin Van Huff,Corporate,West
Sample Company A,Sample Company A,Home Office,Central
Paul Van Hugh,Paul Van Hugh,Home Office,West
Vivian Mathis,Vivian Mathis,Consumer,South
Jim Sink,Jim Sink,Corporate,East
Lynn Smith,Lynn Smith,Consumer,Central
James Lanier,James Lanier,Home Office,South
Ted Butterfield,Ted Butterfield,Consumer,East
Fred McMath,Fred McMath,Consumer,East
Karen Carlisle,Karen Carlisle,Corporate,West
Catherine Glotzbach,Catherine Glotzbach,Home Office,East
Roy Collins,Roy Collins,Consumer,West
Bill Shonely,Bill Shonely,Corporate,Central
Dave Poirier,Dave Poirier,Corporate,West
Max Jones,Max Jones,Consumer,West
Dave Hallsten,Dave Hallsten,Corporate,Central
Logan Currie,Logan Currie,Consumer,Central
John Grady,John Grady,Corporate,East
Skye Norling,Skye Norling,Home Office,Central
Lela Donovan,Lela Donovan,Corporate,Central
Alejandro Ballentine,Alejandro Ballentine,Home Office,Central
Phillip Flathmann,Phillip Flathmann,Consumer,South
Roland Fjeld,Roland Fjeld,Consumer,Central
Becky Pak,Becky Pak,Consumer,East
Corey-Lock,Corey-Lock,Consumer,South
Adrian Hane,Adrian Hane,Home Office,Central
Philip Fox,Philip Fox,Consumer,South
Stephanie Ulpright,Stephanie Ulpright,Home Office,East
Jay Fein,Jay Fein,Consumer,South
Katherine Hughes,Katherine Hughes,Consumer,South
Anna Andreadi,Anna Andreadi,Consumer,West
Raymond Messe,Raymond Messe,Consumer,West
Steve Chapman,Steve Chapman,Corporate,South
Christopher Conant,Christopher Conant,Consumer,West
Barry Französisch,Barry Französisch,Corporate,Central
Scot Coram,Scot Coram,Corporate,Central
Logan Haushalter,Logan Haushalter,Consumer,Central
Raymond Buch,Raymond Buch,Consumer,West
Theone Pippenger,Theone Pippenger,Consumer,East
Steven Ward,Steven Ward,Corporate,East
Anemone Ratner,Anemone Ratner,Consumer,South
Richard Eichhorn,Richard Eichhorn,Consumer,East
Mark Cousins,Mark Cousins,Corporate,West
Jonathan Doherty,Jonathan Doherty,Corporate,South
Ruben Ausman,Ruben Ausman,Corporate,West
Andrew Allen,Andrew Allen,Consumer,Central
Matt Collister,Matt Collister,Corporate,East
Neil Knudson,Neil Knudson,Home Office,East
Susan Vittorini,Susan Vittorini,Consumer,Central
Katharine Harms,Katharine Harms,Corporate,South
Jennifer Patt,Jennifer Patt,Corporate,West
Joy Smith,Joy Smith,Consumer,South
Jason Gross,Jason Gross,Corporate,East
Beth Paige,Beth Paige,Consumer,South
Corey Catlett,Corey Catlett,Corporate,East
Dennis Kane,Dennis Kane,Consumer,Central
Kristina Nunn,Kristina Nunn,Home Office,West
Dionis Lloyd,Dionis Lloyd,Corporate,West
Ivan Liston,Ivan Liston,Consumer,Central
Chloris Kastensmidt,Chloris Kastensmidt,Consumer,Central
Jennifer Braxton,Jennifer Braxton,Corporate,South
James Galang,James Galang,Consumer,South
Darren Budd,Darren Budd,Corporate,East
Ken Heidel,Ken Heidel,Corporate,Central
Meg Tillman,Meg Tillman,Consumer,South
Larry Blacks,Larry Blacks,Consumer,West
Bill Eplett,Bill Eplett,Home Office,Central
Katherine Murray,Katherine Murray,Home Office,South
Barry Franz,Barry Franz,Home Office,Central
Olvera Toch,Olvera Toch,Consumer,East
Pierre Wener,Pierre Wener,Consumer,South
Rob Williams,Rob Williams,Corporate,West
Khloe Miller,Khloe Miller,Consumer,East
Susan Gilcrest,Susan Gilcrest,Corporate,Central
Alex Grayson,Alex Grayson,Consumer,Central
Max Ludwig,Max Ludwig,Home Office,South
Maureen Fritzler,Maureen Fritzler,Corporate,South
Anna Häberlin,Anna Häberlin,Corporate,East
Dorothy Wardle,Dorothy Wardle,Corporate,West
Cathy Armstrong,Cathy Armstrong,Home Office,West
Corinna Mitchell,Corinna Mitchell,Home Office,South
Helen Andreada,Helen Andreada,Consumer,South
Gary Hansen,Gary Hansen,Home Office,South
Cindy Schnelling,Cindy Schnelling,Corporate,South
Erin Mull,Erin Mull,Consumer,South
Theresa Swint,Theresa Swint,Corporate,Central
Hunter Glantz,Hunter Glantz,Consumer,South
Toby Ritter,Toby Ritter,Consumer,South
Christopher Conant,Christopher Conant,Consumer,South
Anthony O'Donnell,Anthony O'Donnell,Corporate,West
Pete Kriz,Pete Kriz,Consumer,West
Natalie Fritzler,Natalie Fritzler,Consumer,Central
Helen Wasserman,Helen Wasserman,Corporate,East
Greg Guthrie,Greg Guthrie,Corporate,East
Stephanie Ulpright,Stephanie Ulpright,Home Office,South
Scot Coram,Scot Coram,Corporate,West
Craig Reiter,Craig Reiter,Consumer,East
Maxwell Schwartz,Maxwell Schwartz,Consumer,West
Mick Hernandez,Mick Hernandez,Home Office,Central
Ken Dana,Ken Dana,Corporate,East
Don Jones,Don Jones,Corporate,West
Vivek Grady,Vivek Grady,Corporate,East
Stuart Van,Stuart Van,Corporate,South
Shirley Schmidt,Shirley Schmidt,Home Office,Central
Todd Boyes,Todd Boyes,Corporate,Central
Sung Shariari,Sung Shariari,Consumer,Central
Tom Prescott,Tom Prescott,Consumer,Central
Meg O'Connel,Meg O'Connel,Home Office,East
Adam Bellavance,Adam Bellavance,Home Office,East
Patrick O'Brill,Patrick O'Brill,Consumer,East
Joseph Airdo,Joseph Airdo,Consumer,Central
Cynthia Voltz,Cynthia Voltz,Corporate,West
Laurel Beltran,Laurel Beltran,Home Office,West
Becky Martin,Becky Martin,Consumer,West
Joe Elijah,Joe Elijah,Consumer,South
Ross DeVincentis,Ross DeVincentis,Home Office,Central
Sam Zeldin,Sam Zeldin,Home Office,West
Herbert Flentye,Herbert Flentye,Consumer,East
Matt Hagelstein,Matt Hagelstein,Corporate,East
Paul Knutson,Paul Knutson,Home Office,East
Carlos Soltero,Carlos Soltero,Consumer,Central
Christina VanderZanden,Christina VanderZanden,Consumer,East
Anna Andreadi,Anna Andreadi,Consumer,South
Delfina Latchford,Delfina Latchford,Consumer,South
Mark Van Huff,Mark Van Huff,Consumer,East
Darrin Martin,Darrin Martin,Consumer,South
Elizabeth Moffitt,Elizabeth Moffitt,Corporate,Central
Fred Wasserman,Fred Wasserman,Corporate,East
Anthony Rawles,Anthony Rawles,Corporate,Central
Don Miller,Don Miller,Corporate,Central
Dean Braden,Dean Braden,Consumer,East
Toby Ritter,Toby Ritter,Consumer,Central
Yoseph Carroll,Yoseph Carroll,Corporate,Central
Bruce Geld,Bruce Geld,Consumer,Central
Elpida Rittenbach,Elpida Rittenbach,Corporate,Central
Liz Preis,Liz Preis,Consumer,West
Valerie Mitchum,Valerie Mitchum,Home Office,West
Sanjit Engle,Sanjit Engle,Consumer,Central
Michael Grace,Michael Grace,Home Office,East
Pauline Johnson,Pauline Johnson,Consumer,West
Jill Matthias,Jill Matthias,Consumer,South
Annie Thurman,Annie Thurman,Consumer,West
Daniel Byrd,Daniel Byrd,Home Office,Central
Parhena Norris,Parhena Norris,Home Office,East
Dianna Vittorini,Dianna Vittorini,Consumer,West
Kean Thornton,Kean Thornton,Consumer,Central
Catherine Glotzbach,Catherine Glotzbach,Home Office,South
Bryan Davis,Bryan Davis,Consumer,West
Jill Fjeld,Jill Fjeld,Consumer,South
Giulietta Dortch,Giulietta Dortch,Corporate,East
Ryan Crowe,Ryan Crowe,Consumer,Central
Nick Zandusky,Nick Zandusky,Home Office,East
Sarah Foster,Sarah Foster,Consumer,West
Ben Peterman,Ben Peterman,Corporate,West
Philisse Overcash,Philisse Overcash,Home Office,West
Alejandro Grove,Alejandro Grove,Consumer,Central
Parhena Norris,Parhena Norris,Home Office,South
Rob Beeghly,Rob Beeghly,Consumer,West
Keith Dawkins,Keith Dawkins,Corporate,West
Corey Roper,Corey Roper,Home Office,South
Brendan Sweed,Brendan Sweed,Corporate,Central
Jim Sink,Jim Sink,Corporate,West
Cindy Stewart,Cindy Stewart,Consumer,South
Chuck Clark,Chuck Clark,Home Office,West
Patrick O'Donnell,Patrick O'Donnell,Consumer,East
Sanjit Jacobs,Sanjit Jacobs,Home Office,West
Henry MacAllister,Henry MacAllister,Consumer,East
Magdelene Morse,Magdelene Morse,Consumer,East
Jane Waco,Jane Waco,Corporate,West
Nona Balk,Nona Balk,Corporate,South
Theone Pippenger,Theone Pippenger,Consumer,South
Eugene Hildebrand,Eugene Hildebrand,Home Office,Central
Rick Huthwaite,Rick Huthwaite,Home Office,East
Greg Maxwell,Greg Maxwell,Corporate,West
Edward Nazzal,Edward Nazzal,Consumer,Central
Sally Hughsby,Sally Hughsby,Corporate,South
Robert Dilbeck,Robert Dilbeck,Home Office,East
Ann Steele,Ann Steele,Home Office,South
Anna Chung,Anna Chung,Consumer,Central
Nora Pelletier,Nora Pelletier,Home Office,East
Clay Rozendal,Clay Rozendal,Home Office,East
Candace McMahon,Candace McMahon,Corporate,West
Kelly Lampkin,Kelly Lampkin,Corporate,East
Russell Applegate,Russell Applegate,Consumer,South
Pete Kriz,Pete Kriz,Consumer,East
Benjamin Patterson,Benjamin Patterson,Consumer,Central
Julia West,Julia West,Consumer,West
Tony Sayre,Tony Sayre,Consumer,East
Adrian Barton,Adrian Barton,Consumer,West
Dan Lawera,Dan Lawera,Consumer,West
Aaron Smayling,Aaron Smayling,Corporate,West
Tanja Norvell,Tanja Norvell,Home Office,South
Matt Hagelstein,Matt Hagelstein,Corporate,Central
Lisa Ryan,Lisa Ryan,Corporate,Central
Charles Sheldon,Charles Sheldon,Corporate,Central
Pamela Stobb,Pamela Stobb,Consumer,West
Maris LaWare,Maris LaWare,Consumer,West
Linda Southworth,Linda Southworth,Corporate,East
Greg Matthias,Greg Matthias,Consumer,East
Sarah Jordon,Sarah Jordon,Consumer,Central
Brian DeCherney,Brian DeCherney,Consumer,West
Tim Taslimi,Tim Taslimi,Corporate,East
Daniel Byrd,Daniel Byrd,Home Office,West
Emily Burns,Emily Burns,Consumer,East
Mary O'Rourke,Mary O'Rourke,Consumer,Central
Jonathan Howell,Jonathan Howell,Consumer,Central
Arthur Wiediger,Arthur Wiediger,Home Office,East
Doug Bickford,Doug Bickford,Consumer,South
Peter McVee,Peter McVee,Home Office,Central
Corey Catlett,Corey Catlett,Corporate,West
Emily Phan,Emily Phan,Consumer,Central
Noah Childs,Noah Childs,Corporate,West
Bart Watters,Bart Watters,Corporate,East
Helen Andreada,Helen Andreada,Consumer,Central
Bobby Elias,Bobby Elias,Consumer,Central
Nathan Cano,Nathan Cano,Consumer,South
Cynthia Delaney,Cynthia Delaney,Home Office,Central
Quincy Jones,Quincy Jones,Corporate,South
Frank Carlisle,Frank Carlisle,Home Office,Central
Nick Radford,Nick Radford,Consumer,East
Emily Phan,Emily Phan,Consumer,West
Chuck Magee,Chuck Magee,Consumer,Central
Muhammed Yedwab,Muhammed Yedwab,Corporate,West
Joy Smith,Joy Smith,Consumer,Central
Charles McCrossin,Charles McCrossin,Consumer,East
Michael Kennedy,Michael Kennedy,Corporate,East
Jennifer Patt,Jennifer Patt,Corporate,Central
Jill Stevenson,Jill Stevenson,Corporate,South
Ben Wallace,Ben Wallace,Consumer,East
Pete Armstrong,Pete Armstrong,Home Office,West
Victoria Brennan,Victoria Brennan,Corporate,East
Denise Leinenbach,Denise Leinenbach,Consumer,East
Jonathan Howell,Jonathan Howell,Consumer,West
Alejandro Savely,Alejandro Savely,Corporate,West
Suzanne McNair,Suzanne McNair,Corporate,South
Jim Mitchum,Jim Mitchum,Corporate,East
Jason Fortune-,Jason Fortune-,Consumer,Central
Bill Donatelli,Bill Donatelli,Consumer,East
Cindy Schnelling,Cindy Schnelling,Corporate,Central
Phillip Flathmann,Phillip Flathmann,Consumer,West
Clay Ludtke,Clay Ludtke,Consumer,Central
Patrick Jones,Patrick Jones,Corporate,Central
Sally Matthias,Sally Matthias,Consumer,Central
Elpida Rittenbach,Elpida Rittenbach,Corporate,South
Tracy Poddar,Tracy Poddar,Corporate,West
Lisa Hazard,Lisa Hazard,Consumer,West
Alejandro Savely,Alejandro Savely,Corporate,East
Liz Willingham,Liz Willingham,Consumer,South
Michelle Arnett,Michelle Arnett,Home Office,Central
Kelly Lampkin,Kelly Lampkin,Corporate,South
Michael Chen,Michael Chen,Consumer,Central
Penelope Sewall,Penelope Sewall,Home Office,West
Claire Gute,Claire Gute,Consumer,South
Pamela Coakley,Pamela Coakley,Corporate,West
Kalyca Meade,Kalyca Meade,Corporate,Central
Sally Hughsby,Sally Hughsby,Corporate,East
Scott Williamson,Scott Williamson,Consumer,East
Maxwell Schwartz,Maxwell Schwartz,Consumer,Central
Sung Chung,Sung Chung,Consumer,Central
Laurel Beltran,Laurel Beltran,Home Office,South
Lisa DeCherney,Lisa DeCherney,Consumer,Central
Susan Pistek,Susan Pistek,Consumer,East
Frank Hawley,Frank Hawley,Corporate,Central
Corinna Mitchell,Corinna Mitchell,Home Office,East
Tom Stivers,Tom Stivers,Corporate,Central
Adrian Shami,Adrian Shami,Home Office,West
Laurel Beltran,Laurel Beltran,Home Office,Central
Kelly Collister,Kelly Collister,Consumer,Central
Ralph Ritter,Ralph Ritter,Consumer,West
Darren Powers,Darren Powers,Consumer,East
Bobby Elias,Bobby Elias,Consumer,West
Eric Hoffmann,Eric Hoffmann,Consumer,Central
Tim Taslimi,Tim Taslimi,Corporate,Central
Doug Jacobs,Doug Jacobs,Consumer,East
Barbara Fisher,Barbara Fisher,Corporate,Central
Erica Hackney,Erica Hackney,Consumer,Central
Nora Paige,Nora Paige,Consumer,Central
Shirley Jackson,Shirley Jackson,Consumer,East
David Wiener,David Wiener,Corporate,Central
Brendan Murry,Brendan Murry,Corporate,West
Matt Connell,Matt Connell,Corporate,West
Denise Monton,Denise Monton,Corporate,Central
Mike Vittorini,Mike Vittorini,Consumer,East
Roger Demir,Roger Demir,Consumer,Central
Jeremy Ellison,Jeremy Ellison,Consumer,Central
Cathy Armstrong,Cathy Armstrong,Home Office,East
Luke Schmidt,Luke Schmidt,Corporate,East
Carol Darley,Carol Darley,Consumer,West
Matthew Grinstein,Matthew Grinstein,Home Office,East
Sample Company A,Sample Company A,Home Office,South
Nat Carroll,Nat Carroll,Consumer,East
Neola Schneider,Neola Schneider,Consumer,Central
Sung Pak,Sung Pak,Corporate,West
Clay Rozendal,Clay Rozendal,Home Office,West
Cindy Stewart,Cindy Stewart,Consumer,East
Mark Hamilton,Mark Hamilton,Consumer,West
Barry Pond,Barry Pond,Corporate,East
Heather Jas,Heather Jas,Home Office,South
Tamara Chand,Tamara Chand,Corporate,West
Mark Cousins,Mark Cousins,Corporate,South
Cynthia Delaney,Cynthia Delaney,Home Office,East
Pete Armstrong,Pete Armstrong,Home Office,South
Chris McAfee,Chris McAfee,Consumer,West
Greg Guthrie,Greg Guthrie,Corporate,Central
Sally Knutson,Sally Knutson,Consumer,East
Nick Crebassa,Nick Crebassa,Corporate,Central
Bruce Stewart,Bruce Stewart,Consumer,Central
Mike Vittorini,Mike Vittorini,Consumer,South
John Murray,John Murray,Consumer,Central
Eva Jacobs,Eva Jacobs,Consumer,East
Carl Ludwig,Carl Ludwig,Consumer,West
Pauline Webber,Pauline Webber,Corporate,Central
Mike Kennedy,Mike Kennedy,Consumer,West
Alan Schoenberger,Alan Schoenberger,Corporate,West
Emily Grady,Emily Grady,Consumer,East
Becky Martin,Becky Martin,Consumer,East
Ellis Ballard,Ellis Ballard,Corporate,East
Justin Ellison,Justin Ellison,Corporate,Central
Tony Chapman,Tony Chapman,Home Office,East
Aleksandra Gannaway,Aleksandra Gannaway,Corporate,East
Randy Ferguson,Randy Ferguson,Corporate,Central
Harold Engle,Harold Engle,Corporate,East
Anne Pryor,Anne Pryor,Home Office,West
Paul MacIntyre,Paul MacIntyre,Consumer,South
George Bell,George Bell,Corporate,Central
Mark Hamilton,Mark Hamilton,Consumer,Central
Chris McAfee,Chris McAfee,Consumer,East
Janet Molinari,Janet Molinari,Corporate,East
Fred McMath,Fred McMath,Consumer,West
Steve Chapman,Steve Chapman,Corporate,East
Roy Französisch,Roy Französisch,Consumer,West
Matthew Grinstein,Matthew Grinstein,Home Office,Central
Erin Creighton,Erin Creighton,Consumer,South
Jasper Cacioppo,Jasper Cacioppo,Consumer,West
Tony Chapman,Tony Chapman,Home Office,South
Mike Pelletier,Mike Pelletier,Home Office,West
Adam Hart,Adam Hart,Corporate,Central
Charles McCrossin,Charles McCrossin,Consumer,West
Grace Kelly,Grace Kelly,Corporate,East
Alan Haines,Alan Haines,Corporate,South
Parhena Norris,Parhena Norris,Home Office,Central
Justin Deggeller,Justin Deggeller,Corporate,Central
Mark Haberlin,Mark Haberlin,Corporate,East
Alejandro Ballentine,Alejandro Ballentine,Home Office,South
Stuart Calhoun,Stuart Calhoun,Consumer,South
Logan Currie,Logan Currie,Consumer,South
Carol Adams,Carol Adams,Corporate,East
Benjamin Venier,Benjamin Venier,Corporate,West
Saphhira Shifley,Saphhira Shifley,Corporate,East
Trudy Schmidt,Trudy Schmidt,Consumer,South
Joe Elijah,Joe Elijah,Consumer,East
Anthony Johnson,Anthony Johnson,Corporate,East
Brenda Bowman,Brenda Bowman,Corporate,East
Joni Wasserman,Joni Wasserman,Consumer,South
Meg Tillman,Meg Tillman,Consumer,Central
Brooke Gillingham,Brooke Gillingham,Corporate,Central
Frank Olsen,Frank Olsen,Consumer,West
Carlos Daly,Carlos Daly,Consumer,Central
Kelly Andreada,Kelly Andreada,Consumer,Central
Marc Harrigan,Marc Harrigan,Home Office,South
Carl Jackson,Carl Jackson,Corporate,East
Janet Martin,Janet Martin,Consumer,Central
Fred Wasserman,Fred Wasserman,Corporate,West
Christopher Martinez,Christopher Martinez,Consumer,West
Delfina Latchford,Delfina Latchford,Consumer,West
Jamie Frazer,Jamie Frazer,Consumer,West
Thais Sissman,Thais Sissman,Consumer,South
Beth Paige,Beth Paige,Consumer,East
David Bremer,David Bremer,Corporate,Central
Cathy Prescott,Cathy Prescott,Corporate,Central
Rob Beeghly,Rob Beeghly,Consumer,South
Sean O'Donnell,Sean O'Donnell,Consumer,West
Sanjit Chand,Sanjit Chand,Consumer,East
Tonja Turnell,Tonja Turnell,Home Office,West
Robert Waldorf,Robert Waldorf,Consumer,East
Andy Reiter,Andy Reiter,Consumer,Central
Neola Schneider,Neola Schneider,Consumer,East
Dan Lawera,Dan Lawera,Consumer,Central
Maris LaWare,Maris LaWare,Consumer,Central
Cynthia Voltz,Cynthia Voltz,Corporate,East
Alan Dominguez,Alan Dominguez,Home Office,West
Edward Hooks,Edward Hooks,Corporate,Central
Carol Adams,Carol Adams,Corporate,South
Caroline Jumper,Caroline Jumper,Consumer,West
Toby Gnade,Toby Gnade,Consumer,East
Giulietta Baptist,Giulietta Baptist,Consumer,Central
Craig Leslie,Craig Leslie,Home Office,East
Clytie Kelty,Clytie Kelty,Consumer,Central
Benjamin Venier,Benjamin Venier,Corporate,Central
Liz Preis,Liz Preis,Consumer,Central
Michael Moore,Michael Moore,Consumer,West
Shahid Collister,Shahid Collister,Consumer,South
Jay Fein,Jay Fein,Consumer,East
Mark Van Huff,Mark Van Huff,Consumer,South
Sarah Bern,Sarah Bern,Consumer,West
Don Jones,Don Jones,Corporate,East
Fred Harton,Fred Harton,Consumer,West
Nat Gilpin,Nat Gilpin,Corporate,East
Christine Kargatis,Christine Kargatis,Home Office,East
Gary Hansen,Gary Hansen,Home Office,East
Cyra Reiten,Cyra Reiten,Home Office,Central
Helen Wasserman,Helen Wasserman,Corporate,West
Julie Prescott,Julie Prescott,Home Office,Central
Dave Kipp,Dave Kipp,Consumer,Central
Ann Chong,Ann Chong,Corporate,West
Michelle Huthwaite,Michelle Huthwaite,Consumer,Central
Scot Wooten,Scot Wooten,Consumer,South
Dorothy Badders,Dorothy Badders,Corporate,East
Roland Schwarz,Roland Schwarz,Corporate,Central
Stewart Carmichael,Stewart Carmichael,Corporate,Central
Joseph Airdo,Joseph Airdo,Consumer,East
Liz Preis,Liz Preis,Consumer,South
Claudia Bergmann,Claudia Bergmann,Corporate,South
Roland Murray,Roland Murray,Consumer,East
Victoria Brennan,Victoria Brennan,Corporate,South
Karl Braun,Karl Braun,Consumer,West
Maribeth Dona,Maribeth Dona,Consumer,Central
Mick Hernandez,Mick Hernandez,Home Office,East
Paul Van Hugh,Paul Van Hugh,Home Office,East
Marc Harrigan,Marc Harrigan,Home Office,East
Max Jones,Max Jones,Consumer,Central
Bill Stewart,Bill Stewart,Corporate,West
Guy Armstrong,Guy Armstrong,Consumer,South
Benjamin Farhat,Benjamin Farhat,Home Office,West
Meg Tillman,Meg Tillman,Consumer,East
Brad Norvell,Brad Norvell,Corporate,Central
Carol Darley,Carol Darley,Consumer,Central
Jason Klamczynski,Jason Klamczynski,Corporate,West
Barry Pond,Barry Pond,Corporate,West
Scott Williamson,Scott Williamson,Consumer,West
George Zrebassa,George Zrebassa,Corporate,West
Harry Greene,Harry Greene,Consumer,Central
Pauline Webber,Pauline Webber,Corporate,South
Robert Waldorf,Robert Waldorf,Consumer,Central
Bill Eplett,Bill Eplett,Home Office,West
Ann Chong,Ann Chong,Corporate,Central
John Castell,John Castell,Consumer,Central
Christina VanderZanden,Christina VanderZanden,Consumer,West
Michelle Lonsdale,Michelle Lonsdale,Corporate,Central
Gary McGarr,Gary McGarr,Consumer,East
Lena Cacioppo,Lena Cacioppo,Consumer,South
Brendan Dodson,Brendan Dodson,Home Office,West
Caroline Jumper,Caroline Jumper,Consumer,Central
Tony Molinari,Tony Molinari,Consumer,Central
Emily Grady,Emily Grady,Consumer,Central
Barry Französisch,Barry Französisch,Corporate,South
Tom Ashbrook,Tom Ashbrook,Home Office,East
Darrin Sayre,Darrin Sayre,Home Office,East
Anne McFarland,Anne McFarland,Consumer,Central
Max Ludwig,Max Ludwig,Home Office,Central
Christopher Schild,Christopher Schild,Home Office,South
Hallie Redmond,Hallie Redmond,Home Office,South
Karen Ferguson,Karen Ferguson,Home Office,East
Bryan Spruell,Bryan Spruell,Home Office,East
Noah Childs,Noah Childs,Corporate,East
Mitch Gastineau,Mitch Gastineau,Corporate,South
Sanjit Jacobs,Sanjit Jacobs,Home Office,East
Henry MacAllister,Henry MacAllister,Consumer,South
Luke Weiss,Luke Weiss,Consumer,West
Alan Barnes,Alan Barnes,Consumer,East
Craig Leslie,Craig Leslie,Home Office,Central
Andrew Allen,Andrew Allen,Consumer,South
Paul Lucas,Paul Lucas,Home Office,Central
Natalie DeCherney,Natalie DeCherney,Consumer,Central
Bruce Geld,Bruce Geld,Consumer,East
Brendan Murry,Brendan Murry,Corporate,Central
Sharelle Roach,Sharelle Roach,Home Office,West
Katherine Nockton,Katherine Nockton,Corporate,Central
Shirley Jackson,Shirley Jackson,Consumer,Central
Joni Wasserman,Joni Wasserman,Consumer,West
Tamara Dahlen,Tamara Dahlen,Consumer,East
Susan Vittorini,Susan Vittorini,Consumer,West
Speros Goranitis,Speros Goranitis,Consumer,West
Larry Hughes,Larry Hughes,Consumer,West
Mick Brown,Mick Brown,Consumer,West
Larry Blacks,Larry Blacks,Consumer,Central
Jack Lebron,Jack Lebron,Consumer,South
Janet Lee,Janet Lee,Consumer,South
Matt Connell,Matt Connell,Corporate,East
Mick Hernandez,Mick Hernandez,Home Office,South
Saphhira Shifley,Saphhira Shifley,Corporate,South
Dionis Lloyd,Dionis Lloyd,Corporate,East
Caroline Jumper,Caroline Jumper,Consumer,South
Arthur Gainer,Arthur Gainer,Consumer,South
Dorothy Dickinson,Dorothy Dickinson,Consumer,West
Bill Overfelt,Bill Overfelt,Corporate,East
Arianne Irving,Arianne Irving,Consumer,East
Dorothy Badders,Dorothy Badders,Corporate,Central
Trudy Schmidt,Trudy Schmidt,Consumer,West
Mick Brown,Mick Brown,Consumer,South
Gary Zandusky,Gary Zandusky,Consumer,South
Jeremy Farry,Jeremy Farry,Consumer,Central
Rick Wilson,Rick Wilson,Corporate,Central
Zuschuss Carroll,Zuschuss Carroll,Consumer,East
Charles Sheldon,Charles Sheldon,Corporate,West
Jonathan Howell,Jonathan Howell,Consumer,East
Alyssa Crouse,Alyssa Crouse,Corporate,Central
Amy Hunt,Amy Hunt,Consumer,East
Eva Jacobs,Eva Jacobs,Consumer,South
Greg Tran,Greg Tran,Consumer,Central
Paul Prost,Paul Prost,Home Office,Central
Toby Swindell,Toby Swindell,Consumer,East
Todd Boyes,Todd Boyes,Corporate,South
Roland Schwarz,Roland Schwarz,Corporate,East
Adam Hart,Adam Hart,Corporate,South
Allen Rosenblatt,Allen Rosenblatt,Corporate,Central
Vivek Sundaresam,Vivek Sundaresam,Consumer,West
Dianna Wilson,Dianna Wilson,Home Office,South
Duane Noonan,Duane Noonan,Consumer,Central
Bart Watters,Bart Watters,Corporate,South
Eric Hoffmann,Eric Hoffmann,Consumer,South
Michael Dominguez,Michael Dominguez,Corporate,East
Tiffany House,Tiffany House,Corporate,Central
Patrick O'Donnell,Patrick O'Donnell,Consumer,South
Lori Olson,Lori Olson,Corporate,East
Alice McCarthy,Alice McCarthy,Corporate,East
Guy Thornton,Guy Thornton,Consumer,Central
Jesus Ocampo,Jesus Ocampo,Home Office,Central
Henia Zydlo,Henia Zydlo,Consumer,Central
Fred Harton,Fred Harton,Consumer,East
Barry Blumstein,Barry Blumstein,Corporate,East
John Dryer,John Dryer,Consumer,Central
Nick Radford,Nick Radford,Consumer,South
Giulietta Dortch,Giulietta Dortch,Corporate,West
Erin Mull,Erin Mull,Consumer,Central
Lindsay Williams,Lindsay Williams,Corporate,South
Ben Wallace,Ben Wallace,Consumer,Central
Maureen Gastineau,Maureen Gastineau,Home Office,West
Liz Willingham,Liz Willingham,Consumer,East
Dorris liebe,Dorris liebe,Corporate,Central
Muhammed MacIntyre,Muhammed MacIntyre,Corporate,East
Carl Ludwig,Carl Ludwig,Consumer,East
Michelle Tran,Michelle Tran,Home Office,West
Linda Cazamias,Linda Cazamias,Corporate,East
Sarah Bern,Sarah Bern,Consumer,East
Hunter Glantz,Hunter Glantz,Consumer,East
Troy Staebel,Troy Staebel,Consumer,Central
Paul Gonzalez,Paul Gonzalez,Consumer,South
Stuart Calhoun,Stuart Calhoun,Consumer,West
Dean percer,Dean percer,Home Office,Central
Clay Cheatham,Clay Cheatham,Consumer,West
Troy Staebel,Troy Staebel,Consumer,West
Luke Schmidt,Luke Schmidt,Corporate,Central
Neil Knudson,Neil Knudson,Home Office,Central
Allen Rosenblatt,Allen Rosenblatt,Corporate,East
Toby Ritter,Toby Ritter,Consumer,East
Nicole Hansen,Nicole Hansen,Corporate,West
Sonia Cooley,Sonia Cooley,Consumer,East
George Ashbrook,George Ashbrook,Consumer,East
Max Ludwig,Max Ludwig,Home Office,West
Tracy Hopkins,Tracy Hopkins,Home Office,Central
Dan Reichenbach,Dan Reichenbach,Corporate,South
Denny Blanton,Denny Blanton,Consumer,Central
Michelle Arnett,Michelle Arnett,Home Office,East
Victor Preis,Victor Preis,Home Office,West
Darrin Van Huff,Darrin Van Huff,Corporate,South
Ralph Arnett,Ralph Arnett,Consumer,East
Neil Ducich,Neil Ducich,Corporate,East
Karen Ferguson,Karen Ferguson,Home Office,Central
Chuck Sachs,Chuck Sachs,Consumer,South
Michael Oakman,Michael Oakman,Consumer,South
Linda Southworth,Linda Southworth,Corporate,Central
Angele Hood,Angele Hood,Consumer,South
Rob Lucas,Rob Lucas,Consumer,East
Jenna Caffey,Jenna Caffey,Consumer,West
Mathew Reese,Mathew Reese,Home Office,West
Sean Miller,Sean Miller,Home Office,Central
Frank Gastineau,Frank Gastineau,Home Office,Central
Becky Pak,Becky Pak,Consumer,South
Beth Fritzler,Beth Fritzler,Corporate,South
Natalie Webber,Natalie Webber,Consumer,Central
Rick Reed,Rick Reed,Corporate,Central
Ricardo Sperren,Ricardo Sperren,Corporate,South
Valerie Mitchum,Valerie Mitchum,Home Office,Central
Sean Wendt,Sean Wendt,Home Office,East
Maribeth Yedwab,Maribeth Yedwab,Corporate,Central
Lena Hernandez,Lena Hernandez,Consumer,Central
Dorothy Dickinson,Dorothy Dickinson,Consumer,East
Evan Minnotte,Evan Minnotte,Home Office,Central
Raymond Buch,Raymond Buch,Consumer,Central
Tony Molinari,Tony Molinari,Consumer,East
Mike Gockenbach,Mike Gockenbach,Consumer,South
Erin Creighton,Erin Creighton,Consumer,West
Larry Hughes,Larry Hughes,Consumer,South
Aaron Smayling,Aaron Smayling,Corporate,Central
Charlotte Melton,Charlotte Melton,Consumer,Central
Bruce Degenhardt,Bruce Degenhardt,Consumer,West
Seth Vernon,Seth Vernon,Consumer,South
Jeremy Lonsdale,Jeremy Lonsdale,Consumer,West
Cindy Chapman,Cindy Chapman,Consumer,Central
Daniel Raglin,Daniel Raglin,Home Office,South
Rick Hansen,Rick Hansen,Consumer,South
Dana Kaydos,Dana Kaydos,Consumer,West
Janet Martin,Janet Martin,Consumer,West
Sarah Jordon,Sarah Jordon,Consumer,South
Adrian Hane,Adrian Hane,Home Office,South
Doug O'Connell,Doug O'Connell,Consumer,East
Tonja Turnell,Tonja Turnell,Home Office,South
Patrick Ryan,Patrick Ryan,Consumer,West
Sung Chung,Sung Chung,Consumer,West
Tony Molinari,Tony Molinari,Consumer,West
Don Weiss,Don Weiss,Consumer,South
Steve Carroll,Steve Carroll,Home Office,South
Heather Jas,Heather Jas,Home Office,Central
Dana Kaydos,Dana Kaydos,Consumer,South
Stefania Perrino,Stefania Perrino,Corporate,South
Sung Shariari,Sung Shariari,Consumer,West
Jill Stevenson,Jill Stevenson,Corporate,Central
Stephanie Ulpright,Stephanie Ulpright,Home Office,West
Janet Lee,Janet Lee,Consumer,West
Joe Kamberova,Joe Kamberova,Consumer,West
Katrina Bavinger,Katrina Bavinger,Home Office,East
Doug O'Connell,Doug O'Connell,Consumer,South
Nicole Fjeld,Nicole Fjeld,Home Office,Central
Allen Goldenen,Allen Goldenen,Consumer,West
Dario Medina,Dario Medina,Corporate,South
Trudy Glocke,Trudy Glocke,Consumer,Central
Allen Armold,Allen Armold,Consumer,East
Eudokia Martin,Eudokia Martin,Corporate,East
Frank Carlisle,Frank Carlisle,Home Office,South
Joy Bell-,Joy Bell-,Consumer,Central
Shahid Shariari,Shahid Shariari,Consumer,South
Ryan Crowe,Ryan Crowe,Consumer,South
Cassandra Brandow,Cassandra Brandow,Consumer,South
Bart Folk,Bart Folk,Consumer,East
Speros Goranitis,Speros Goranitis,Consumer,South
Craig Yedwab,Craig Yedwab,Corporate,East
Liz Thompson,Liz Thompson,Consumer,East
Theresa Coyne,Theresa Coyne,Corporate,East
Dave Brooks,Dave Brooks,Consumer,Central
Alan Barnes,Alan Barnes,Consumer,South
Doug O'Connell,Doug O'Connell,Consumer,West
Craig Leslie,Craig Leslie,Home Office,South
Jay Fein,Jay Fein,Consumer,Central
Tom Prescott,Tom Prescott,Consumer,West
Meg O'Connel,Meg O'Connel,Home Office,South
Tony Sayre,Tony Sayre,Consumer,West
Erin Smith,Erin Smith,Corporate,South
Kean Thornton,Kean Thornton,Consumer,South
Muhammed Lee,Muhammed Lee,Consumer,West
Rick Hansen,Rick Hansen,Consumer,Central
Christina Anderson,Christina Anderson,Consumer,East
Peter Bühler,Peter Bühler,Consumer,South
Jim Epp,Jim Epp,Corporate,Central
Erica Hernandez,Erica Hernandez,Home Office,Central
Maya Herman,Maya Herman,Corporate,Central
Bobby Elias,Bobby Elias,Consumer,South
Brooke Gillingham,Brooke Gillingham,Corporate,West
Duane Benoit,Duane Benoit,Consumer,West
Don Weiss,Don Weiss,Consumer,West
Kelly Collister,Kelly Collister,Consumer,East
Karen Ferguson,Karen Ferguson,Home Office,South
Karen Bern,Karen Bern,Corporate,Central
Rose O'Brian,Rose O'Brian,Consumer,Central
Katrina Willman,Katrina Willman,Consumer,East
Sara Luxemburg,Sara Luxemburg,Home Office,West
Charles McCrossin,Charles McCrossin,Consumer,Central
Ann Steele,Ann Steele,Home Office,Central
Jas O'Carroll,Jas O'Carroll,Consumer,South
Sonia Cooley,Sonia Cooley,Consumer,West
Michelle Ellison,Michelle Ellison,Corporate,East
Neola Schneider,Neola Schneider,Consumer,West
Frank Gastineau,Frank Gastineau,Home Office,West
Jane Waco,Jane Waco,Corporate,South
Rob Williams,Rob Williams,Corporate,East
Chad McGuire,Chad McGuire,Consumer,West
Juliana Krohn,Juliana Krohn,Consumer,West
Dean percer,Dean percer,Home Office,South
Hunter Lopez,Hunter Lopez,Consumer,East
Amy Cox,Amy Cox,Consumer,Central
Laurel Workman,Laurel Workman,Corporate,Central
Xylona Preis,Xylona Preis,Consumer,East
Cyra Reiten,Cyra Reiten,Home Office,East
Debra Catini,Debra Catini,Consumer,West
Mike Gockenbach,Mike Gockenbach,Consumer,West
Cyma Kinney,Cyma Kinney,Corporate,Central
Maria Bertelson,Maria Bertelson,Consumer,Central
Scot Wooten,Scot Wooten,Consumer,Central
Robert Waldorf,Robert Waldorf,Consumer,West
Nora Paige,Nora Paige,Consumer,East
Michelle Lonsdale,Michelle Lonsdale,Corporate,West
Michelle Huthwaite,Michelle Huthwaite,Consumer,South
Andrew Gjertsen,Andrew Gjertsen,Corporate,East
Ed Ludwig,Ed Ludwig,Home Office,East
Stuart Van,Stuart Van,Corporate,West
Maribeth Yedwab,Maribeth Yedwab,Corporate,East
Bobby Odegard,Bobby Odegard,Consumer,South
Victoria Pisteka,Victoria Pisteka,Corporate,South
Astrea Jones,Astrea Jones,Consumer,West
Joy Smith,Joy Smith,Consumer,West
Pete Takahito,Pete Takahito,Consumer,South
Muhammed Yedwab,Muhammed Yedwab,Corporate,South
Justin Ellison,Justin Ellison,Corporate,West
Ivan Gibson,Ivan Gibson,Consumer,South
Susan Pistek,Susan Pistek,Consumer,Central
Patricia Hirasaki,Patricia Hirasaki,Home Office,South
Neil Knudson,Neil Knudson,Home Office,South
Brian DeCherney,Brian DeCherney,Consumer,Central
Randy Bradley,Randy Bradley,Consumer,Central
Jocasta Rupert,Jocasta Rupert,Consumer,South
Julie Creighton,Julie Creighton,Corporate,East
Carlos Soltero,Carlos Soltero,Consumer,South
Olvera Toch,Olvera Toch,Consumer,South
Janet Martin,Janet Martin,Consumer,South
Sue Ann Reed,Sue Ann Reed,Consumer,East
Jamie Kunitz,Jamie Kunitz,Consumer,West
Ryan Akin,Ryan Akin,Consumer,Central
Sharelle Roach,Sharelle Roach,Home Office,East
Peter Bühler,Peter Bühler,Consumer,East
Kimberly Carter,Kimberly Carter,Corporate,West
Denise Leinenbach,Denise Leinenbach,Consumer,West
Frank Merwin,Frank Merwin,Home Office,Central
Grant Thornton,Grant Thornton,Corporate,South
Christina DeMoss,Christina DeMoss,Consumer,East
Adam Bellavance,Adam Bellavance,Home Office,Central
Alan Haines,Alan Haines,Corporate,Central
Christopher Conant,Christopher Conant,Consumer,Central
Roger Barcio,Roger Barcio,Home Office,West
Liz Carlisle,Liz Carlisle,Consumer,Central
Chuck Clark,Chuck Clark,Home Office,Central
Carol Darley,Carol Darley,Consumer,East
Erin Creighton,Erin Creighton,Consumer,Central
Kean Nguyen,Kean Nguyen,Corporate,East
Matt Collister,Matt Collister,Corporate,West
Peter McVee,Peter McVee,Home Office,South
Frank Hawley,Frank Hawley,Corporate,East
Edward Becker,Edward Becker,Corporate,Central
Thomas Brumley,Thomas Brumley,Home Office,West
Catherine Glotzbach,Catherine Glotzbach,Home Office,Central
Max Ludwig,Max Ludwig,Home Office,East
Brenda Bowman,Brenda Bowman,Corporate,South
Larry Blacks,Larry Blacks,Consumer,South
Christopher Schild,Christopher Schild,Home Office,Central
Ken Brennan,Ken Brennan,Corporate,East
Michael Nguyen,Michael Nguyen,Consumer,South
Toby Carlisle,Toby Carlisle,Consumer,Central
Mitch Willingham,Mitch Willingham,Corporate,West
Katharine Harms,Katharine Harms,Corporate,West
Jim Sink,Jim Sink,Corporate,South
Christina DeMoss,Christina DeMoss,Consumer,West
Art Ferguson,Art Ferguson,Consumer,South
Adrian Barton,Adrian Barton,Consumer,South
Jennifer Halladay,Jennifer Halladay,Consumer,East
Richard Bierner,Richard Bierner,Consumer,South
Adrian Shami,Adrian Shami,Home Office,East
Erica Smith,Erica Smith,Consumer,South
Jennifer Halladay,Jennifer Halladay,Consumer,South
Christopher Martinez,Christopher Martinez,Consumer,Central
Alan Hwang,Alan Hwang,Consumer,Central
Maribeth Yedwab,Maribeth Yedwab,Corporate,South
Frank Merwin,Frank Merwin,Home Office,South
Michael Dominguez,Michael Dominguez,Corporate,South
Brendan Sweed,Brendan Sweed,Corporate,South
Henia Zydlo,Henia Zydlo,Consumer,South
Bradley Drucker,Bradley Drucker,Consumer,West
Justin Ritter,Justin Ritter,Corporate,Central
Rick Hansen,Rick Hansen,Consumer,West
Victor Preis,Victor Preis,Home Office,East
Max Engle,Max Engle,Consumer,East
Scott Williamson,Scott Williamson,Consumer,South
Sean Christensen,Sean Christensen,Consumer,East
Joseph Holt,Joseph Holt,Consumer,Central
Erica Hernandez,Erica Hernandez,Home Office,East
Craig Carreira,Craig Carreira,Consumer,East
Brenda Bowman,Brenda Bowman,Corporate,West
Adam Shillingsburg,Adam Shillingsburg,Consumer,South
Juliana Krohn,Juliana Krohn,Consumer,Central
Clay Cheatham,Clay Cheatham,Consumer,Central
Chuck Sachs,Chuck Sachs,Consumer,East
Matt Collins,Matt Collins,Consumer,South
Darrin Van Huff,Darrin Van Huff,Corporate,East
Larry Tron,Larry Tron,Consumer,East
Brad Norvell,Brad Norvell,Corporate,West
Denise Monton,Denise Monton,Corporate,West
Luke Foster,Luke Foster,Consumer,West
Laurel Elliston,Laurel Elliston,Consumer,West
Angele Hood,Angele Hood,Consumer,Central
Herbert Flentye,Herbert Flentye,Consumer,Central
Alex Grayson,Alex Grayson,Consumer,West
Justin Ellison,Justin Ellison,Corporate,South
Anthony Witt,Anthony Witt,Consumer,East
Helen Andreada,Helen Andreada,Consumer,East
Brian Thompson,Brian Thompson,Consumer,South
Roy Skaria,Roy Skaria,Home Office,Central
Ralph Ritter,Ralph Ritter,Consumer,Central
Andrew Roberts,Andrew Roberts,Consumer,Central
Kalyca Meade,Kalyca Meade,Corporate,West
Hallie Redmond,Hallie Redmond,Home Office,West
Arianne Irving,Arianne Irving,Consumer,South
Christine Abelman,Christine Abelman,Corporate,West
Dave Poirier,Dave Poirier,Corporate,Central
Alex Grayson,Alex Grayson,Consumer,South
David Kendrick,David Kendrick,Corporate,East
Brian Derr,Brian Derr,Consumer,South
Sharelle Roach,Sharelle Roach,Home Office,South
Sandra Glassco,Sandra Glassco,Consumer,Central
Monica Federle,Monica Federle,Corporate,South
Nick Crebassa,Nick Crebassa,Corporate,East
Lori Olson,Lori Olson,Corporate,Central
Jennifer Ferguson,Jennifer Ferguson,Consumer,East
Michael Chen,Michael Chen,Consumer,East
