Order_ID,Order_Date,Customer_ID,Product_Category,Discount,Profit,Quantity,Sales,Region
US-2020-103800,1/3/2019,Darren Powers,Office Supplies,0.2,5.5512,2,16.448,Central
US-2020-112326,1/4/2019,Phillina Ober,Office Supplies,0.8,-5.487,2,3.54,Central
US-2020-112326,1/4/2019,Phillina Ober,Office Supplies,0.2,4.2717,3,11.784,Central
US-2020-112326,1/4/2019,Phillina Ober,Office Supplies,0.2,-64.7748,3,272.736,Central
US-2020-141817,1/5/2019,Mick Brown,Office Supplies,0.2,4.884,3,19.536,East
US-2020-106054,1/6/2019,Jack O'Briant,Office Supplies,0,5.2398,3,12.78,South
US-2020-130813,1/6/2019,Lycoris Saunders,Office Supplies,0,9.3312,3,19.44,West
US-2020-167199,1/6/2019,Maria Etezadi,Furniture,0,746.4078,9,2573.82,South
US-2020-167199,1/6/2019,Maria Etezadi,Office Supplies,0,1.4796,2,5.48,South
US-2020-167199,1/6/2019,Maria Etezadi,Office Supplies,0,274.491,2,609.98,South
US-2020-167199,1/6/2019,Maria Etezadi,Office Supplies,0,0.3112,4,31.12,South
US-2020-167199,1/6/2019,Maria Etezadi,Office Supplies,0,3.0084,1,6.54,South
US-2020-167199,1/6/2019,Maria Etezadi,Technology,0,204.1092,4,755.96,South
US-2020-167199,1/6/2019,Maria Etezadi,Technology,0,113.6742,2,391.98,South
US-2020-105417,1/7/2019,Vivek Sundaresam,Furniture,0.6,-53.7096,3,76.728,Central
US-2020-105417,1/7/2019,Vivek Sundaresam,Office Supplies,0.8,-18.2525,7,10.43,Central
US-2020-135405,1/9/2019,Melanie Seite,Office Supplies,0.2,1.168,2,9.344,Central
US-2020-135405,1/9/2019,Melanie Seite,Technology,0.2,9.75,3,31.2,Central
US-2020-149020,1/10/2019,Anthony Jacobs,Furniture,0,21.2954,1,51.94,South
US-2020-149020,1/10/2019,Anthony Jacobs,Office Supplies,0,1.3583,1,2.89,South
US-2020-130092,1/11/2019,Seth Vernon,Furniture,0,3.0814,2,9.94,East
US-2020-109232,1/13/2019,Natalie DeCherney,Furniture,0,87.3504,6,545.94,South
US-2020-118192,1/13/2019,Michael Moore,Office Supplies,0.7,-2.5212,2,3.438,East
US-2020-118192,1/13/2019,Michael Moore,Office Supplies,0.2,13.0928,7,37.408,East
US-2020-157147,1/13/2019,Brian Dahlen,Furniture,0.15,3.9294,3,333.999,West
US-2020-157147,1/13/2019,Brian Dahlen,Office Supplies,0,6.567,5,19.9,West
US-2020-157147,1/13/2019,Brian Dahlen,Office Supplies,0,238.653,5,1325.85,West
US-2020-162775,1/13/2019,Chris Selesnick,Office Supplies,0,2.7072,3,5.64,South
US-2020-162775,1/13/2019,Chris Selesnick,Office Supplies,0,25.47,3,50.94,South
US-2020-162775,1/13/2019,Chris Selesnick,Office Supplies,0,5.3392,2,11.36,South
US-2020-162775,1/13/2019,Chris Selesnick,Office Supplies,0,34.3548,6,572.58,South
US-2020-162775,1/13/2019,Chris Selesnick,Technology,0,258.696,6,646.74,South
US-2020-149524,1/14/2019,Brendan Sweed,Furniture,0.5,-53.2856,4,61.96,East
US-2020-103366,1/15/2019,Erica Hackney,Technology,0,65.978,5,149.95,South
US-2020-115791,1/16/2019,Delfina Latchford,Furniture,0.2,28.5984,6,127.104,East
US-2020-115791,1/16/2019,Delfina Latchford,Office Supplies,0.7,-13.6312,2,18.588,East
US-2020-115791,1/16/2019,Delfina Latchford,Office Supplies,0.2,10.1493,3,30.072,East
US-2020-115791,1/16/2019,Delfina Latchford,Technology,0.4,-31.05,3,124.2,East
US-2020-123477,1/18/2019,David Wiener,Office Supplies,0.2,6.4864,4,64.864,West
US-2020-146591,1/19/2019,Toby Swindell,Furniture,0.7,-320.597,5,181.47,West
US-2020-146591,1/19/2019,Toby Swindell,Office Supplies,0.7,-23.716,10,32.34,West
US-2020-146591,1/19/2019,Toby Swindell,Office Supplies,0.2,36.693,5,108.72,West
US-2020-146591,1/19/2019,Toby Swindell,Office Supplies,0.2,19.6224,4,56.064,West
US-2020-147627,1/20/2019,Hunter Lopez,Furniture,0,224.2674,3,1067.94,South
US-2020-147627,1/20/2019,Hunter Lopez,Furniture,0,11.58,4,38.6,South
US-2020-147627,1/20/2019,Hunter Lopez,Office Supplies,0,6.6584,7,22.96,South
US-2020-147627,1/20/2019,Hunter Lopez,Office Supplies,0,1.7901,3,6.63,South
US-2020-147627,1/20/2019,Hunter Lopez,Office Supplies,0,10.9698,3,23.34,South
US-2020-147627,1/20/2019,Hunter Lopez,Technology,0,181.9818,7,699.93,South
US-2020-147774,1/20/2019,Muhammed MacIntyre,Office Supplies,0.7,-51.5154,1,67.194,South
US-2020-148614,1/20/2019,Mark Van Huff,Furniture,0,5.79,2,19.3,West
US-2020-148614,1/20/2019,Mark Van Huff,Office Supplies,0,9.2928,2,19.36,West
US-2020-167927,1/20/2019,Xylona Preis,Furniture,0,4.8609,3,14.73,Central
US-2020-167927,1/20/2019,Xylona Preis,Furniture,0,30.0234,3,272.94,Central
US-2020-167927,1/20/2019,Xylona Preis,Office Supplies,0.1,93.5816,4,247.716,Central
US-2020-167927,1/20/2019,Xylona Preis,Office Supplies,0,12.7368,3,43.92,Central
US-2020-167927,1/20/2019,Xylona Preis,Office Supplies,0,8.9535,5,19.05,Central
US-2020-167927,1/20/2019,Xylona Preis,Office Supplies,0,13.365,5,29.7,Central
US-2020-167927,1/20/2019,Xylona Preis,Office Supplies,0,4.0542,1,13.98,Central
US-2020-167927,1/20/2019,Xylona Preis,Office Supplies,0,15.9792,2,66.58,Central
US-2020-110422,1/21/2019,Tom Boeckenhauer,Furniture,0.2,4.1028,3,25.248,South
US-2020-102645,1/23/2019,Ionia McGrath,Office Supplies,0,19.2384,6,40.08,West
US-2020-146997,1/23/2019,Speros Goranitis,Office Supplies,0,0,3,5.94,Central
US-2020-155502,1/26/2019,Shirley Daniels,Furniture,0,4.4712,3,12.42,South
US-2020-155502,1/26/2019,Shirley Daniels,Furniture,0,30.7818,3,62.82,South
US-2020-155502,1/26/2019,Shirley Daniels,Office Supplies,0,8.34,2,16.68,South
US-2020-155502,1/26/2019,Shirley Daniels,Office Supplies,0,9.3312,3,19.44,South
US-2020-155502,1/26/2019,Shirley Daniels,Office Supplies,0,0,8,489.92,South
US-2020-155502,1/26/2019,Shirley Daniels,Technology,0,52.6344,2,187.98,South
US-2020-155502,1/26/2019,Shirley Daniels,Technology,0,0,13,155.35,South
US-2020-167997,1/26/2019,Carol Adams,Furniture,0,39.7488,2,141.96,Central
US-2020-167997,1/26/2019,Carol Adams,Office Supplies,0,5.0196,2,10.68,Central
US-2020-117163,1/27/2019,Ed Jacobs,Furniture,0.2,-16.65,3,333,West
US-2020-117163,1/27/2019,Ed Jacobs,Office Supplies,0,12.0252,4,36.44,West
US-2020-117163,1/27/2019,Ed Jacobs,Office Supplies,0,14.3075,1,57.23,West
US-2020-100328,1/28/2019,Jasper Cacioppo,Office Supplies,0.2,1.3257,1,3.928,East
US-2020-134103,1/30/2019,Mike Vittorini,Office Supplies,0,4.752,2,10.56,Central
US-2020-134103,1/30/2019,Mike Vittorini,Office Supplies,0,6.8982,2,229.94,Central
US-2020-115161,1/31/2019,Liz Carlisle,Furniture,0.15,3.4196,2,290.666,West
US-2020-140795,2/1/2019,Bradley Drucker,Technology,0,206.316,6,468.9,Central
US-2020-123400,2/2/2019,Eric Barreto,Office Supplies,0.7,-12.224,2,18.336,South
US-2020-123400,2/2/2019,Eric Barreto,Technology,0.2,13.572,5,180.96,South
US-2020-139857,2/2/2019,Cynthia Delaney,Office Supplies,0,5.8045,5,12.35,West
US-2020-111059,2/3/2019,Tom Boeckenhauer,Office Supplies,0.2,4.3134,3,13.272,West
US-2020-111059,2/3/2019,Tom Boeckenhauer,Office Supplies,0.2,27.248,2,83.84,West
US-2020-104808,2/4/2019,Mark Haberlin,Office Supplies,0.2,6.0368,2,17.248,West
US-2020-107181,2/4/2019,Deborah Brumfield,Office Supplies,0.2,29.0136,3,82.896,West
US-2020-107181,2/4/2019,Deborah Brumfield,Office Supplies,0,16.0928,4,34.24,West
US-2020-108182,2/6/2019,Delfina Latchford,Office Supplies,0.8,-14.7708,2,8.952,Central
US-2020-131905,2/6/2019,Neil Ducich,Office Supplies,0,7.2,4,15,South
US-2020-131905,2/6/2019,Neil Ducich,Technology,0,42.0355,5,144.95,South
US-2020-131905,2/6/2019,Neil Ducich,Technology,0,42.0186,1,161.61,South
US-2020-107755,2/7/2019,Cyma Kinney,Technology,0,49.6048,7,115.36,East
US-2020-169390,2/7/2019,Chris Selesnick,Office Supplies,0,9.744,4,64.96,East
US-2020-125759,2/8/2019,Nathan Mautz,Furniture,0,5.5328,2,14.56,West
US-2020-127614,2/11/2019,Natalie Fritzler,Furniture,0,75.3732,6,1256.22,South
US-2020-127614,2/11/2019,Natalie Fritzler,Office Supplies,0,8.2062,2,17.46,South
US-2020-127614,2/11/2019,Natalie Fritzler,Technology,0,103.158,3,234.45,South
US-2020-168368,2/11/2019,Guy Armstrong,Furniture,0,15.2225,1,60.89,Central
US-2020-168368,2/11/2019,Guy Armstrong,Furniture,0,53.2704,3,332.94,Central
US-2020-168368,2/11/2019,Guy Armstrong,Office Supplies,0,24.393,3,51.9,Central
US-2020-168368,2/11/2019,Guy Armstrong,Office Supplies,0,4.4344,2,9.64,Central
US-2020-168368,2/11/2019,Guy Armstrong,Office Supplies,0,6.8724,3,14.94,Central
US-2020-168368,2/11/2019,Guy Armstrong,Office Supplies,0,2.5984,2,64.96,Central
US-2020-110674,2/12/2019,Sanjit Chand,Furniture,0.2,-24.294,2,129.568,West
US-2020-107706,2/14/2019,Shui Tom,Office Supplies,0.2,6.066,3,16.176,Central
US-2020-121762,2/14/2019,Marina Lichtenstein,Office Supplies,0,22.9488,2,81.96,West
US-2020-121762,2/14/2019,Marina Lichtenstein,Office Supplies,0,4.7724,2,238.62,West
US-2020-121762,2/14/2019,Marina Lichtenstein,Technology,0,86.3892,3,239.97,West
US-2020-165568,2/15/2019,Barry Französisch,Office Supplies,0.2,7.209,5,21.36,West
US-2020-122567,2/16/2019,Michael Nguyen,Office Supplies,0.8,-13.93,2,7.96,Central
US-2020-122567,2/16/2019,Michael Nguyen,Office Supplies,0.8,-1.728,3,1.08,Central
US-2020-154165,2/17/2019,Delfina Latchford,Office Supplies,0.2,8.8088,14,54.208,Central
US-2020-152905,2/18/2019,Aaron Bergman,Office Supplies,0.2,-2.5248,2,12.624,Central
US-2020-165589,2/18/2019,Troy Blackwell,Furniture,0.6,-11.322,5,25.16,Central
US-2020-109491,2/20/2019,Linda Cazamias,Furniture,0,6.9088,4,20.32,Central
US-2020-109491,2/20/2019,Linda Cazamias,Technology,0,22.4316,3,62.31,Central
US-2020-164903,2/20/2019,Steven Roelle,Office Supplies,0,6.2208,2,12.96,West
US-2020-165540,2/21/2019,Tamara Manning,Office Supplies,0.8,-13.7175,5,8.85,Central
US-2020-133354,2/22/2019,Sue Ann Reed,Office Supplies,0,9.3312,3,19.44,West
US-2020-103744,2/23/2019,Michael Grace,Office Supplies,0.8,-6.8634,3,4.428,Central
US-2020-103744,2/23/2019,Michael Grace,Office Supplies,0.2,2.3409,3,6.936,Central
US-2020-137680,2/24/2019,Jennifer Halladay,Office Supplies,0.2,7.6869,3,22.776,West
US-2020-137680,2/24/2019,Jennifer Halladay,Office Supplies,0.2,11.1024,4,32.896,West
US-2020-156545,2/27/2019,Joy Smith,Office Supplies,0.2,3.4048,4,19.456,East
US-2020-104269,3/1/2019,Dave Brooks,Furniture,0.2,51.4764,2,457.568,West
US-2020-113880,3/1/2019,Vicky Freymann,Furniture,0.3,-172.1172,6,634.116,Central
US-2020-113880,3/1/2019,Vicky Freymann,Office Supplies,0.2,5.6784,3,17.472,Central
US-2020-131009,3/1/2019,Shahid Collister,Furniture,0.3,0,6,362.25,Central
US-2020-131009,3/1/2019,Shahid Collister,Furniture,0.6,-34.9536,6,63.552,Central
US-2020-131009,3/1/2019,Shahid Collister,Office Supplies,0.2,-3.5325,5,18.84,Central
US-2020-131009,3/1/2019,Shahid Collister,Office Supplies,0.2,-22.6716,3,129.552,Central
US-2020-143707,3/1/2019,Hallie Redmond,Technology,0,1.6038,3,5.94,East
US-2020-168312,3/1/2019,Giulietta Weimer,Furniture,0.3,-43.0296,3,376.509,Central
US-2020-168312,3/1/2019,Giulietta Weimer,Office Supplies,0.2,8.5845,3,137.352,Central
US-2020-107524,3/2/2019,Kristina Nunn,Office Supplies,0,5.3392,2,11.36,East
US-2020-107524,3/2/2019,Kristina Nunn,Office Supplies,0,17.472,5,36.4,East
US-2020-111157,3/2/2019,Nicole Hansen,Office Supplies,0.2,1.07,1,3.424,East
US-2020-111157,3/2/2019,Nicole Hansen,Technology,0.2,32.13,3,151.2,East
US-2020-105648,3/3/2019,Eva Jacobs,Furniture,0.2,-23.4882,3,626.352,West
US-2020-127964,3/3/2019,Anne Pryor,Office Supplies,0.2,9.1785,5,25.32,East
US-2020-127964,3/3/2019,Anne Pryor,Office Supplies,0.2,40.872,3,125.76,East
US-2020-127964,3/3/2019,Anne Pryor,Technology,0,4.5954,1,9.99,East
US-2020-127978,3/3/2019,Jill Stevenson,Furniture,0.5,-199.617,5,302.45,East
US-2020-127978,3/3/2019,Jill Stevenson,Office Supplies,0.2,4.914,3,15.12,East
US-2020-127978,3/3/2019,Jill Stevenson,Office Supplies,0.2,-10.0512,8,44.672,East
US-2020-130421,3/3/2019,Sam Craven,Office Supplies,0.8,-459.6072,3,176.772,Central
US-2020-155852,3/3/2019,Ashley Jarboe,Office Supplies,0.2,3.4048,4,19.456,South
US-2020-116239,3/4/2019,Clay Ludtke,Office Supplies,0,17.745,5,354.9,South
US-2020-117016,3/4/2019,Sanjit Chand,Office Supplies,0.2,2.3328,3,15.552,South
US-2020-169061,3/5/2019,Aimee Bixby,Office Supplies,0,15.4752,3,59.52,East
US-2020-169061,3/5/2019,Aimee Bixby,Office Supplies,0.2,16.7508,6,49.632,East
US-2020-169061,3/5/2019,Aimee Bixby,Office Supplies,0,45.9754,2,97.82,East
US-2020-169061,3/5/2019,Aimee Bixby,Office Supplies,0,5.3998,2,18.62,East
US-2020-169061,3/5/2019,Aimee Bixby,Technology,0,177.5889,3,479.97,East
US-2020-104563,3/7/2019,Craig Molinari,Furniture,0.2,21.8352,6,436.704,West
US-2020-104563,3/7/2019,Craig Molinari,Furniture,0.2,54.1764,2,481.568,West
US-2020-104563,3/7/2019,Craig Molinari,Office Supplies,0,9.499,5,20.65,West
US-2020-104563,3/7/2019,Craig Molinari,Office Supplies,0,0,5,204.9,West
US-2020-131982,3/7/2019,Nora Pelletier,Office Supplies,0.2,33.64,2,107.648,West
US-2020-156587,3/7/2019,Aaron Bergman,Furniture,0.2,5.4801,1,48.712,West
US-2020-156587,3/7/2019,Aaron Bergman,Office Supplies,0,4.6644,3,17.94,West
US-2020-156587,3/7/2019,Aaron Bergman,Office Supplies,0,4.8588,3,242.94,West
US-2020-100279,3/10/2019,Scott Williamson,Office Supplies,0,10.7424,2,22.38,Central
US-2020-140116,3/10/2019,Kean Thornton,Office Supplies,0.2,9.3564,4,83.168,West
US-2020-140116,3/10/2019,Kean Thornton,Office Supplies,0.2,-15.9102,3,636.408,West
US-2020-103338,3/11/2019,Richard Bierner,Office Supplies,0,2.0748,3,7.98,West
US-2020-114790,3/11/2019,Filia McAdams,Office Supplies,0,38.1576,3,146.76,South
US-2020-114790,3/11/2019,Filia McAdams,Office Supplies,0,7.0218,3,14.94,South
US-2020-114790,3/11/2019,Filia McAdams,Technology,0,14.1728,2,32.96,South
US-2020-114790,3/11/2019,Filia McAdams,Technology,0,164.6316,3,587.97,South
US-2020-158337,3/11/2019,Kelly Andreada,Office Supplies,0,49.014,14,108.92,East
US-2020-166884,3/11/2019,Chloris Kastensmidt,Furniture,0.2,2.288,5,8.32,East
US-2020-166884,3/11/2019,Chloris Kastensmidt,Office Supplies,0.2,1.7004,6,10.464,East
US-2020-100293,3/14/2019,Neil Französisch,Office Supplies,0.2,31.8696,6,91.056,South
US-2020-114510,3/14/2019,Jason Fortune-,Office Supplies,0.2,11.1672,4,33.088,West
US-2020-114510,3/14/2019,Jason Fortune-,Office Supplies,0.2,20.1656,2,62.048,West
US-2020-114510,3/14/2019,Jason Fortune-,Office Supplies,0,3.2392,1,80.98,West
US-2020-114510,3/14/2019,Jason Fortune-,Office Supplies,0,5.7672,2,21.36,West
US-2020-114510,3/14/2019,Jason Fortune-,Technology,0,6.624,12,82.8,West
US-2020-125521,3/14/2019,Christine Kargatis,Furniture,0,284.98,4,1139.92,South
US-2020-152618,3/14/2019,Rick Bensley,Office Supplies,0.2,2.64,2,8.448,Central
US-2020-152618,3/14/2019,Rick Bensley,Technology,0.3,156.047,2,574.91,Central
US-2020-157623,3/14/2019,Dean Katz,Office Supplies,0,1.2506,1,3.38,West
US-2020-157623,3/14/2019,Dean Katz,Office Supplies,0,4.752,2,10.56,West
US-2020-149958,3/15/2019,Alan Shonely,Furniture,0.2,5.1408,3,45.696,South
US-2020-149958,3/15/2019,Alan Shonely,Office Supplies,0.7,-5.5338,3,7.218,South
US-2020-149958,3/15/2019,Alan Shonely,Office Supplies,0.7,-31.6712,4,43.188,South
US-2020-149958,3/15/2019,Alan Shonely,Office Supplies,0.2,47.8152,3,131.904,South
US-2020-149958,3/15/2019,Alan Shonely,Office Supplies,0.2,17.847,1,142.776,South
US-2020-157609,3/16/2019,Kristina Nunn,Technology,0.2,29.495,2,471.92,South
US-2020-118339,3/17/2019,Bradley Nguyen,Office Supplies,0,36.5742,2,93.78,Central
US-2020-118339,3/17/2019,Bradley Nguyen,Office Supplies,0,5.7072,6,19.68,Central
US-2020-118339,3/17/2019,Bradley Nguyen,Office Supplies,0,17.2224,6,35.88,Central
US-2020-118339,3/17/2019,Bradley Nguyen,Office Supplies,0,25.098,10,53.4,Central
US-2020-118339,3/17/2019,Bradley Nguyen,Office Supplies,0,23.59,7,47.18,Central
US-2020-127859,3/17/2019,Quincy Jones,Office Supplies,0.2,41.1528,6,126.624,East
US-2020-148838,3/17/2019,Christine Phan,Furniture,0.4,-553.6476,4,1071.576,East
US-2020-148838,3/17/2019,Christine Phan,Furniture,0.4,-447.5947,7,1579.746,East
US-2020-148838,3/17/2019,Christine Phan,Furniture,0.4,-122.7816,3,613.908,East
US-2020-148838,3/17/2019,Christine Phan,Office Supplies,0,75.9696,4,155.04,East
US-2020-148838,3/17/2019,Christine Phan,Office Supplies,0,16.3842,7,34.86,East
US-2020-158442,3/17/2019,Annie Zypern,Office Supplies,0.2,0.3336,2,4.448,Central
US-2020-158442,3/17/2019,Annie Zypern,Office Supplies,0.2,1.8792,1,5.184,Central
US-2020-158442,3/17/2019,Annie Zypern,Office Supplies,0.2,5.4432,3,15.552,Central
US-2020-164763,3/17/2019,Mark Haberlin,Office Supplies,0,8.4942,3,32.67,South
US-2020-164763,3/17/2019,Mark Haberlin,Office Supplies,0,14.9156,2,30.44,South
US-2020-164763,3/17/2019,Mark Haberlin,Office Supplies,0,5.3721,3,11.43,South
US-2020-164763,3/17/2019,Mark Haberlin,Office Supplies,0,7.68,4,16,South
US-2020-164763,3/17/2019,Mark Haberlin,Office Supplies,0,6.3504,2,12.96,South
US-2020-111871,3/18/2019,Eileen Kiefer,Furniture,0.15,70.49,10,1198.33,West
US-2020-131275,3/18/2019,Sample Company A,Furniture,0,14.43,2,111,West
US-2020-131275,3/18/2019,Sample Company A,Office Supplies,0,334.1142,7,1856.19,West
US-2020-131275,3/18/2019,Sample Company A,Technology,0.2,415.9896,4,1279.968,West
US-2020-145317,3/18/2019,Sean Miller,Furniture,0.2,15.294,3,122.352,South
US-2020-145317,3/18/2019,Sean Miller,Furniture,0.2,8.0766,2,30.768,South
US-2020-145317,3/18/2019,Sean Miller,Office Supplies,0.2,1.002,3,8.016,South
US-2020-145317,3/18/2019,Sean Miller,Office Supplies,0.2,5.9175,3,18.936,South
US-2020-145317,3/18/2019,Sean Miller,Office Supplies,0.2,7.4816,4,21.376,South
US-2020-145317,3/18/2019,Sean Miller,Technology,0.5,-1811.0784,6,22638.48,South
US-2020-145317,3/18/2019,Sean Miller,Technology,0.5,-16.426,4,821.3,South
US-2020-103989,3/19/2019,Matt Connell,Furniture,0.2,5.5044,3,20.016,South
US-2020-103989,3/19/2019,Matt Connell,Furniture,0.2,1.3728,3,4.992,South
US-2020-103989,3/19/2019,Matt Connell,Office Supplies,0.7,-25.737,5,33.57,South
US-2020-103989,3/19/2019,Matt Connell,Office Supplies,0.2,3.9852,4,11.808,South
US-2020-103989,3/19/2019,Matt Connell,Office Supplies,0.2,1.962,3,26.16,South
US-2020-103989,3/19/2019,Matt Connell,Technology,0.2,53.2,2,170.24,South
US-2020-103989,3/19/2019,Matt Connell,Technology,0.2,28.3479,3,323.976,South
US-2020-107405,3/21/2019,Thomas Seio,Office Supplies,0.2,-3.8646,1,16.272,South
US-2020-140004,3/21/2019,Cassandra Brandow,Office Supplies,0.2,1.5876,3,6.048,East
US-2020-140004,3/21/2019,Cassandra Brandow,Office Supplies,0.2,1.2038,2,7.408,East
US-2020-155544,3/21/2019,Gary McGarr,Furniture,0.2,-10.9188,3,218.376,South
US-2020-155544,3/21/2019,Gary McGarr,Furniture,0.2,6.5904,3,32.952,South
US-2020-155544,3/21/2019,Gary McGarr,Office Supplies,0.2,22.2,5,59.2,South
US-2020-163223,3/21/2019,Kristen Hastings,Office Supplies,0,2.7028,4,9.32,South
US-2020-163223,3/21/2019,Kristen Hastings,Office Supplies,0,59.0112,3,122.94,South
US-2020-163223,3/21/2019,Kristen Hastings,Office Supplies,0,6.624,5,14.4,South
US-2020-163223,3/21/2019,Kristen Hastings,Office Supplies,0,60.2553,3,122.97,South
US-2020-163223,3/21/2019,Kristen Hastings,Technology,0,909.9818,7,3499.93,South
US-2020-129609,3/22/2019,Vivian Mathis,Office Supplies,0,6.512,2,16.28,Central
US-2020-148040,3/22/2019,Beth Fritzler,Furniture,0.2,-35.3646,3,314.352,West
US-2020-148040,3/22/2019,Beth Fritzler,Office Supplies,0.2,23.235,3,74.352,West
US-2020-158057,3/22/2019,Craig Carroll,Office Supplies,0.7,-39.4565,5,51.465,South
US-2020-158057,3/22/2019,Craig Carroll,Office Supplies,0.7,-5.8604,4,7.644,South
US-2020-120838,3/23/2019,Patrick O'Donnell,Office Supplies,0,85.904,2,330.4,West
US-2020-120838,3/23/2019,Patrick O'Donnell,Technology,0.2,37.797,6,604.752,West
US-2020-164749,3/23/2019,Bruce Geld,Office Supplies,0.2,3.2214,3,9.912,South
US-2020-143637,3/24/2019,Maurice Satty,Furniture,0,14.5728,2,40.48,West
US-2020-147235,3/24/2019,Carlos Daly,Office Supplies,0,11.703,5,24.9,East
US-2020-128237,3/25/2019,Christina Anderson,Office Supplies,0,9.9216,6,25.44,West
US-2020-128237,3/25/2019,Christina Anderson,Office Supplies,0,3.72,2,14.88,West
US-2020-128237,3/25/2019,Christina Anderson,Office Supplies,0,1.9024,2,6.56,West
US-2020-128237,3/25/2019,Christina Anderson,Technology,0,15.918,4,45.48,West
US-2020-148586,3/25/2019,Annie Zypern,Furniture,0.1,65.2064,7,366.786,East
US-2020-100860,3/26/2019,Cindy Stewart,Office Supplies,0,9,5,18.75,West
US-2020-138436,3/26/2019,Jonathan Doherty,Technology,0,8.619,3,66.3,West
US-2020-141838,3/26/2019,Damala Kotsonis,Office Supplies,0,0.84,2,3.36,West
US-2020-141838,3/26/2019,Damala Kotsonis,Office Supplies,0.2,9.4284,4,27.936,West
US-2020-141838,3/26/2019,Damala Kotsonis,Technology,0.2,2.8784,2,28.784,West
US-2020-100881,3/28/2019,Daniel Raglin,Technology,0.2,22.6782,3,302.376,West
US-2020-117380,3/28/2019,Mike Pelletier,Furniture,0.4,-143.2548,1,330.588,East
US-2020-137869,3/28/2019,Christina VanderZanden,Furniture,0,106.6248,4,1184.72,Central
US-2020-137869,3/28/2019,Christina VanderZanden,Office Supplies,0,2.8764,3,6.12,Central
US-2020-137274,3/29/2019,Mike Gockenbach,Furniture,0.3,-152.7156,3,890.841,Central
US-2020-105151,3/30/2019,Susan Gilcrest,Office Supplies,0,2.94,5,10.5,East
US-2020-113124,3/30/2019,Nat Carroll,Office Supplies,0,6.465,2,129.3,Central
US-2020-131247,3/30/2019,Guy Armstrong,Furniture,0.15,-12.098,2,205.666,West
US-2020-133424,3/30/2019,Dorris liebe,Office Supplies,0,22.2,3,44.4,West
US-2020-133424,3/30/2019,Dorris liebe,Office Supplies,0,0,3,15.84,West
US-2020-162089,3/30/2019,Mark Packer,Furniture,0.3,-9.093,7,127.302,Central
US-2020-162089,3/30/2019,Mark Packer,Office Supplies,0.2,113.3055,5,335.72,Central
US-2020-162089,3/30/2019,Mark Packer,Technology,0.2,88.1804,7,251.944,Central
US-2020-169033,3/30/2019,Kunst Miller,Office Supplies,0,20.853,5,49.65,East
US-2020-101770,3/31/2019,Karen Bern,Office Supplies,0.7,-1.3083,1,1.869,South
US-2020-104759,3/31/2019,Dorothy Dickinson,Office Supplies,0.8,-13.8278,7,8.134,Central
US-2020-104759,3/31/2019,Dorothy Dickinson,Technology,0.2,13.9972,2,79.984,Central
US-2020-112403,3/31/2019,Jas O'Carroll,Office Supplies,0.7,-0.5964,1,0.852,East
US-2020-128055,3/31/2019,Alex Avila,Office Supplies,0,14.8344,2,52.98,West
US-2020-128055,3/31/2019,Alex Avila,Office Supplies,0.2,252.588,2,673.568,West
US-2020-130428,3/31/2019,Trudy Glocke,Furniture,0.2,98.4802,7,1125.488,South
US-2020-130428,3/31/2019,Trudy Glocke,Office Supplies,0.2,1.0584,2,4.032,South
US-2020-130428,3/31/2019,Trudy Glocke,Office Supplies,0.7,-10.116,5,12.645,South
US-2020-138359,4/1/2019,Katharine Harms,Office Supplies,0,3.0576,2,6.24,East
US-2020-138359,4/1/2019,Katharine Harms,Office Supplies,0,2.6784,4,66.96,East
US-2020-157021,4/1/2019,Kunst Miller,Office Supplies,0.2,5.5536,4,17.088,West
US-2020-157021,4/1/2019,Kunst Miller,Office Supplies,0,14.8,2,29.6,West
US-2020-157847,4/2/2019,Sam Craven,Office Supplies,0.2,10.465,7,33.488,Central
US-2020-157847,4/2/2019,Sam Craven,Office Supplies,0.2,9.352,5,26.72,Central
US-2020-160276,4/2/2019,Anna Häberlin,Furniture,0,46.1968,2,177.68,South
US-2020-164315,4/2/2019,Rob Dowd,Office Supplies,0,40.274,5,154.9,South
US-2020-164315,4/2/2019,Rob Dowd,Office Supplies,0,7.128,3,15.84,South
US-2020-164315,4/2/2019,Rob Dowd,Technology,0,293.9804,7,1049.93,South
US-2020-112291,4/3/2019,Katrina Edelman,Office Supplies,0,5.58,2,11.16,West
US-2020-112291,4/3/2019,Katrina Edelman,Technology,0,57.5928,2,159.98,West
US-2020-112291,4/3/2019,Katrina Edelman,Technology,0,22.4316,3,62.31,West
US-2020-105172,4/4/2019,Paul Knutson,Office Supplies,0,9.072,6,18.9,West
US-2020-128685,4/4/2019,Mary Zewe,Office Supplies,0.2,2.245,2,7.184,West
US-2020-133228,4/4/2019,Maurice Satty,Furniture,0,2.3521,1,5.47,Central
US-2020-133228,4/4/2019,Maurice Satty,Office Supplies,0,23.808,4,79.36,Central
US-2020-149538,4/4/2019,Ken Black,Office Supplies,0,6.3504,2,12.96,South
US-2020-149538,4/4/2019,Ken Black,Office Supplies,0,9.3312,3,19.44,South
US-2020-149538,4/4/2019,Ken Black,Office Supplies,0,9.302,5,232.55,South
US-2020-149538,4/4/2019,Ken Black,Technology,0,42.9914,2,99.98,South
US-2020-102988,4/5/2019,Greg Maxwell,Office Supplies,0,6.6584,7,22.96,South
US-2020-102988,4/5/2019,Greg Maxwell,Office Supplies,0,7.5768,7,22.96,South
US-2020-102988,4/5/2019,Greg Maxwell,Office Supplies,0,6.3504,2,12.96,South
US-2020-102988,4/5/2019,Greg Maxwell,Office Supplies,0,83.281,5,4164.05,South
US-2020-102988,4/5/2019,Greg Maxwell,Technology,0,8.4071,1,28.99,South
US-2020-113887,4/5/2019,Tracy Hopkins,Office Supplies,0,26.6304,1,55.48,East
US-2020-149104,4/5/2019,Ruben Dartt,Office Supplies,0,7.476,2,26.7,Central
US-2020-149104,4/5/2019,Ruben Dartt,Office Supplies,0,4.5837,3,13.89,Central
US-2020-149104,4/5/2019,Ruben Dartt,Office Supplies,0,18.09,5,40.2,Central
US-2020-149104,4/5/2019,Ruben Dartt,Office Supplies,0,20.6946,6,689.82,Central
US-2020-151001,4/5/2019,John Grady,Office Supplies,0.2,3.9072,4,52.096,Central
US-2020-151001,4/5/2019,John Grady,Office Supplies,0.2,3.7224,4,49.632,Central
US-2020-157231,4/5/2019,Roy Phan,Office Supplies,0,56.5264,7,115.36,South
US-2020-102652,4/6/2019,Andy Yotov,Furniture,0,15.6332,2,91.96,West
US-2020-102652,4/6/2019,Andy Yotov,Furniture,0,12.9129,7,33.11,West
US-2020-102652,4/6/2019,Andy Yotov,Office Supplies,0,26.6304,1,55.48,West
US-2020-102652,4/6/2019,Andy Yotov,Office Supplies,0,9.3312,3,19.44,West
US-2020-118486,4/6/2019,Shirley Daniels,Furniture,0.4,-36.1116,3,154.764,East
US-2020-118486,4/6/2019,Shirley Daniels,Office Supplies,0.2,-2.1896,1,10.304,East
US-2020-118486,4/6/2019,Shirley Daniels,Technology,0.2,21.897,2,116.784,East
US-2020-136742,4/6/2019,Guy Phonely,Office Supplies,0.7,-35.928,6,44.91,East
US-2020-153808,4/6/2019,Frank Hawley,Office Supplies,0,18.447,3,70.95,West
US-2020-153808,4/6/2019,Frank Hawley,Office Supplies,0.2,23.7684,2,65.568,West
US-2020-153808,4/6/2019,Frank Hawley,Technology,0,131.9868,3,299.97,West
US-2020-169803,4/6/2019,Scott Cohen,Furniture,0,111.1035,3,653.55,West
US-2020-169803,4/6/2019,Scott Cohen,Technology,0,2.034,2,33.9,West
US-2020-124023,4/7/2019,Pauline Johnson,Furniture,0,2.7776,2,8.96,South
US-2020-128846,4/7/2019,Roland Schwarz,Office Supplies,0,60.2553,3,122.97,South
US-2020-128846,4/7/2019,Roland Schwarz,Technology,0,163.787,5,629.95,South
US-2020-165806,4/7/2019,Valerie Mitchum,Office Supplies,0,27.9936,9,58.32,South
US-2020-165806,4/7/2019,Valerie Mitchum,Technology,0,50.2425,3,200.97,South
US-2020-100363,4/8/2019,Jim Mitchum,Office Supplies,0.2,0.8288,2,2.368,West
US-2020-100363,4/8/2019,Jim Mitchum,Office Supplies,0.2,6.8904,3,19.008,West
US-2020-118997,4/8/2019,Ruben Ausman,Furniture,0,316.1392,8,1215.92,South
US-2020-121769,4/8/2019,John Stevenson,Furniture,0.4,-94.6605,1,172.11,East
US-2020-150581,4/8/2019,Nathan Mautz,Furniture,0.2,2.4898,1,99.592,West
US-2020-150581,4/8/2019,Nathan Mautz,Technology,0,139.986,4,399.96,West
US-2020-163797,4/8/2019,Pauline Chand,Office Supplies,0.2,-11.8256,8,49.792,West
US-2020-102715,4/11/2019,Jay Kimmel,Office Supplies,0.2,2.3328,3,6.912,South
US-2020-102715,4/11/2019,Jay Kimmel,Office Supplies,0.2,3.6288,2,10.368,South
US-2020-102715,4/11/2019,Jay Kimmel,Technology,0.2,41.993,7,335.944,South
US-2020-102715,4/11/2019,Jay Kimmel,Technology,0.2,81.5949,3,383.976,South
US-2020-110555,4/11/2019,Michelle Moray,Office Supplies,0,24.3824,7,87.08,West
US-2020-110555,4/11/2019,Michelle Moray,Technology,0,91.3248,6,217.44,West
US-2020-110555,4/11/2019,Michelle Moray,Technology,0.2,9.2386,2,105.584,West
US-2020-121734,4/11/2019,Sanjit Engle,Office Supplies,0.2,3.3544,1,9.584,West
US-2020-138940,4/11/2019,Gary Mitchum,Technology,0.2,265.4232,6,758.352,Central
US-2020-142979,4/12/2019,Edward Hooks,Office Supplies,0,16.2688,2,39.68,West
US-2020-154599,4/12/2019,Kean Nguyen,Furniture,0.15,-18.147,3,308.499,West
US-2020-154599,4/12/2019,Kean Nguyen,Office Supplies,0.2,6.5569,7,18.088,West
US-2020-154599,4/12/2019,Kean Nguyen,Technology,0.2,38.3572,4,438.368,West
US-2020-154599,4/12/2019,Kean Nguyen,Technology,0.2,94.0702,14,1075.088,West
US-2020-158365,4/12/2019,Stewart Visinsky,Office Supplies,0,15.552,5,32.4,Central
US-2020-122336,4/13/2019,Jonathan Doherty,Office Supplies,0.2,1.116,4,17.856,East
US-2020-122336,4/13/2019,Jonathan Doherty,Office Supplies,0.7,-407.976,10,509.97,East
US-2020-122336,4/13/2019,Jonathan Doherty,Office Supplies,0.2,10.0724,13,30.992,East
US-2020-122336,4/13/2019,Jonathan Doherty,Technology,0.4,8.3916,12,71.928,East
US-2020-167724,4/13/2019,Ben Ferrer,Office Supplies,0,3.6018,3,7.83,East
US-2020-120740,4/15/2019,Paul Stevenson,Furniture,0,76.9816,4,187.76,West
US-2020-120740,4/15/2019,Paul Stevenson,Office Supplies,0,31.0184,2,106.96,West
US-2020-155208,4/16/2019,Stephanie Phelps,Office Supplies,0.2,9.768,6,39.072,South
US-2020-100678,4/18/2019,Kunst Miller,Furniture,0.3,-18.1176,3,317.058,Central
US-2020-100678,4/18/2019,Kunst Miller,Office Supplies,0.2,1.008,2,2.688,Central
US-2020-100678,4/18/2019,Kunst Miller,Office Supplies,0.2,50.4063,3,149.352,Central
US-2020-100678,4/18/2019,Kunst Miller,Technology,0.2,28.497,3,227.976,Central
US-2020-110849,4/18/2019,John Lee,Office Supplies,0,3.5475,5,10.75,West
US-2020-110849,4/18/2019,John Lee,Office Supplies,0,3.8048,4,13.12,West
US-2020-110849,4/18/2019,John Lee,Office Supplies,0,3.6022,2,11.62,West
US-2020-110849,4/18/2019,John Lee,Technology,0.2,97.1892,4,287.968,West
US-2020-158470,4/19/2019,Allen Goldenen,Office Supplies,0,26.703,3,58.05,South
US-2020-158470,4/19/2019,Allen Goldenen,Office Supplies,0,34.2144,11,71.28,South
US-2020-169460,4/19/2019,Nicole Fjeld,Furniture,0,26.649,3,76.14,West
US-2020-101462,4/20/2019,Benjamin Patterson,Furniture,0,27.5632,4,59.92,West
US-2020-134572,4/20/2019,Seth Vernon,Furniture,0.3,-95.67,5,744.1,Central
US-2020-134572,4/20/2019,Seth Vernon,Furniture,0.3,-131.951,2,401.59,Central
US-2020-134572,4/20/2019,Seth Vernon,Office Supplies,0.2,5.605,5,44.84,Central
US-2020-136336,4/21/2019,Dorothy Badders,Office Supplies,0,0,6,828.84,South
US-2020-158064,4/21/2019,Allen Armold,Office Supplies,0.2,5.5755,5,16.52,West
US-2020-122070,4/22/2019,Aaron Hawkins,Office Supplies,0.2,3.3453,3,9.912,East
US-2020-122070,4/22/2019,Aaron Hawkins,Office Supplies,0,121.4416,8,247.84,East
US-2020-111857,4/23/2019,Nathan Mautz,Office Supplies,0,22.9877,1,48.91,West
US-2020-112564,4/23/2019,Theresa Swint,Office Supplies,0.7,-1.7514,3,2.502,East
US-2020-150119,4/23/2019,Laurel Beltran,Furniture,0.3,-12.0588,2,281.372,East
US-2020-150119,4/23/2019,Laurel Beltran,Furniture,0.2,7.8176,4,22.336,East
US-2020-150119,4/23/2019,Laurel Beltran,Office Supplies,0.7,-5.2416,8,7.488,East
US-2020-110100,4/25/2019,Lena Creighton,Technology,0.2,37.797,3,302.376,South
US-2020-157406,4/25/2019,Dianna Arnett,Office Supplies,0.2,0.546,3,6.24,Central
US-2020-157406,4/25/2019,Dianna Arnett,Office Supplies,0.2,3.6288,2,10.368,Central
US-2020-166954,4/25/2019,Beth Thompson,Furniture,0.2,148.704,5,1487.04,West
US-2020-166954,4/25/2019,Beth Thompson,Furniture,0,63.6825,5,303.25,West
US-2020-166954,4/25/2019,Beth Thompson,Office Supplies,0,78.5088,3,270.72,West
US-2020-116785,4/26/2019,Marc Harrigan,Office Supplies,0,6.206,5,21.4,West
US-2020-116785,4/26/2019,Marc Harrigan,Office Supplies,0,5.796,2,12.6,West
US-2020-147298,4/26/2019,Aleksandra Gannaway,Furniture,0.2,23.028,3,230.28,West
US-2020-147298,4/26/2019,Aleksandra Gannaway,Office Supplies,0.2,5.715,6,18.288,West
US-2020-118976,4/28/2019,Muhammed Yedwab,Office Supplies,0,1.4952,2,5.34,East
US-2020-118976,4/28/2019,Muhammed Yedwab,Office Supplies,0,9.387,2,20.86,East
US-2020-118976,4/28/2019,Muhammed Yedwab,Office Supplies,0,1.512,1,3.15,East
US-2020-118976,4/28/2019,Muhammed Yedwab,Office Supplies,0,129.3786,9,497.61,East
US-2020-131387,4/28/2019,Arianne Irving,Technology,0.2,125.997,5,1679.96,West
US-2020-132983,4/28/2019,David Smith,Technology,0,57.5928,2,159.98,East
US-2020-140228,4/28/2019,George Bell,Office Supplies,0.2,2.5056,3,6.912,East
US-2020-140228,4/28/2019,George Bell,Office Supplies,0.2,-37.7332,2,177.568,East
US-2020-140228,4/28/2019,George Bell,Office Supplies,0.2,2.0322,3,27.096,East
US-2020-107811,4/29/2019,Laura Armstrong,Furniture,0.2,70.198,2,561.584,South
US-2020-107811,4/29/2019,Laura Armstrong,Office Supplies,0.2,-1.249,5,99.92,South
US-2020-118304,4/29/2019,Katherine Hughes,Technology,0,5.1948,2,19.98,East
US-2020-134061,4/29/2019,Lauren Leatherbury,Furniture,0,5.9364,2,17.46,East
US-2020-142727,4/29/2019,Harry Greene,Furniture,0,12.99,2,51.96,South
US-2020-142727,4/29/2019,Harry Greene,Office Supplies,0,8.6112,3,17.94,South
US-2020-156006,4/30/2019,Tamara Manning,Technology,0,16.2486,3,47.79,South
US-2020-160094,4/30/2019,Justin MacKendrick,Office Supplies,0,45.487,5,174.95,South
US-2020-160094,4/30/2019,Justin MacKendrick,Office Supplies,0,214.76,5,826,South
US-2020-115056,5/2/2019,Andrew Roberts,Office Supplies,0.2,1.9602,3,26.136,East
US-2020-124618,5/2/2019,Cari Schnelling,Technology,0.2,89.997,2,479.984,South
US-2020-130274,5/3/2019,Joni Sundaresam,Office Supplies,0,10.3488,7,21.56,Central
US-2020-135755,5/3/2019,Nathan Cano,Office Supplies,0.2,3.9498,3,10.896,East
US-2020-135755,5/3/2019,Nathan Cano,Office Supplies,0.2,14.5638,3,40.176,East
US-2020-111899,5/4/2019,Nat Carroll,Office Supplies,0.2,2.838,2,37.84,Central
US-2020-111899,5/4/2019,Nat Carroll,Office Supplies,0.2,1.8468,6,5.472,Central
US-2020-117709,5/4/2019,Paul MacIntyre,Office Supplies,0,21.06,4,46.8,Central
US-2020-148194,5/4/2019,Bill Shonely,Furniture,0,3.8976,7,12.18,West
US-2020-148194,5/4/2019,Bill Shonely,Office Supplies,0,19.0344,4,57.68,West
US-2020-155271,5/4/2019,Andrew Allen,Furniture,0,9.8856,2,27.46,East
US-2020-110219,5/5/2019,Emily Burns,Furniture,0.3,-9.1335,3,127.869,Central
US-2020-111934,5/5/2019,Giulietta Dortch,Office Supplies,0,5.346,2,11.88,South
US-2020-111934,5/5/2019,Giulietta Dortch,Office Supplies,0,16.6568,1,35.44,South
US-2020-160738,5/5/2019,Katharine Harms,Office Supplies,0.2,3.9592,2,45.248,Central
US-2020-166457,5/5/2019,Peter Fuller,Office Supplies,0,1.9024,2,6.56,South
US-2020-166457,5/5/2019,Peter Fuller,Office Supplies,0,11.5432,2,24.56,South
US-2020-166457,5/5/2019,Peter Fuller,Office Supplies,0,4.239,3,9.42,South
US-2020-121664,5/6/2019,Harold Pawlan,Office Supplies,0.2,52.776,8,140.736,West
US-2020-154879,5/6/2019,Steve Nguyen,Office Supplies,0,30.2232,6,107.94,West
US-2020-154879,5/6/2019,Steve Nguyen,Office Supplies,0,2.7166,2,5.78,West
US-2020-166086,5/7/2019,Carol Triggs,Furniture,0,244.2496,4,872.32,East
US-2020-166086,5/7/2019,Carol Triggs,Furniture,0.3,-38.85,2,194.25,East
US-2020-166086,5/7/2019,Carol Triggs,Office Supplies,0,2.5056,3,8.64,East
US-2020-166086,5/7/2019,Carol Triggs,Office Supplies,0,7.9086,3,16.14,East
US-2020-116666,5/8/2019,Kean Thornton,Technology,0.4,239.996,5,1799.97,East
US-2020-102071,5/9/2019,Patrick Gardner,Technology,0,40.3128,3,167.97,West
US-2020-102071,5/9/2019,Patrick Gardner,Technology,0,4.068,4,67.8,West
US-2020-158771,5/9/2019,Sean Braxton,Office Supplies,0,4.536,3,9.45,South
US-2020-158771,5/9/2019,Sean Braxton,Office Supplies,0,9.499,5,20.65,South
US-2020-158771,5/9/2019,Sean Braxton,Office Supplies,0,21.7728,7,45.36,South
US-2020-158771,5/9/2019,Sean Braxton,Office Supplies,0,14.985,3,83.25,South
US-2020-103310,5/10/2019,Greg Matthias,Furniture,0.2,32.098,1,256.784,West
US-2020-103310,5/10/2019,Greg Matthias,Office Supplies,0,19.1808,2,39.96,West
US-2020-103310,5/10/2019,Greg Matthias,Office Supplies,0,11.0808,6,41.04,West
US-2020-103310,5/10/2019,Greg Matthias,Technology,0.2,125.3,5,1432,West
US-2020-114181,5/10/2019,Art Foster,Furniture,0.5,-216.9783,7,349.965,East
US-2020-114181,5/10/2019,Art Foster,Office Supplies,0.2,5.301,5,22.32,East
US-2020-159709,5/10/2019,Arianne Irving,Office Supplies,0,77.4837,3,158.13,West
US-2020-159709,5/10/2019,Arianne Irving,Technology,0.2,4.36,5,43.6,West
US-2020-103849,5/11/2019,Paul Gonzalez,Furniture,0.6,-84.2928,4,66.112,Central
US-2020-103849,5/11/2019,Paul Gonzalez,Technology,0.2,7.264,2,58.112,Central
US-2020-103849,5/11/2019,Paul Gonzalez,Technology,0.2,6.2995,1,100.792,Central
US-2020-119172,5/11/2019,Harold Dahlen,Office Supplies,0.8,-172.557,9,104.58,Central
US-2020-119172,5/11/2019,Harold Dahlen,Office Supplies,0.2,5.6784,3,17.472,Central
US-2020-127523,5/11/2019,Brooke Gillingham,Office Supplies,0,9.6957,3,35.91,East
US-2020-139017,5/11/2019,Raymond Messe,Technology,0.2,7.6154,2,46.864,Central
US-2020-152100,5/11/2019,Victoria Wilson,Furniture,0.3,-69.312,8,1212.96,Central
US-2020-127159,5/12/2019,Hunter Lopez,Furniture,0,10.7849,7,34.79,Central
US-2020-155887,5/12/2019,Kean Thornton,Furniture,0.3,-130.0104,3,700.056,East
US-2020-113768,5/13/2019,Aaron Hawkins,Furniture,0.2,20.9592,6,279.456,West
US-2020-113768,5/13/2019,Aaron Hawkins,Office Supplies,0,3.84,2,8,West
US-2020-114433,5/13/2019,Naresj Patel,Technology,0,52.4895,3,149.97,West
US-2020-140165,5/13/2019,Erica Hernandez,Office Supplies,0.7,-331.96,8,398.352,South
US-2020-140165,5/13/2019,Erica Hernandez,Office Supplies,0.2,2.3976,2,7.104,South
US-2020-167164,5/13/2019,Alejandro Grove,Office Supplies,0,9.99,2,55.5,West
US-2020-106810,5/14/2019,Anthony Johnson,Furniture,0.2,23.316,2,310.88,South
US-2020-125150,5/16/2019,Pauline Webber,Furniture,0.2,17.466,5,232.88,West
US-2020-163146,5/16/2019,Cindy Chapman,Technology,0,3.384,3,56.4,West
US-2020-148761,5/17/2019,Pete Armstrong,Office Supplies,0,45.84,3,91.68,Central
US-2020-103373,5/18/2019,Bruce Stewart,Technology,0.4,-168.9558,2,779.796,East
US-2020-133963,5/18/2019,George Ashbrook,Office Supplies,0.2,1.4442,1,3.984,Central
US-2020-164224,5/18/2019,Ted Trevino,Furniture,0.2,3.7308,3,149.232,East
US-2020-164224,5/18/2019,Ted Trevino,Office Supplies,0.2,5.7768,4,15.936,East
US-2020-107699,5/19/2019,John Huston,Office Supplies,0,26.4132,9,57.42,Central
US-2020-130155,5/19/2019,Tamara Dahlen,Office Supplies,0,9.234,5,34.2,South
US-2020-114188,5/20/2019,Randy Ferguson,Furniture,0,60.1398,7,139.86,East
US-2020-114188,5/20/2019,Randy Ferguson,Office Supplies,0,9.3184,4,33.28,East
US-2020-114188,5/20/2019,Randy Ferguson,Office Supplies,0,11.9412,9,38.52,East
US-2020-130673,5/20/2019,Matt Collister,Furniture,0.6,-5.9409,3,10.332,Central
US-2020-130673,5/20/2019,Matt Collister,Office Supplies,0.2,3.6288,2,10.368,Central
US-2020-130673,5/20/2019,Matt Collister,Office Supplies,0.2,-13.392,5,66.96,Central
US-2020-130673,5/20/2019,Matt Collister,Technology,0.2,-3.6372,2,20.784,Central
US-2020-104780,5/21/2019,Bradley Talbott,Office Supplies,0,10.5072,8,31.84,West
US-2020-117639,5/21/2019,Mitch Willingham,Office Supplies,0,1276.4871,7,2715.93,South
US-2020-117639,5/21/2019,Mitch Willingham,Technology,0,173.0316,3,617.97,South
US-2020-127166,5/21/2019,Katherine Hughes,Furniture,0.3,-29.2524,2,107.772,Central
US-2020-127166,5/21/2019,Katherine Hughes,Office Supplies,0.8,-31.008,3,18.24,Central
US-2020-127166,5/21/2019,Katherine Hughes,Office Supplies,0.2,21.024,6,56.064,Central
US-2020-127166,5/21/2019,Katherine Hughes,Office Supplies,0.2,1.6308,1,4.832,Central
US-2020-152443,5/21/2019,Frank Gastineau,Office Supplies,0,68.8464,6,245.88,East
US-2020-152443,5/21/2019,Frank Gastineau,Office Supplies,0,219.4514,7,447.86,East
US-2020-152443,5/21/2019,Frank Gastineau,Office Supplies,0,8.7906,3,17.94,East
US-2020-143840,5/22/2019,Evan Henry,Technology,0,33.995,2,135.98,South
US-2020-143840,5/22/2019,Evan Henry,Technology,0,12.586,1,44.95,South
US-2020-105767,5/23/2019,Andrew Roberts,Office Supplies,0.2,2.3814,9,21.168,East
US-2020-105767,5/23/2019,Andrew Roberts,Office Supplies,0.7,-2.6256,2,3.282,East
US-2020-105767,5/23/2019,Andrew Roberts,Technology,0.4,-10.1178,2,55.188,East
US-2020-135881,5/23/2019,Greg Tran,Office Supplies,0,56.2032,1,208.16,East
US-2020-135881,5/23/2019,Greg Tran,Office Supplies,0.2,5.837,5,17.96,East
US-2020-135881,5/23/2019,Greg Tran,Office Supplies,0,0.1512,2,5.04,East
US-2020-138513,5/23/2019,Erica Hackney,Office Supplies,0,6.2208,2,12.96,West
US-2020-143413,5/24/2019,Resi Pölking,Office Supplies,0,56.9772,3,116.28,East
US-2020-100391,5/25/2019,Barry Weirich,Office Supplies,0,6.7252,2,14.62,East
US-2020-130379,5/25/2019,Janet Lee,Furniture,0.6,-24.189,2,29.32,Central
US-2020-130379,5/25/2019,Janet Lee,Office Supplies,0.8,-166.32,2,75.6,Central
US-2020-129574,5/26/2019,Dean percer,Office Supplies,0,23.232,5,48.4,West
US-2020-144029,5/26/2019,Michelle Moray,Furniture,0.3,-5.1396,2,359.772,Central
US-2020-144029,5/26/2019,Michelle Moray,Office Supplies,0.2,3.1806,3,13.392,Central
US-2020-144029,5/26/2019,Michelle Moray,Office Supplies,0.2,7.6968,3,102.624,Central
US-2020-156349,5/26/2019,Marina Lichtenstein,Furniture,0.15,27.3568,2,290.666,West
US-2020-156349,5/26/2019,Marina Lichtenstein,Technology,0.2,20.1584,2,201.584,West
US-2020-156349,5/26/2019,Marina Lichtenstein,Technology,0.2,31.494,2,83.984,West
US-2020-158029,5/26/2019,Herbert Flentye,Furniture,0.2,22.5296,2,225.296,West
US-2020-117058,5/27/2019,Laurel Elliston,Office Supplies,0.8,-30.555,6,17.46,Central
US-2020-124429,5/27/2019,Maya Herman,Furniture,0.2,-28.356,10,567.12,West
US-2020-124429,5/27/2019,Maya Herman,Office Supplies,0,7.1864,4,359.32,West
US-2020-139192,5/27/2019,Lena Creighton,Technology,0,37.9962,1,99.99,West
US-2020-139192,5/27/2019,Lena Creighton,Technology,0.2,125.2692,12,1113.504,West
US-2020-108861,5/28/2019,Magdelene Morse,Office Supplies,0.2,51.36,4,136.96,West
US-2020-135993,5/28/2019,Patrick Jones,Technology,0,2.208,4,27.6,West
US-2020-135993,5/28/2019,Patrick Jones,Technology,0.2,5.7408,6,57.408,West
US-2020-103429,5/30/2019,Laurel Workman,Office Supplies,0,77.8635,3,235.95,East
US-2020-103429,5/30/2019,Laurel Workman,Office Supplies,0.2,8.9544,2,25.584,East
US-2020-103429,5/30/2019,Laurel Workman,Office Supplies,0,17.982,4,39.96,East
US-2020-103429,5/30/2019,Laurel Workman,Technology,0,134.56,5,464,East
US-2020-105872,5/30/2019,James Galang,Office Supplies,0.2,26.388,4,70.368,East
US-2020-140473,5/30/2019,Mark Cousins,Technology,0.2,134.9955,3,719.976,Central
US-2020-145800,5/30/2019,Shahid Shariari,Furniture,0.5,-184.8366,3,355.455,Central
US-2020-146885,5/30/2019,Ellis Ballard,Office Supplies,0,6.129,3,13.62,South
US-2020-166051,5/31/2019,Jim Karlsson,Technology,0,32.9817,3,113.73,South
US-2020-166051,5/31/2019,Jim Karlsson,Technology,0,197.991,3,659.97,South
US-2020-111003,6/1/2019,Corey Roper,Office Supplies,0,83.868,6,289.2,East
US-2020-111003,6/1/2019,Corey Roper,Office Supplies,0,20.9208,3,45.48,East
US-2020-131926,6/1/2019,Dianna Wilson,Furniture,0,580.5394,7,2001.86,Central
US-2020-131926,6/1/2019,Dianna Wilson,Office Supplies,0,496.0725,5,1503.25,Central
US-2020-131926,6/1/2019,Dianna Wilson,Office Supplies,0,12.4416,4,25.92,Central
US-2020-131926,6/1/2019,Dianna Wilson,Office Supplies,0,23.94,6,47.88,Central
US-2020-131926,6/1/2019,Dianna Wilson,Office Supplies,0,41.68,2,166.72,Central
US-2020-157070,6/1/2019,Quincy Jones,Office Supplies,0.1,12.376,5,65.52,Central
US-2020-157070,6/1/2019,Quincy Jones,Office Supplies,0,66.5088,4,138.56,Central
US-2020-165659,6/1/2019,Liz Thompson,Furniture,0,9.102,6,22.2,South
US-2020-165659,6/1/2019,Liz Thompson,Technology,0,229.3018,7,881.93,South
US-2020-100895,6/2/2019,Stewart Visinsky,Office Supplies,0,2.6536,2,8.56,South
US-2020-100895,6/2/2019,Stewart Visinsky,Office Supplies,0,107.082,2,356.94,South
US-2020-100895,6/2/2019,Stewart Visinsky,Technology,0,67.1916,3,239.97,South
US-2020-104472,6/2/2019,Christine Kargatis,Furniture,0,21.996,6,73.32,West
US-2020-104472,6/2/2019,Christine Kargatis,Office Supplies,0.2,19.4376,3,59.808,West
US-2020-135657,6/3/2019,Steven Cartwright,Furniture,0,113.4936,6,515.88,West
US-2020-141299,6/3/2019,Ross Baird,Office Supplies,0,7.4872,2,15.28,Central
US-2020-163867,6/3/2019,Richard Eichhorn,Furniture,0.6,-40.0036,7,61.544,Central
US-2020-163867,6/3/2019,Richard Eichhorn,Office Supplies,0.2,5.1792,4,15.936,Central
US-2020-163867,6/3/2019,Richard Eichhorn,Office Supplies,0.2,9.9522,3,132.696,Central
US-2020-147914,6/4/2019,Mark Packer,Office Supplies,0.2,5.8812,2,16.224,East
US-2020-151946,6/4/2019,Bobby Trafton,Furniture,0.2,-44.196,2,353.568,East
US-2020-151946,6/4/2019,Bobby Trafton,Furniture,0,6.7008,2,13.96,East
US-2020-151946,6/4/2019,Bobby Trafton,Furniture,0,21.0752,2,56.96,East
US-2020-151946,6/4/2019,Bobby Trafton,Office Supplies,0,4.0456,4,15.56,East
US-2020-133270,6/6/2019,Bryan Mills,Office Supplies,0,4.9432,2,13.36,East
US-2020-151897,6/6/2019,Valerie Takahito,Office Supplies,0.2,33.831,10,100.24,Central
US-2020-159520,6/6/2019,Grant Thornton,Furniture,0.4,-347.1174,3,991.764,East
US-2020-159520,6/6/2019,Grant Thornton,Office Supplies,0.2,50.4711,9,149.544,East
US-2020-159520,6/6/2019,Grant Thornton,Office Supplies,0,4.4564,2,17.14,East
US-2020-161305,6/6/2019,Sarah Bern,Office Supplies,0.8,-38.1114,3,24.588,Central
US-2020-161305,6/6/2019,Sarah Bern,Office Supplies,0.2,4.7196,2,13.984,Central
US-2020-169257,6/6/2019,Stewart Visinsky,Office Supplies,0.7,-0.91,1,1.365,South
US-2020-169257,6/6/2019,Stewart Visinsky,Office Supplies,0.2,22.4808,2,62.016,South
US-2020-106229,6/7/2019,Nick Radford,Furniture,0.5,-209.7693,3,268.935,Central
US-2020-134971,6/7/2019,Bart Pistole,Office Supplies,0.8,-20.5623,3,12.462,Central
US-2020-108147,6/8/2019,Rick Duston,Office Supplies,0.2,25.68,2,68.48,East
US-2020-108147,6/8/2019,Rick Duston,Office Supplies,0,83.844,6,1676.88,East
US-2020-109162,6/8/2019,Katrina Edelman,Furniture,0.2,10.647,3,170.352,South
US-2020-141257,6/8/2019,Carlos Soltero,Furniture,0.2,73.194,3,585.552,West
US-2020-115812,6/9/2019,Brosina Hoffman,Furniture,0,14.1694,7,48.86,West
US-2020-115812,6/9/2019,Brosina Hoffman,Furniture,0.2,85.3092,9,1706.184,West
US-2020-115812,6/9/2019,Brosina Hoffman,Office Supplies,0,34.47,5,114.9,West
US-2020-115812,6/9/2019,Brosina Hoffman,Office Supplies,0,1.9656,4,7.28,West
US-2020-115812,6/9/2019,Brosina Hoffman,Office Supplies,0.2,5.7825,3,18.504,West
US-2020-115812,6/9/2019,Brosina Hoffman,Technology,0.2,68.3568,4,911.424,West
US-2020-115812,6/9/2019,Brosina Hoffman,Technology,0.2,90.7152,6,907.152,West
US-2020-132612,6/9/2019,Frank Olsen,Furniture,0,245.021,7,1441.3,South
US-2020-133753,6/9/2019,Carl Weiss,Office Supplies,0.2,6.1572,2,70.368,Central
US-2020-133753,6/9/2019,Carl Weiss,Technology,0.2,10.3974,2,63.984,Central
US-2020-133753,6/9/2019,Carl Weiss,Technology,0.2,0.5994,1,7.992,Central
US-2020-133851,6/9/2019,Chuck Magee,Office Supplies,0,10.626,2,23.1,West
US-2020-133851,6/9/2019,Chuck Magee,Office Supplies,0,0.1472,2,7.36,West
US-2020-160262,6/9/2019,Thomas Seio,Furniture,0,14.212,2,37.4,West
US-2020-160262,6/9/2019,Thomas Seio,Office Supplies,0,4.6956,7,18.06,West
US-2020-160262,6/9/2019,Thomas Seio,Office Supplies,0,36.4044,3,79.14,West
US-2020-144281,6/10/2019,Heather Kirkland,Office Supplies,0,240.8595,5,491.55,Central
US-2020-114643,6/13/2019,Filia McAdams,Office Supplies,0,4.7916,3,14.52,West
US-2020-140487,6/14/2019,Sharelle Roach,Furniture,0,57.4938,3,212.94,Central
US-2020-126963,6/15/2019,Pamela Stobb,Office Supplies,0.2,11.8768,2,36.544,Central
US-2020-141215,6/15/2019,Kelly Lampkin,Furniture,0.3,-56.996,4,797.944,Central
US-2020-141215,6/15/2019,Kelly Lampkin,Furniture,0.3,-18.5562,2,99.918,Central
US-2020-141215,6/15/2019,Kelly Lampkin,Office Supplies,0.8,-14.5656,3,8.568,Central
US-2020-113929,6/16/2019,Chloris Kastensmidt,Office Supplies,0,10.5,4,35,East
US-2020-113929,6/16/2019,Chloris Kastensmidt,Office Supplies,0.2,14.3376,3,39.552,East
US-2020-113929,6/16/2019,Chloris Kastensmidt,Office Supplies,0,19.458,5,41.4,East
US-2020-136644,6/16/2019,Sonia Cooley,Furniture,0,32.392,8,647.84,Central
US-2020-104402,6/17/2019,Duane Benoit,Technology,0,31.0059,3,65.97,East
US-2020-144414,6/17/2019,Gary Hwang,Furniture,0,2.6208,3,6.24,West
US-2020-144414,6/17/2019,Gary Hwang,Office Supplies,0.2,1061.5722,3,3266.376,West
US-2020-144414,6/17/2019,Gary Hwang,Office Supplies,0,8.95,5,17.9,West
US-2020-156342,6/17/2019,Jennifer Ferguson,Office Supplies,0.2,22.4808,2,62.016,Central
US-2020-123855,6/18/2019,Mick Crebagga,Technology,0.2,12.2325,5,139.8,West
US-2020-112949,6/20/2019,Corey-Lock,Office Supplies,0,155.727,6,471.9,Central
US-2020-112949,6/20/2019,Corey-Lock,Office Supplies,0,1.6896,2,3.52,Central
US-2020-166863,6/20/2019,Sam Craven,Furniture,0.32,-19.8744,4,193.0656,Central
US-2020-166863,6/20/2019,Sam Craven,Office Supplies,0.8,-5.088,4,3.392,Central
US-2020-166863,6/20/2019,Sam Craven,Office Supplies,0.2,4.0768,2,11.648,Central
US-2020-166863,6/20/2019,Sam Craven,Office Supplies,0.2,5.4432,3,15.552,Central
US-2020-166863,6/20/2019,Sam Craven,Office Supplies,0.2,-127.372,7,509.488,Central
US-2020-166863,6/20/2019,Sam Craven,Technology,0.4,-97.72,2,418.8,Central
US-2020-166863,6/20/2019,Sam Craven,Technology,0.2,20.1584,2,201.584,Central
US-2020-117135,6/21/2019,Naresj Patel,Furniture,0,14.5614,1,104.01,South
US-2020-117135,6/21/2019,Naresj Patel,Office Supplies,0,10.3152,3,36.84,South
US-2020-117135,6/21/2019,Naresj Patel,Technology,0,74.0532,1,284.82,South
US-2020-128146,6/21/2019,Dave Brooks,Office Supplies,0,1.0904,2,3.76,East
US-2020-128146,6/21/2019,Dave Brooks,Technology,0,357.1911,7,1322.93,East
US-2020-130624,6/21/2019,Toby Braunhardt,Office Supplies,0,26.865,3,59.7,East
US-2020-130624,6/21/2019,Toby Braunhardt,Office Supplies,0,9.039,3,19.65,East
US-2020-130624,6/21/2019,Toby Braunhardt,Technology,0,160.6722,3,617.97,East
US-2020-138317,6/21/2019,Natalie Webber,Furniture,0.2,0.6474,1,3.984,East
US-2020-138317,6/21/2019,Natalie Webber,Office Supplies,0.2,3.8864,2,44.416,East
US-2020-138317,6/21/2019,Natalie Webber,Office Supplies,0.7,-7.2048,2,9.006,East
US-2020-138317,6/21/2019,Natalie Webber,Office Supplies,0.2,8.4024,4,24.896,East
US-2020-138317,6/21/2019,Natalie Webber,Technology,0.2,28.7904,4,95.968,East
US-2020-138317,6/21/2019,Natalie Webber,Technology,0.7,-172.4925,3,206.991,East
US-2020-141278,6/21/2019,Raymond Messe,Office Supplies,0,6.206,5,21.4,East
US-2020-141796,6/21/2019,James Galang,Technology,0,352.3065,3,1214.85,East
US-2020-160780,6/21/2019,Stewart Visinsky,Office Supplies,0.7,-8.1312,7,11.088,West
US-2020-160780,6/21/2019,Stewart Visinsky,Office Supplies,0.7,-16.776,2,25.164,West
US-2020-124646,6/22/2019,Dianna Vittorini,Office Supplies,0,0,3,501.81,Central
US-2020-124646,6/22/2019,Dianna Vittorini,Office Supplies,0,9.7164,3,161.94,Central
US-2020-133389,6/22/2019,Toby Braunhardt,Office Supplies,0.7,-6.0324,3,8.226,West
US-2020-142048,6/22/2019,Joel Eaton,Technology,0.2,56.5662,6,196.752,West
US-2020-154963,6/22/2019,Anna Andreadi,Furniture,0.3,0,5,853.93,East
US-2020-154963,6/22/2019,Anna Andreadi,Furniture,0.3,-4.8588,3,170.058,East
US-2020-154963,6/22/2019,Anna Andreadi,Technology,0.4,-15.1767,3,82.782,East
US-2020-126032,6/23/2019,Brian Stugart,Technology,0.2,1.0797,3,86.376,East
US-2020-130358,6/23/2019,Denise Leinenbach,Office Supplies,0.2,1.7514,9,20.016,South
US-2020-130358,6/23/2019,Denise Leinenbach,Office Supplies,0.2,0.3492,1,3.104,South
US-2020-159814,6/24/2019,Liz Pelletier,Furniture,0.2,0.9612,2,4.272,West
US-2020-159338,6/25/2019,Noel Staavos,Furniture,0.2,11.196,5,447.84,West
US-2020-164469,6/25/2019,Grace Kelly,Office Supplies,0.2,0.8162,1,9.328,West
US-2020-164469,6/25/2019,Grace Kelly,Office Supplies,0.2,17.908,11,71.632,West
US-2020-164469,6/25/2019,Grace Kelly,Technology,0.2,19.797,5,263.96,West
US-2020-104283,6/27/2019,Liz MacKendrick,Furniture,0,22.3548,1,85.98,South
US-2020-104283,6/27/2019,Liz MacKendrick,Office Supplies,0,0,5,306.2,South
US-2020-104283,6/27/2019,Liz MacKendrick,Technology,0,53.7504,4,223.96,South
US-2020-140858,6/28/2019,Cynthia Arntzen,Furniture,0.3,0,5,1228.465,East
US-2020-140858,6/28/2019,Cynthia Arntzen,Office Supplies,0.7,-2.4288,3,3.168,East
US-2020-140858,6/28/2019,Cynthia Arntzen,Office Supplies,0.7,-22.7964,3,31.086,East
US-2020-140858,6/28/2019,Cynthia Arntzen,Office Supplies,0.2,14.5152,8,41.472,East
US-2020-140858,6/28/2019,Cynthia Arntzen,Office Supplies,0.2,117.432,4,335.52,East
US-2020-156993,6/28/2019,Rob Williams,Office Supplies,0,3.04,1,6.08,Central
US-2020-111773,6/29/2019,Jim Karlsson,Office Supplies,0.2,4.872,3,13.92,East
US-2020-165974,6/29/2019,Dan Lawera,Office Supplies,0.2,3.6855,7,32.76,East
US-2020-109218,6/30/2019,Anthony Rawles,Office Supplies,0,10.368,5,32.4,West
US-2020-116757,6/30/2019,Michael Stewart,Office Supplies,0.2,7.1928,6,21.312,Central
US-2020-116757,6/30/2019,Michael Stewart,Office Supplies,0.2,9.072,5,25.92,Central
US-2020-121566,6/30/2019,Cari Schnelling,Office Supplies,0,2.904,3,6.6,East
US-2020-121566,6/30/2019,Cari Schnelling,Office Supplies,0.2,0.84,1,2.688,East
US-2020-123064,6/30/2019,Russell Applegate,Office Supplies,0.2,1.64,4,5.248,Central
US-2020-146640,6/30/2019,Helen Abelman,Office Supplies,0.2,108.7996,7,334.768,East
US-2020-152254,6/30/2019,Brian DeCherney,Office Supplies,0.2,108.7408,7,310.688,South
US-2020-153150,7/1/2019,Dorris liebe,Office Supplies,0.2,6.972,5,19.92,West
US-2020-160773,7/1/2019,Laurel Workman,Office Supplies,0.7,-3.6288,6,5.184,South
US-2020-160773,7/1/2019,Laurel Workman,Technology,0.2,71.99,2,575.92,South
US-2020-107594,7/2/2019,Eric Hoffmann,Office Supplies,0,2.1762,1,5.58,East
US-2020-107594,7/2/2019,Eric Hoffmann,Technology,0,19.9746,2,73.98,East
US-2020-120096,7/4/2019,Katrina Edelman,Office Supplies,0.2,3.2432,2,32.432,West
US-2020-120096,7/4/2019,Katrina Edelman,Office Supplies,0.2,62.1376,4,177.536,West
US-2020-138709,7/4/2019,Maxwell Schwartz,Office Supplies,0,7.644,5,15.6,South
US-2020-138709,7/4/2019,Maxwell Schwartz,Office Supplies,0,10.92,3,21.84,South
US-2020-103317,7/5/2019,Don Miller,Furniture,0.2,5.368,2,19.52,South
US-2020-103317,7/5/2019,Don Miller,Furniture,0.2,15.9912,3,213.216,South
US-2020-103317,7/5/2019,Don Miller,Office Supplies,0.7,-6.867,5,9.81,South
US-2020-107139,7/5/2019,Dennis Pardue,Office Supplies,0.2,67.86,6,180.96,West
US-2020-152849,7/5/2019,David Wiener,Office Supplies,0.2,0.3822,3,4.368,South
US-2020-157784,7/5/2019,Michael Chen,Office Supplies,0,6.8714,2,14.62,South
US-2020-157784,7/5/2019,Michael Chen,Office Supplies,0,9.3312,3,19.44,South
US-2020-157784,7/5/2019,Michael Chen,Technology,0,163.1898,3,479.97,South
US-2020-160444,7/5/2019,Dan Campbell,Office Supplies,0.2,-35.178,11,281.424,Central
US-2020-160444,7/5/2019,Dan Campbell,Office Supplies,0.2,-44.1552,3,220.776,Central
US-2020-134278,7/6/2019,Emily Phan,Technology,0.2,174.9975,1,559.992,East
US-2020-147543,7/6/2019,Becky Castell,Furniture,0.2,47.848,2,478.48,West
US-2020-138758,7/7/2019,John Lee,Furniture,0.3,-46.7362,2,172.186,East
US-2020-138758,7/7/2019,John Lee,Furniture,0.2,12.0764,2,69.008,East
US-2020-100090,7/8/2019,Ed Braxton,Furniture,0.2,-87.9354,3,502.488,West
US-2020-100090,7/8/2019,Ed Braxton,Office Supplies,0.2,68.8464,6,196.704,West
US-2020-150301,7/8/2019,Michelle Huthwaite,Furniture,0.1,10.647,1,63.882,East
US-2020-113271,7/9/2019,Darrin Sayre,Furniture,0.15,7.049,1,119.833,West
US-2020-113271,7/9/2019,Darrin Sayre,Office Supplies,0,2.224,2,5.56,West
US-2020-113271,7/9/2019,Darrin Sayre,Office Supplies,0.2,4.6488,6,14.304,West
US-2020-113271,7/9/2019,Darrin Sayre,Office Supplies,0,15.552,5,32.4,West
US-2020-114125,7/9/2019,Gary Hansen,Office Supplies,0.2,14.1426,6,41.904,West
US-2020-114125,7/9/2019,Gary Hansen,Office Supplies,0,1.4112,1,2.88,West
US-2020-114125,7/9/2019,Gary Hansen,Office Supplies,0,4.0664,4,23.92,West
US-2020-165379,7/9/2019,Brian Moss,Office Supplies,0.2,4.485,3,14.352,Central
US-2020-165379,7/9/2019,Brian Moss,Office Supplies,0.2,3.6288,2,10.368,Central
US-2020-123225,7/11/2019,Michael Nguyen,Office Supplies,0.2,3.6288,2,10.368,Central
US-2020-123225,7/11/2019,Michael Nguyen,Technology,0.2,43.1976,4,575.968,Central
US-2020-133305,7/11/2019,Mark Hamilton,Office Supplies,0.2,6.398,5,18.28,East
US-2020-133305,7/11/2019,Mark Hamilton,Office Supplies,0,23.0864,4,49.12,East
US-2020-163552,7/11/2019,Laura Armstrong,Furniture,0,213.735,3,854.94,East
US-2020-163552,7/11/2019,Laura Armstrong,Furniture,0,52.1262,9,124.11,East
US-2020-163552,7/11/2019,Laura Armstrong,Office Supplies,0,7.056,5,14.4,East
US-2020-163552,7/11/2019,Laura Armstrong,Office Supplies,0,83.284,5,177.2,East
US-2020-163552,7/11/2019,Laura Armstrong,Technology,0,57.4113,3,197.97,East
US-2020-166555,7/11/2019,Jamie Kunitz,Technology,0,47.8065,3,164.85,East
US-2020-110184,7/12/2019,Ben Ferrer,Office Supplies,0,44.955,9,249.75,West
US-2020-110184,7/12/2019,Ben Ferrer,Technology,0.2,28.7928,8,255.936,West
US-2020-124807,7/12/2019,Max Engle,Office Supplies,0.2,12.9978,9,35.856,Central
US-2020-124807,7/12/2019,Max Engle,Technology,0.2,3.278,4,23.84,Central
US-2020-129924,7/12/2019,Alyssa Crouse,Furniture,0.2,-17.4588,3,698.352,West
US-2020-129924,7/12/2019,Alyssa Crouse,Office Supplies,0.2,2.7956,2,7.712,West
US-2020-131310,7/12/2019,Clay Ludtke,Furniture,0.2,13.8528,4,123.136,West
US-2020-131310,7/12/2019,Clay Ludtke,Office Supplies,0.2,3.8016,4,11.264,West
US-2020-161508,7/12/2019,Paul Van Hugh,Furniture,0.3,-14.6388,3,512.358,Central
US-2020-161508,7/12/2019,Paul Van Hugh,Office Supplies,0.2,3.9004,7,22.288,Central
US-2020-161508,7/12/2019,Paul Van Hugh,Office Supplies,0.2,0.5668,2,3.488,Central
US-2020-161508,7/12/2019,Paul Van Hugh,Office Supplies,0.2,5.6112,3,16.032,Central
US-2020-165862,7/13/2019,Grace Kelly,Furniture,0.2,4.3902,3,351.216,West
US-2020-103905,7/14/2019,Arthur Wiediger,Office Supplies,0.8,-46.3946,7,29.932,Central
US-2020-103905,7/14/2019,Arthur Wiediger,Technology,0.2,3.8272,4,38.272,Central
US-2020-109904,7/14/2019,Barbara Fisher,Office Supplies,0,4.485,3,17.94,East
US-2020-124464,7/14/2019,Shirley Schmidt,Office Supplies,0,11.0544,1,39.48,East
US-2020-150532,7/14/2019,Philip Brown,Office Supplies,0.2,6.291,5,55.92,West
US-2020-164182,7/14/2019,Shui Tom,Furniture,0.2,1.1994,2,31.984,East
US-2020-164182,7/14/2019,Shui Tom,Office Supplies,0.2,4.6782,2,41.584,East
US-2020-164182,7/14/2019,Shui Tom,Technology,0.4,-2.249,1,13.494,East
US-2020-164182,7/14/2019,Shui Tom,Technology,0.4,-13.993,2,23.988,East
US-2020-115980,7/15/2019,Victoria Wilson,Office Supplies,0,2.6814,3,6.54,Central
US-2020-115980,7/15/2019,Victoria Wilson,Technology,0,1.3068,3,2.97,Central
US-2020-123295,7/18/2019,Adrian Hane,Furniture,0.2,-25.9136,4,259.136,West
US-2020-138198,7/18/2019,Jack Lebron,Office Supplies,0.2,4.5188,2,13.904,East
US-2020-150434,7/19/2019,Christine Abelman,Furniture,0.3,-4.032,1,70.56,East
US-2020-150434,7/19/2019,Christine Abelman,Office Supplies,0,1.8288,1,3.81,East
US-2020-150434,7/19/2019,Christine Abelman,Office Supplies,0,9.6048,2,20.88,East
US-2020-150434,7/19/2019,Christine Abelman,Technology,0,93.5948,2,359.98,East
US-2020-168158,7/19/2019,Eugene Moren,Office Supplies,0.2,2.2098,2,6.096,West
US-2020-127866,7/20/2019,Jonathan Doherty,Office Supplies,0,3.8048,4,13.12,West
US-2020-127866,7/20/2019,Jonathan Doherty,Office Supplies,0,5.8604,2,11.96,West
US-2020-127866,7/20/2019,Jonathan Doherty,Office Supplies,0,160.623,3,535.41,West
US-2020-127866,7/20/2019,Jonathan Doherty,Technology,0,15.0984,2,41.94,West
US-2020-141726,7/20/2019,Charles Crestani,Furniture,0,15.4872,3,43.02,West
US-2020-141726,7/20/2019,Charles Crestani,Office Supplies,0.2,3.1552,2,8.704,West
US-2020-141726,7/20/2019,Charles Crestani,Office Supplies,0,50.328,1,104.85,West
US-2020-141726,7/20/2019,Charles Crestani,Office Supplies,0,9.7608,4,19.92,West
US-2020-142965,7/20/2019,Scot Wooten,Office Supplies,0.7,-21.888,3,27.36,East
US-2020-142965,7/20/2019,Scot Wooten,Office Supplies,0.2,-5.1968,1,25.984,East
US-2020-143903,7/20/2019,Katherine Murray,Furniture,0.3,-140.196,2,981.372,Central
US-2020-143903,7/20/2019,Katherine Murray,Furniture,0.6,-14.229,5,16.74,Central
US-2020-143903,7/20/2019,Katherine Murray,Office Supplies,0.2,38.5722,3,342.864,Central
US-2020-157546,7/20/2019,Roger Demir,Office Supplies,0.2,30.2778,6,89.712,West
US-2020-157546,7/20/2019,Roger Demir,Office Supplies,0,10.7301,3,22.83,West
US-2020-109890,7/21/2019,Patrick Gardner,Technology,0,10.0744,2,35.98,Central
US-2020-116932,7/21/2019,Michelle Ellison,Furniture,0.2,50.098,2,801.568,West
US-2020-116932,7/21/2019,Michelle Ellison,Furniture,0.2,27.2848,1,272.848,West
US-2020-116932,7/21/2019,Michelle Ellison,Office Supplies,0,25.792,5,99.2,West
US-2020-129189,7/21/2019,Harry Marie,Furniture,0.3,-93.99,5,657.93,Central
US-2020-129189,7/21/2019,Harry Marie,Office Supplies,0.8,-12.9792,3,4.992,Central
US-2020-129189,7/21/2019,Harry Marie,Office Supplies,0.8,-1.827,1,1.044,Central
US-2020-129189,7/21/2019,Harry Marie,Office Supplies,0.2,29.673,5,87.92,Central
US-2020-117464,7/22/2019,Naresj Patel,Furniture,0.2,71.772,3,717.72,West
US-2020-117464,7/22/2019,Naresj Patel,Furniture,0.2,19.1646,3,170.352,West
US-2020-117464,7/22/2019,Naresj Patel,Office Supplies,0,3.2256,4,11.52,West
US-2020-117464,7/22/2019,Naresj Patel,Office Supplies,0,68.585,10,236.5,West
US-2020-122679,7/22/2019,Alejandro Ballentine,Office Supplies,0,6.4944,6,19.68,West
US-2020-127691,7/22/2019,Erin Mull,Office Supplies,0,1.6688,2,5.96,East
US-2020-127691,7/22/2019,Erin Mull,Technology,0,57.5928,2,159.98,East
US-2020-164644,7/22/2019,John Lucas,Office Supplies,0.2,1.3316,1,26.632,Central
US-2020-103058,7/23/2019,Alejandro Grove,Technology,0,7.9984,2,99.98,East
US-2020-119137,7/23/2019,Arthur Gainer,Office Supplies,0.2,0.924,1,9.24,West
US-2020-119137,7/23/2019,Arthur Gainer,Office Supplies,0.7,-5.712,5,8.16,West
US-2020-119137,7/23/2019,Arthur Gainer,Technology,0.2,-29.94,10,479.04,West
US-2020-119137,7/23/2019,Arthur Gainer,Technology,0.2,179.1888,8,1023.936,West
US-2020-145254,7/23/2019,Nick Crebassa,Office Supplies,0,11.803,5,40.7,West
US-2020-145254,7/23/2019,Nick Crebassa,Technology,0,4.95,3,45,West
US-2020-145254,7/23/2019,Nick Crebassa,Technology,0.2,60.4752,6,604.752,West
US-2020-145254,7/23/2019,Nick Crebassa,Technology,0.2,37.797,3,302.376,West
US-2020-143917,7/25/2019,Ken Lonsdale,Furniture,0,34.2848,8,77.92,West
US-2020-143917,7/25/2019,Ken Lonsdale,Office Supplies,0,15.0416,4,53.72,West
US-2020-143917,7/25/2019,Ken Lonsdale,Office Supplies,0,327.506,5,8187.65,West
US-2020-146528,7/25/2019,Vicky Freymann,Office Supplies,0,3.1752,1,6.48,West
US-2020-146528,7/25/2019,Vicky Freymann,Office Supplies,0,4.5008,4,15.52,West
US-2020-116190,7/26/2019,Sheri Gordon,Furniture,0,18.3276,2,67.88,South
US-2020-116190,7/26/2019,Sheri Gordon,Furniture,0,9.2556,3,25.71,South
US-2020-116190,7/26/2019,Sheri Gordon,Office Supplies,0,76.5583,13,162.89,South
US-2020-126760,7/26/2019,Kunst Miller,Furniture,0.2,-109.5822,3,674.352,West
US-2020-126760,7/26/2019,Kunst Miller,Furniture,0,36.1827,9,134.01,West
US-2020-126760,7/26/2019,Kunst Miller,Technology,0,70.0977,3,170.97,West
US-2020-126760,7/26/2019,Kunst Miller,Technology,0.2,113.998,2,911.984,West
US-2020-155894,7/26/2019,Carl Ludwig,Office Supplies,0.2,-29.3436,3,123.552,Central
US-2020-159121,7/26/2019,Jack O'Briant,Technology,0,34.6983,7,111.93,West
US-2020-169019,7/26/2019,Luke Foster,Furniture,0.6,-10.0602,3,17.496,Central
US-2020-169019,7/26/2019,Luke Foster,Office Supplies,0.8,-12.09,2,4.836,Central
US-2020-169019,7/26/2019,Luke Foster,Office Supplies,0.8,-26.8544,4,16.784,Central
US-2020-169019,7/26/2019,Luke Foster,Office Supplies,0.8,-13.32,5,8.88,Central
US-2020-169019,7/26/2019,Luke Foster,Office Supplies,0.8,-3701.8928,8,2177.584,Central
US-2020-169019,7/26/2019,Luke Foster,Technology,0.2,-26.946,9,431.136,Central
US-2020-124709,7/27/2019,Giulietta Weimer,Technology,0,38.08,2,238,West
US-2020-150126,7/27/2019,Aaron Smayling,Office Supplies,0,32.2322,11,65.78,East
US-2020-169642,7/27/2019,Barry Blumstein,Office Supplies,0,0,2,276.28,West
US-2020-131541,7/28/2019,Chloris Kastensmidt,Furniture,0.2,12.9888,6,129.888,South
US-2020-131541,7/28/2019,Chloris Kastensmidt,Office Supplies,0.2,16.5186,7,48.944,South
US-2020-131541,7/28/2019,Chloris Kastensmidt,Office Supplies,0.2,5.191,5,14.32,South
US-2020-111192,7/30/2019,Tom Stivers,Furniture,0,259.8896,8,1367.84,West
US-2020-117345,8/1/2019,Barbara Fisher,Furniture,0.2,12.1352,4,44.128,South
US-2020-117345,8/1/2019,Barbara Fisher,Office Supplies,0.2,10.2245,1,62.92,South
US-2020-117345,8/1/2019,Barbara Fisher,Office Supplies,0.2,5.9211,3,17.544,South
US-2020-117345,8/1/2019,Barbara Fisher,Office Supplies,0.2,29.364,2,78.304,South
US-2020-152296,8/1/2019,Ivan Liston,Office Supplies,0.2,6.9132,3,19.752,West
US-2020-162684,8/1/2019,Ann Steele,Office Supplies,0.2,1.917,2,5.68,East
US-2020-106299,8/2/2019,Nick Zandusky,Office Supplies,0,12.549,5,26.7,Central
US-2020-106299,8/2/2019,Nick Zandusky,Office Supplies,0,226.3626,2,838.38,Central
US-2020-106299,8/2/2019,Nick Zandusky,Technology,0,9.116,2,21.2,Central
US-2020-125612,8/3/2019,Berenike Kampe,Office Supplies,0,18.7812,2,39.96,East
US-2020-125612,8/3/2019,Berenike Kampe,Office Supplies,0,5.7672,2,21.36,East
US-2020-125612,8/3/2019,Berenike Kampe,Office Supplies,0,26.598,10,102.3,East
US-2020-128986,8/3/2019,Gary Hansen,Office Supplies,0.2,33.7212,3,93.024,West
US-2020-133690,8/3/2019,Bruce Stewart,Furniture,0.5,-161.875,2,218.75,West
US-2020-133690,8/3/2019,Bruce Stewart,Office Supplies,0.2,0.2925,1,2.6,West
US-2020-126361,8/4/2019,Valerie Dominguez,Office Supplies,0,305.13,3,1089.75,West
US-2020-126361,8/4/2019,Valerie Dominguez,Office Supplies,0,4.264,5,16.4,West
US-2020-126361,8/4/2019,Valerie Dominguez,Office Supplies,0.2,4.7792,1,13.184,West
US-2020-126361,8/4/2019,Valerie Dominguez,Office Supplies,0,219.4416,8,447.84,West
US-2020-126361,8/4/2019,Valerie Dominguez,Office Supplies,0,7.945,5,158.9,West
US-2020-126361,8/4/2019,Valerie Dominguez,Technology,0.2,34.9965,5,399.96,West
US-2020-134215,8/4/2019,Marina Lichtenstein,Office Supplies,0,27.5292,2,101.96,East
US-2020-134215,8/4/2019,Marina Lichtenstein,Office Supplies,0,124.6752,13,259.74,East
US-2020-134215,8/4/2019,Marina Lichtenstein,Technology,0,104.7222,9,255.42,East
US-2020-110065,8/5/2019,Stephanie Phelps,Office Supplies,0,7.0224,7,15.96,East
US-2020-110065,8/5/2019,Stephanie Phelps,Technology,0,36.7173,1,135.99,East
US-2020-117968,8/5/2019,Ricardo Sperren,Furniture,0,294.671,5,1133.35,East
US-2020-117968,8/5/2019,Ricardo Sperren,Office Supplies,0,22.2516,3,79.47,East
US-2020-117968,8/5/2019,Ricardo Sperren,Office Supplies,0,2.0064,2,4.56,East
US-2020-118962,8/5/2019,Chad Sievert,Furniture,0.2,21.259,7,340.144,West
US-2020-118962,8/5/2019,Chad Sievert,Office Supplies,0,9.8418,3,20.94,West
US-2020-118962,8/5/2019,Chad Sievert,Office Supplies,0,53.2608,2,110.96,West
US-2020-124723,8/5/2019,Gary Zandusky,Furniture,0.3,41.934,2,489.23,Central
US-2020-150490,8/5/2019,Sonia Sunley,Office Supplies,0,12.8744,2,45.98,West
US-2020-150490,8/5/2019,Sonia Sunley,Office Supplies,0,0.6312,2,15.78,West
US-2020-150490,8/5/2019,Sonia Sunley,Technology,0,1.636,1,16.36,West
US-2020-115357,8/6/2019,Roland Fjeld,Technology,0,22.6476,3,62.91,South
US-2020-137575,8/6/2019,Trudy Brown,Technology,0,83.9916,2,199.98,East
US-2020-124478,8/8/2019,Matt Abelman,Furniture,0,22.6296,6,53.88,Central
US-2020-124478,8/8/2019,Matt Abelman,Office Supplies,0.1,37.23,3,167.535,Central
US-2020-124478,8/8/2019,Matt Abelman,Office Supplies,0,17.253,3,38.34,Central
US-2020-124478,8/8/2019,Matt Abelman,Technology,0,274.995,1,549.99,Central
US-2020-124478,8/8/2019,Matt Abelman,Technology,0,83.9944,2,299.98,Central
US-2020-131450,8/8/2019,Lena Radford,Furniture,0,91.7728,8,327.76,West
US-2020-131450,8/8/2019,Lena Radford,Office Supplies,0,22.0748,2,76.12,West
US-2020-131450,8/8/2019,Lena Radford,Technology,0.2,434.9913,3,1199.976,West
US-2020-131450,8/8/2019,Lena Radford,Technology,0.2,55.745,5,445.96,West
US-2020-151708,8/8/2019,Maria Bertelson,Furniture,0.2,-3.0344,4,121.376,West
US-2020-151708,8/8/2019,Maria Bertelson,Technology,0.2,-10.7973,3,95.976,West
US-2020-154669,8/8/2019,Tamara Manning,Office Supplies,0,110.0528,11,423.28,West
US-2020-156790,8/8/2019,Vivek Gonzalez,Furniture,0.2,-7.7728,4,155.456,South
US-2020-110527,8/9/2019,Emily Ducich,Office Supplies,0,9.6048,8,20.88,West
US-2020-141901,8/9/2019,Gene McClure,Office Supplies,0,2.691,1,5.98,West
US-2020-161249,8/9/2019,Roger Demir,Office Supplies,0.7,-6.5415,5,9.345,West
US-2020-161249,8/9/2019,Roger Demir,Office Supplies,0.2,-0.9486,3,4.464,West
US-2020-166471,8/9/2019,Matthew Grinstein,Technology,0.2,-43.8336,2,219.168,West
US-2020-166471,8/9/2019,Matthew Grinstein,Technology,0.2,68.198,4,1091.168,West
US-2020-167850,8/9/2019,Andy Gerbode,Office Supplies,0.2,5.4432,3,15.552,South
US-2020-167850,8/9/2019,Andy Gerbode,Technology,0.2,22.298,2,178.384,South
US-2020-169726,8/9/2019,Joseph Holt,Office Supplies,0.2,643.9825,7,2060.744,West
US-2020-127012,8/11/2019,Greg Matthias,Furniture,0,5.434,1,12.35,West
US-2020-127012,8/11/2019,Greg Matthias,Office Supplies,0,10.6522,1,40.97,West
US-2020-127012,8/11/2019,Greg Matthias,Office Supplies,0,10.7912,2,22.96,West
US-2020-154641,8/11/2019,Ken Lonsdale,Office Supplies,0,18.767,1,375.34,East
US-2020-109302,8/12/2019,Charles Sheldon,Office Supplies,0,98.105,7,196.21,East
US-2020-109897,8/12/2019,Ben Wallace,Furniture,0,31.6128,3,85.44,West
US-2020-109897,8/12/2019,Ben Wallace,Technology,0.2,50.396,8,806.336,West
US-2020-153927,8/12/2019,Lauren Leatherbury,Office Supplies,0,6.7392,3,14.04,South
US-2020-153927,8/12/2019,Lauren Leatherbury,Technology,0,98.1396,13,272.61,South
US-2020-156244,8/12/2019,Duane Huffman,Office Supplies,0.2,15.8436,6,211.248,South
US-2020-156244,8/12/2019,Duane Huffman,Office Supplies,0.2,4.1965,5,47.96,South
US-2020-156244,8/12/2019,Duane Huffman,Office Supplies,0.2,0.9963,1,2.952,South
US-2020-156244,8/12/2019,Duane Huffman,Office Supplies,0.2,10.8864,6,31.104,South
US-2020-156244,8/12/2019,Duane Huffman,Office Supplies,0.2,-1.041,2,5.552,South
US-2020-156244,8/12/2019,Duane Huffman,Technology,0.2,41.7186,7,158.928,South
US-2020-109043,8/15/2019,Christine Sundaresam,Office Supplies,0.2,17.127,5,152.24,South
US-2020-109043,8/15/2019,Christine Sundaresam,Office Supplies,0.2,29.692,5,91.36,South
US-2020-138023,8/15/2019,Keith Herrera,Office Supplies,0.8,-52.632,8,30.96,Central
US-2020-141005,8/15/2019,Christine Sundaresam,Office Supplies,0,30.2112,3,62.94,East
US-2020-164406,8/15/2019,Brian Dahlen,Furniture,0.2,-12.196,4,195.136,West
US-2020-164406,8/15/2019,Brian Dahlen,Office Supplies,0,42.8148,3,152.91,West
US-2020-164406,8/15/2019,Brian Dahlen,Office Supplies,0.2,6.2496,4,17.856,West
US-2020-164406,8/15/2019,Brian Dahlen,Office Supplies,0.2,15.093,3,46.44,West
US-2020-164406,8/15/2019,Brian Dahlen,Office Supplies,0,41.823,3,92.94,West
US-2020-142839,8/16/2019,Troy Staebel,Furniture,0.4,-227.4912,6,853.092,East
US-2020-111500,8/17/2019,Don Jones,Office Supplies,0,8.2616,4,17.96,South
US-2020-111500,8/17/2019,Don Jones,Office Supplies,0,4.5612,7,12.67,South
US-2020-111500,8/17/2019,Don Jones,Office Supplies,0,52.532,5,114.2,South
US-2020-111500,8/17/2019,Don Jones,Technology,0,122.3856,4,339.96,South
US-2020-129168,8/17/2019,Ken Black,Office Supplies,0.2,5.4432,3,15.552,Central
US-2020-121727,8/19/2019,Jim Karlsson,Office Supplies,0.2,1.742,2,10.72,East
US-2020-133158,8/19/2019,David Wiener,Furniture,0,26.0316,7,289.24,West
US-2020-133158,8/19/2019,David Wiener,Office Supplies,0.2,22.5732,2,69.456,West
US-2020-143581,8/19/2019,Bill Shonely,Office Supplies,0,10.3473,3,344.91,South
US-2020-156559,8/19/2019,Lena Hernandez,Furniture,0,172.4814,9,638.82,South
US-2020-164616,8/19/2019,Maxwell Schwartz,Office Supplies,0.7,-58.8616,4,76.776,East
US-2020-164616,8/19/2019,Maxwell Schwartz,Office Supplies,0.2,1.148,2,9.184,East
US-2020-114321,8/20/2019,Nick Crebassa,Furniture,0,145.0696,13,500.24,South
US-2020-114321,8/20/2019,Nick Crebassa,Office Supplies,0,421.5853,1,896.99,South
US-2020-114321,8/20/2019,Nick Crebassa,Office Supplies,0,9.2552,2,20.12,South
US-2020-166716,8/20/2019,Craig Reiter,Furniture,0.3,-6.0196,2,421.372,Central
US-2020-123253,8/22/2019,Deanra Eno,Office Supplies,0.2,1.0269,1,3.912,East
US-2020-130918,8/22/2019,Jeremy Pistek,Office Supplies,0.2,-1.8126,3,7.632,South
US-2020-166828,8/22/2019,Jennifer Ferguson,Office Supplies,0,5.6644,2,11.56,Central
US-2020-110639,8/23/2019,Rick Hansen,Office Supplies,0,12.4416,4,25.92,East
US-2020-110639,8/23/2019,Rick Hansen,Office Supplies,0,22.5008,4,45.92,East
US-2020-112795,8/23/2019,Corey Roper,Office Supplies,0,9.5256,3,19.44,Central
US-2020-124737,8/23/2019,Arthur Prichep,Furniture,0.2,1.2672,3,4.224,West
US-2020-124737,8/23/2019,Arthur Prichep,Office Supplies,0.2,10.8864,6,31.104,West
US-2020-124737,8/23/2019,Arthur Prichep,Office Supplies,0.2,69.705,9,223.056,West
US-2020-124737,8/23/2019,Arthur Prichep,Office Supplies,0.2,5.4432,3,15.552,West
US-2020-124737,8/23/2019,Arthur Prichep,Office Supplies,0.2,0.51,1,6.8,West
US-2020-124737,8/23/2019,Arthur Prichep,Technology,0.2,10.773,9,143.64,West
US-2020-154837,8/23/2019,Robert Barroso,Office Supplies,0.2,17.3488,2,49.568,West
US-2020-106719,8/24/2019,Robert Barroso,Office Supplies,0.2,2.6936,2,8.288,West
US-2020-107916,8/24/2019,Jennifer Patt,Furniture,0,6.3744,2,13.28,East
US-2020-107916,8/24/2019,Jennifer Patt,Office Supplies,0.2,4.4352,3,12.672,East
US-2020-120432,8/24/2019,Dorothy Wardle,Office Supplies,0,6.63,3,25.5,South
US-2020-103660,8/25/2019,Mitch Webber,Technology,0.2,75.5958,7,1007.944,West
US-2020-104178,8/25/2019,Janet Molinari,Furniture,0,2.6376,1,6.28,West
US-2020-104178,8/25/2019,Janet Molinari,Office Supplies,0,12.4416,4,25.92,West
US-2020-104178,8/25/2019,Janet Molinari,Office Supplies,0,13.1868,4,48.84,West
US-2020-104178,8/25/2019,Janet Molinari,Technology,0,30.432,5,95.1,West
US-2020-107398,8/25/2019,Brendan Sweed,Office Supplies,0.7,-4.5696,4,6.528,East
US-2020-107398,8/25/2019,Brendan Sweed,Office Supplies,0.7,-16.6848,8,20.856,East
US-2020-107398,8/25/2019,Brendan Sweed,Office Supplies,0.7,-2.2896,3,2.862,East
US-2020-115259,8/25/2019,Ryan Crowe,Office Supplies,0.2,44.0316,6,130.464,East
US-2020-115259,8/25/2019,Ryan Crowe,Office Supplies,0.2,1.652,2,4.72,East
US-2020-115259,8/25/2019,Ryan Crowe,Office Supplies,0.2,14.5348,14,40.096,East
US-2020-115259,8/25/2019,Ryan Crowe,Office Supplies,0.2,7.4925,3,23.976,East
US-2020-126200,8/25/2019,Joe Elijah,Office Supplies,0.8,-39.804,3,25.68,Central
US-2020-126200,8/25/2019,Joe Elijah,Office Supplies,0.8,-19.8144,3,12.384,Central
US-2020-103331,8/26/2019,Karl Braun,Furniture,0,4.0584,4,10.68,East
US-2020-103331,8/26/2019,Karl Braun,Office Supplies,0,8.4966,3,17.34,East
US-2020-103331,8/26/2019,Karl Braun,Office Supplies,0,1.5548,1,3.38,East
US-2020-115413,8/26/2019,Paul Prost,Office Supplies,0,2.5056,3,8.64,East
US-2020-115413,8/26/2019,Paul Prost,Technology,0,52.4895,3,149.97,East
US-2020-123260,8/26/2019,Frank Merwin,Technology,0,22.984,8,176.8,West
US-2020-101266,8/27/2019,Michael Moore,Office Supplies,0,6.4128,2,13.36,South
US-2020-124688,8/27/2019,Corey Catlett,Furniture,0,12.5216,4,29.12,South
US-2020-124688,8/27/2019,Corey Catlett,Furniture,0,300.735,3,1202.94,South
US-2020-124688,8/27/2019,Corey Catlett,Technology,0,168.1855,5,579.95,South
US-2020-143336,8/27/2019,Zuschuss Donatelli,Office Supplies,0,2.4824,2,8.56,West
US-2020-143336,8/27/2019,Zuschuss Donatelli,Office Supplies,0.2,7.384,4,22.72,West
US-2020-143336,8/27/2019,Zuschuss Donatelli,Technology,0.2,16.011,3,213.48,West
US-2020-135699,8/29/2019,Hilary Holden,Office Supplies,0,6.4128,2,13.36,West
US-2020-135699,8/29/2019,Hilary Holden,Office Supplies,0,53.8608,2,109.92,West
US-2020-169775,8/29/2019,Ryan Akin,Furniture,0.45,-110.7645,3,174.0585,South
US-2020-169775,8/29/2019,Ryan Akin,Office Supplies,0.7,-336.784,4,505.176,South
US-2020-169775,8/29/2019,Ryan Akin,Office Supplies,0.2,10.8054,2,29.808,South
US-2020-146500,8/30/2019,Annie Thurman,Office Supplies,0,11.891,5,25.3,East
US-2020-146500,8/30/2019,Annie Thurman,Office Supplies,0,9.594,3,95.94,East
US-2020-143385,8/31/2019,Shirley Jackson,Technology,0,18.504,9,92.52,West
US-2020-109855,9/1/2019,Lena Hernandez,Office Supplies,0.2,8.3104,2,23.744,East
US-2020-109855,9/1/2019,Lena Hernandez,Technology,0,57.12,3,357,East
US-2020-126522,9/1/2019,Larry Tron,Office Supplies,0,15.6426,3,53.94,West
US-2020-165428,9/1/2019,Jack Lebron,Office Supplies,0.8,-6.0192,3,3.648,Central
US-2020-165428,9/1/2019,Jack Lebron,Office Supplies,0.2,10.8864,6,31.104,Central
US-2020-106971,9/2/2019,Bryan Mills,Technology,0.2,95.1888,7,475.944,Central
US-2020-127936,9/2/2019,Clay Ludtke,Office Supplies,0,8.0712,3,21.24,East
US-2020-138828,9/2/2019,Katherine Ducich,Office Supplies,0,16.17,5,57.75,East
US-2020-138828,9/2/2019,Katherine Ducich,Office Supplies,0,7.0218,3,14.94,East
US-2020-151792,9/2/2019,Christina VanderZanden,Technology,0.2,53.9946,3,239.976,Central
US-2020-152268,9/2/2019,Sanjit Chand,Office Supplies,0,843.1706,2,1793.98,South
US-2020-157721,9/2/2019,Justin MacKendrick,Furniture,0,4.9497,1,70.71,East
US-2020-157721,9/2/2019,Justin MacKendrick,Office Supplies,0,8.955,1,19.9,East
US-2020-158281,9/2/2019,Andy Gerbode,Technology,0.4,-121.2705,3,559.71,Central
US-2020-120236,9/3/2019,Mathew Reese,Office Supplies,0.8,-11.52,5,7.68,Central
US-2020-125171,9/3/2019,Allen Goldenen,Office Supplies,0,7.056,5,14.4,East
US-2020-106572,9/5/2019,Nora Preis,Office Supplies,0.2,19.824,2,264.32,East
US-2020-136861,9/5/2019,Patrick Ryan,Furniture,0.2,1.999,2,31.984,South
US-2020-130449,9/6/2019,Victoria Pisteka,Furniture,0,12.1452,6,41.88,West
US-2020-130449,9/6/2019,Victoria Pisteka,Office Supplies,0,27.4856,8,58.48,West
US-2020-100006,9/7/2019,Dennis Kane,Technology,0,109.6113,3,377.97,East
US-2020-105165,9/7/2019,Sam Zeldin,Furniture,0.3,-22.948,1,200.795,Central
US-2020-105165,9/7/2019,Sam Zeldin,Office Supplies,0.2,3.5529,3,21.864,Central
US-2020-105165,9/7/2019,Sam Zeldin,Office Supplies,0.8,-4.818,2,2.92,Central
US-2020-105165,9/7/2019,Sam Zeldin,Technology,0.2,-2.918,4,46.688,Central
US-2020-105165,9/7/2019,Sam Zeldin,Technology,0.2,14.7582,3,196.776,Central
US-2020-109918,9/7/2019,Lisa Ryan,Office Supplies,0.2,31.47,5,83.92,West
US-2020-109918,9/7/2019,Lisa Ryan,Office Supplies,0,9.6632,2,20.56,West
US-2020-109918,9/7/2019,Lisa Ryan,Office Supplies,0,7.3872,4,27.36,West
US-2020-117765,9/7/2019,Rick Bensley,Furniture,0,45.3488,2,161.96,Central
US-2020-117765,9/7/2019,Rick Bensley,Furniture,0,111.774,5,429.9,Central
US-2020-117765,9/7/2019,Rick Bensley,Office Supplies,0,15.3888,2,32.06,Central
US-2020-117765,9/7/2019,Rick Bensley,Office Supplies,0,5.7594,2,19.86,Central
US-2020-122882,9/7/2019,Sean Braxton,Furniture,0.2,8.4736,2,42.368,East
US-2020-122882,9/7/2019,Sean Braxton,Office Supplies,0.2,-14.5764,1,64.784,East
US-2020-122882,9/7/2019,Sean Braxton,Technology,0.7,-559.356,4,399.54,East
US-2020-122882,9/7/2019,Sean Braxton,Technology,0.4,4.3176,3,32.382,East
US-2020-126193,9/7/2019,Shahid Shariari,Office Supplies,0.8,-6.5076,3,3.828,Central
US-2020-126193,9/7/2019,Shahid Shariari,Office Supplies,0.8,-533.7325,5,304.99,Central
US-2020-126193,9/7/2019,Shahid Shariari,Office Supplies,0.2,4.1125,5,13.16,Central
US-2020-131002,9/7/2019,Tom Boeckenhauer,Furniture,0,23.6529,3,57.69,Central
US-2020-131002,9/7/2019,Tom Boeckenhauer,Furniture,0,213.6888,6,821.88,Central
US-2020-131002,9/7/2019,Tom Boeckenhauer,Office Supplies,0,20.1207,3,42.81,Central
US-2020-131002,9/7/2019,Tom Boeckenhauer,Office Supplies,0,6.2208,2,12.96,Central
US-2020-131002,9/7/2019,Tom Boeckenhauer,Technology,0,28.3095,3,104.85,Central
US-2020-107818,9/8/2019,Marc Crier,Furniture,0.2,121.99,5,975.92,West
US-2020-107818,9/8/2019,Marc Crier,Office Supplies,0,91.152,8,303.84,West
US-2020-107818,9/8/2019,Marc Crier,Office Supplies,0,2.646,2,5.88,West
US-2020-107818,9/8/2019,Marc Crier,Office Supplies,0,19.4352,6,485.88,West
US-2020-115987,9/8/2019,Lisa Hazard,Office Supplies,0.8,-79.3352,4,51.184,Central
US-2020-123127,9/8/2019,Stefania Perrino,Office Supplies,0,4.195,2,16.78,East
US-2020-128839,9/8/2019,Ted Trevino,Office Supplies,0,21.6,9,45,South
US-2020-128839,9/8/2019,Ted Trevino,Technology,0,90.2871,3,209.97,South
US-2020-132500,9/8/2019,Gary Zandusky,Technology,0,8.4966,2,49.98,West
US-2020-139892,9/8/2019,Becky Martin,Furniture,0.3,-24.858,9,1740.06,Central
US-2020-139892,9/8/2019,Becky Martin,Office Supplies,0.8,-453.849,5,177.98,Central
US-2020-139892,9/8/2019,Becky Martin,Office Supplies,0.2,6.8136,6,32.064,Central
US-2020-139892,9/8/2019,Becky Martin,Office Supplies,0.2,2.7324,3,9.936,Central
US-2020-139892,9/8/2019,Becky Martin,Office Supplies,0.2,-58.6347,3,275.928,Central
US-2020-139892,9/8/2019,Becky Martin,Technology,0.4,-1359.992,8,8159.952,Central
US-2020-139892,9/8/2019,Becky Martin,Technology,0.2,8.9985,3,143.976,Central
US-2020-140032,9/8/2019,Toby Swindell,Office Supplies,0.2,3.0128,2,8.608,West
US-2020-146283,9/8/2019,Kean Takahito,Furniture,0.3,-13.81,5,966.7,Central
US-2020-146283,9/8/2019,Kean Takahito,Office Supplies,0.2,61.4628,6,182.112,Central
US-2020-146283,9/8/2019,Kean Takahito,Office Supplies,0.2,6.2664,2,17.904,Central
US-2020-146815,9/8/2019,Paul Prost,Furniture,0.1,13.4372,2,172.764,East
US-2020-146815,9/8/2019,Paul Prost,Office Supplies,0,1.6896,2,3.52,East
US-2020-163293,9/8/2019,Karen Carlisle,Technology,0,30.1968,4,83.88,South
US-2020-163293,9/8/2019,Karen Carlisle,Technology,0,12.8583,3,32.97,South
US-2020-168592,9/8/2019,Dennis Pardue,Office Supplies,0,24.3595,5,56.65,West
US-2020-168592,9/8/2019,Dennis Pardue,Office Supplies,0,1.9698,2,4.02,West
US-2020-168592,9/8/2019,Dennis Pardue,Office Supplies,0,4.1916,1,14.97,West
US-2020-102869,9/9/2019,Logan Currie,Furniture,0.2,5.0232,3,17.472,East
US-2020-102869,9/9/2019,Logan Currie,Office Supplies,0.2,5.4432,3,15.552,East
US-2020-102869,9/9/2019,Logan Currie,Technology,0.2,-4.8528,6,64.704,East
US-2020-102869,9/9/2019,Logan Currie,Technology,0.4,-31.6204,1,135.516,East
US-2020-103527,9/9/2019,Chris Cortes,Office Supplies,0.2,3.405,3,10.896,Central
US-2020-115196,9/9/2019,Daniel Lacy,Technology,0.5,-571.9956,2,1299.99,South
US-2020-126403,9/9/2019,Rick Reed,Furniture,0,212.1876,6,785.88,East
US-2020-126403,9/9/2019,Rick Reed,Office Supplies,0,79.8912,3,166.44,East
US-2020-126403,9/9/2019,Rick Reed,Office Supplies,0,12.838,2,26.2,East
US-2020-126403,9/9/2019,Rick Reed,Office Supplies,0,238.653,5,1325.85,East
US-2020-131870,9/9/2019,Nicole Fjeld,Furniture,0.2,12.8928,6,60.672,East
US-2020-131870,9/9/2019,Nicole Fjeld,Office Supplies,0.2,2.6964,9,30.816,East
US-2020-144407,9/9/2019,Maribeth Schnelling,Office Supplies,0,51.8,7,103.6,Central
US-2020-113383,9/10/2019,Sandra Flanagan,Furniture,0,76.47,5,254.9,East
US-2020-113383,9/10/2019,Sandra Flanagan,Office Supplies,0,22.1184,4,81.92,East
US-2020-125731,9/10/2019,Clay Ludtke,Furniture,0.2,148.704,5,1487.04,West
US-2020-125731,9/10/2019,Clay Ludtke,Office Supplies,0.2,7.6048,7,21.728,West
US-2020-138835,9/10/2019,Dianna Arnett,Office Supplies,0,4.7236,2,9.64,South
US-2020-112837,9/11/2019,Liz Willingham,Furniture,0,21.7515,3,127.95,West
US-2020-101476,9/12/2019,Shirley Daniels,Technology,0,30.0957,1,69.99,East
US-2020-103702,9/12/2019,Art Foster,Office Supplies,0.7,-46.8776,7,63.924,East
US-2020-116246,9/12/2019,Luke Weiss,Furniture,0.1,420.588,6,3785.292,East
US-2020-119081,9/12/2019,Tom Ashbrook,Furniture,0,12.9792,2,40.56,Central
US-2020-119081,9/12/2019,Tom Ashbrook,Office Supplies,0,149.382,2,331.96,Central
US-2020-119081,9/12/2019,Tom Ashbrook,Office Supplies,0,7.1586,3,357.93,Central
US-2020-119081,9/12/2019,Tom Ashbrook,Technology,0,10.906,5,57.4,Central
US-2020-138527,9/12/2019,Brad Norvell,Office Supplies,0.2,18.7695,5,166.84,South
US-2020-138527,9/12/2019,Brad Norvell,Office Supplies,0.2,3.6288,2,10.368,South
US-2020-138527,9/12/2019,Brad Norvell,Technology,0.2,2.2824,1,15.216,South
US-2020-150924,9/12/2019,Pete Takahito,Office Supplies,0.8,-8.029,5,5.18,Central
US-2020-113859,9/13/2019,Becky Castell,Furniture,0.3,-9.7176,6,340.116,Central
US-2020-126277,9/13/2019,Lena Hernandez,Office Supplies,0.7,-2.0016,3,2.502,East
US-2020-132962,9/13/2019,Jessica Myrick,Office Supplies,0.2,5.4432,3,15.552,East
US-2020-132962,9/13/2019,Jessica Myrick,Technology,0.2,53.55,5,252,East
US-2020-140039,9/13/2019,Odella Nelson,Office Supplies,0.2,5.955,5,79.4,West
US-2020-142769,9/13/2019,Resi Pölking,Furniture,0,5.5341,3,14.19,West
US-2020-142769,9/13/2019,Resi Pölking,Office Supplies,0,9.7438,2,22.66,West
US-2020-142769,9/13/2019,Resi Pölking,Office Supplies,0,2.679,5,5.7,West
US-2020-142769,9/13/2019,Resi Pölking,Office Supplies,0,24.47,1,48.94,West
US-2020-142769,9/13/2019,Resi Pölking,Office Supplies,0,2.19,2,7.3,West
US-2020-142769,9/13/2019,Resi Pölking,Technology,0,20.06,2,118,West
US-2020-142769,9/13/2019,Resi Pölking,Technology,0,75.9924,2,199.98,West
US-2020-142769,9/13/2019,Resi Pölking,Technology,0,60.8832,4,144.96,West
US-2020-145212,9/13/2019,Dan Campbell,Office Supplies,0,1.4742,3,5.46,East
US-2020-156216,9/13/2019,Erin Ashbrook,Office Supplies,0.7,-12.432,7,18.648,South
US-2020-100853,9/14/2019,Jennifer Braxton,Office Supplies,0.8,-131.12,2,52.448,Central
US-2020-100853,9/14/2019,Jennifer Braxton,Office Supplies,0.2,6.552,4,20.16,Central
US-2020-113362,9/14/2019,Astrea Jones,Office Supplies,0,5.0922,3,11.07,East
US-2020-113362,9/14/2019,Astrea Jones,Office Supplies,0,8.983,5,449.15,East
US-2020-127635,9/14/2019,Scott Cohen,Furniture,0.6,-6.723,5,9.96,Central
US-2020-127635,9/14/2019,Scott Cohen,Office Supplies,0.8,-13.6832,2,8.552,Central
US-2020-127635,9/14/2019,Scott Cohen,Office Supplies,0.2,-1.3608,4,6.048,Central
US-2020-127635,9/14/2019,Scott Cohen,Office Supplies,0.2,2.14,2,6.848,Central
US-2020-145576,9/14/2019,Cynthia Arntzen,Furniture,0.2,3.7743,3,13.128,South
US-2020-145576,9/14/2019,Cynthia Arntzen,Office Supplies,0.2,1.3,5,13,South
US-2020-159184,9/14/2019,John Castell,Furniture,0,52.688,5,142.4,South
US-2020-159184,9/14/2019,John Castell,Office Supplies,0,3.4368,2,7.16,South
US-2020-160766,9/14/2019,Darrin Martin,Furniture,0.4,-108.3348,9,464.292,East
US-2020-160766,9/14/2019,Darrin Martin,Office Supplies,0,198.429,2,601.3,East
US-2020-160766,9/14/2019,Darrin Martin,Office Supplies,0,31.4916,7,68.46,East
US-2020-160766,9/14/2019,Darrin Martin,Office Supplies,0,21.0654,9,44.82,East
US-2020-160766,9/14/2019,Darrin Martin,Technology,0,1371.9804,4,2799.96,East
US-2020-160766,9/14/2019,Darrin Martin,Technology,0,80.6316,3,287.97,East
US-2020-160766,9/14/2019,Darrin Martin,Technology,0,4.4174,1,16.99,East
US-2020-138100,9/15/2019,Alex Avila,Furniture,0,6.2608,2,14.56,East
US-2020-138100,9/15/2019,Alex Avila,Office Supplies,0,7.0218,3,14.94,East
US-2020-149594,9/15/2019,Monica Federle,Furniture,0.2,16.8896,4,103.936,East
US-2020-141152,9/16/2019,Randy Ferguson,Office Supplies,0.2,12.582,1,33.552,East
US-2020-103940,9/17/2019,Bradley Nguyen,Furniture,0,13.4292,2,35.34,West
US-2020-103940,9/17/2019,Bradley Nguyen,Office Supplies,0.2,46.3185,5,137.24,West
US-2020-103940,9/17/2019,Bradley Nguyen,Office Supplies,0,16.2204,3,57.93,West
US-2020-103940,9/17/2019,Bradley Nguyen,Office Supplies,0,1.2112,2,30.28,West
US-2020-112851,9/17/2019,Nick Radford,Office Supplies,0,85.9818,3,182.94,West
US-2020-117170,9/17/2019,Kean Takahito,Office Supplies,0.2,1.6762,1,4.624,South
US-2020-117170,9/17/2019,Kean Takahito,Technology,0.2,13.1956,2,47.984,South
US-2020-131947,9/17/2019,Joseph Airdo,Office Supplies,0.2,4.782,3,38.256,West
US-2020-131947,9/17/2019,Joseph Airdo,Office Supplies,0.2,0.4592,2,5.248,West
US-2020-131947,9/17/2019,Joseph Airdo,Office Supplies,0.2,13.078,5,40.24,West
US-2020-131947,9/17/2019,Joseph Airdo,Office Supplies,0.2,46.47,6,148.704,West
US-2020-131947,9/17/2019,Joseph Airdo,Technology,0.2,16.776,10,55.92,West
US-2020-131947,9/17/2019,Joseph Airdo,Technology,0.7,-21.945,5,29.925,West
US-2020-158638,9/17/2019,Anthony Garverick,Office Supplies,0.7,-4.1244,4,5.892,East
US-2020-106992,9/19/2019,Sean Braxton,Technology,0.4,-509.997,3,3059.982,Central
US-2020-106992,9/19/2019,Sean Braxton,Technology,0.4,-251.9958,7,2519.958,Central
US-2020-127299,9/19/2019,John Lee,Office Supplies,0.2,7.5762,6,67.344,South
US-2020-127299,9/19/2019,John Lee,Technology,0.5,-944.9946,3,2624.985,South
US-2020-132787,9/19/2019,Mike Caudle,Office Supplies,0,24.9804,6,92.52,West
US-2020-138177,9/19/2019,Neil Ducich,Furniture,0.5,-45.8273,1,73.915,West
US-2020-156601,9/19/2019,Frank Atkinson,Office Supplies,0,3.58,2,7.16,West
US-2020-159849,9/19/2019,Jim Kriz,Office Supplies,0,0.1134,3,5.67,West
US-2020-168130,9/19/2019,Bill Shonely,Furniture,0.1,177.4206,7,887.103,East
US-2020-120411,9/20/2019,Sarah Brown,Furniture,0.3,-70.49,5,493.43,Central
US-2020-120411,9/20/2019,Sarah Brown,Technology,0.2,3.475,2,11.12,Central
US-2020-125997,9/20/2019,Mitch Webber,Furniture,0.2,-10.0196,2,801.568,East
US-2020-125997,9/20/2019,Mitch Webber,Furniture,0.1,140.396,2,631.782,East
US-2020-125997,9/20/2019,Mitch Webber,Office Supplies,0,8.0548,1,30.98,East
US-2020-125997,9/20/2019,Mitch Webber,Office Supplies,0,35.3346,6,75.18,East
US-2020-125997,9/20/2019,Mitch Webber,Technology,0,661.4559,9,1349.91,East
US-2020-125997,9/20/2019,Mitch Webber,Technology,0,157.4875,5,629.95,East
US-2020-126480,9/20/2019,Henry Goldwyn,Office Supplies,0,3.852,2,8.56,West
US-2020-133704,9/20/2019,Michelle Arnett,Office Supplies,0,11.8584,4,43.92,West
US-2020-133704,9/20/2019,Michelle Arnett,Office Supplies,0.2,6.5754,3,20.232,West
US-2020-134614,9/20/2019,Philip Fox,Furniture,0.5,-407.682,6,617.7,Central
US-2020-151953,9/20/2019,Dorothy Badders,Office Supplies,0.2,0.9856,2,2.816,South
US-2020-156433,9/20/2019,Erica Smith,Office Supplies,0,4.5816,2,9.96,West
US-2020-156433,9/20/2019,Erica Smith,Office Supplies,0,10.6428,4,21.72,West
US-2020-166744,9/20/2019,Duane Noonan,Furniture,0,36.294,3,362.94,East
US-2020-166744,9/20/2019,Duane Noonan,Furniture,0,50.9082,3,164.22,East
US-2020-166744,9/20/2019,Duane Noonan,Technology,0,26.3912,2,59.98,East
US-2020-117478,9/21/2019,Larry Hughes,Office Supplies,0.7,-5.037,3,6.57,East
US-2020-124513,9/21/2019,Sara Luxemburg,Office Supplies,0,17.1678,3,66.03,East
US-2020-125514,9/21/2019,Brian Moss,Office Supplies,0,7.5284,2,25.96,Central
US-2020-125514,9/21/2019,Brian Moss,Office Supplies,0,10.881,3,36.27,Central
US-2020-125514,9/21/2019,Brian Moss,Office Supplies,0,3.1104,1,6.48,Central
US-2020-135972,9/21/2019,Jack Garza,Technology,0,701.9883,3,1799.97,West
US-2020-135972,9/21/2019,Jack Garza,Technology,0.2,27.7182,2,246.384,West
US-2020-153969,9/21/2019,Herbert Flentye,Office Supplies,0,15.4752,3,59.52,West
US-2020-153969,9/21/2019,Herbert Flentye,Office Supplies,0,7.3132,2,15.56,West
US-2020-153969,9/21/2019,Herbert Flentye,Office Supplies,0,36.8245,5,78.35,West
US-2020-153969,9/21/2019,Herbert Flentye,Office Supplies,0,17.334,9,38.52,West
US-2020-153969,9/21/2019,Herbert Flentye,Office Supplies,0,9.4815,3,19.35,West
US-2020-153969,9/21/2019,Herbert Flentye,Technology,0.2,23.9984,2,239.984,West
US-2020-166310,9/21/2019,Joni Sundaresam,Furniture,0.6,-7.476,2,8.544,Central
US-2020-168823,9/21/2019,Matt Abelman,Office Supplies,0.2,7.0227,9,20.808,East
US-2020-168823,9/21/2019,Matt Abelman,Office Supplies,0.2,4.1151,3,11.352,East
US-2020-103191,9/22/2019,Vivek Grady,Office Supplies,0.2,-82.884,3,331.536,Central
US-2020-127488,9/22/2019,Maribeth Schnelling,Office Supplies,0.2,1.6704,2,4.608,South
US-2020-156160,9/22/2019,Adam Shillingsburg,Furniture,0.1,83.7096,4,579.528,East
US-2020-156160,9/22/2019,Adam Shillingsburg,Furniture,0,35.0784,3,97.44,East
US-2020-156160,9/22/2019,Adam Shillingsburg,Office Supplies,0,5.7376,4,13.04,East
US-2020-156160,9/22/2019,Adam Shillingsburg,Office Supplies,0.2,1.3944,1,3.984,East
US-2020-158225,9/22/2019,Sanjit Engle,Office Supplies,0,42.3625,5,169.45,West
US-2020-158225,9/22/2019,Sanjit Engle,Office Supplies,0,0.4068,2,40.68,West
US-2020-113964,9/23/2019,Julie Prescott,Office Supplies,0.2,6.924,4,18.464,East
US-2020-116904,9/23/2019,Sanjit Chand,Office Supplies,0,6.47,2,12.94,Central
US-2020-116904,9/23/2019,Sanjit Chand,Office Supplies,0,4630.4755,5,9449.95,Central
US-2020-116904,9/23/2019,Sanjit Chand,Office Supplies,0,15.552,5,32.4,Central
US-2020-116904,9/23/2019,Sanjit Chand,Office Supplies,0,16.196,5,404.9,Central
US-2020-134733,9/23/2019,Brian Moss,Furniture,0.15,20.5176,3,435.999,West
US-2020-134733,9/23/2019,Brian Moss,Technology,0.2,31.494,2,83.984,West
US-2020-147900,9/23/2019,Jim Kriz,Office Supplies,0.2,10.08,9,28.8,East
US-2020-148369,9/23/2019,Thea Hudgings,Office Supplies,0,5.4488,4,11.12,East
US-2020-163559,9/23/2019,Shui Tom,Office Supplies,0.2,47.061,3,139.44,East
US-2020-163650,9/23/2019,Thomas Thornton,Office Supplies,0,2.8536,3,9.84,East
US-2020-163650,9/23/2019,Thomas Thornton,Office Supplies,0,15.525,3,34.5,East
US-2020-123344,9/24/2019,Julia Dunbar,Office Supplies,0,8.4784,4,211.96,West
US-2020-112914,9/25/2019,Michelle Tran,Furniture,0.32,-97.2312,2,300.5328,Central
US-2020-112914,9/25/2019,Michelle Tran,Office Supplies,0.8,-4.3584,2,2.724,Central
US-2020-112914,9/25/2019,Michelle Tran,Office Supplies,0.2,1.1016,2,3.264,Central
US-2020-112914,9/25/2019,Michelle Tran,Office Supplies,0.2,10.56,8,33.792,Central
US-2020-141355,9/25/2019,Barry Franz,Office Supplies,0.2,2.3686,2,14.576,West
US-2020-115049,9/26/2019,Michael Moore,Technology,0.2,38.456,11,153.824,Central
US-2020-115133,9/26/2019,Dianna Arnett,Office Supplies,0.2,1.2528,6,16.704,East
US-2020-115133,9/26/2019,Dianna Arnett,Office Supplies,0.2,11.1024,4,32.896,East
US-2020-115133,9/26/2019,Dianna Arnett,Technology,0.2,0.4728,2,3.152,East
US-2020-127586,9/26/2019,Christopher Schild,Office Supplies,0,80.6312,2,310.12,West
US-2020-132451,9/26/2019,Karen Ferguson,Furniture,0.2,73.194,3,585.552,West
US-2020-132451,9/26/2019,Karen Ferguson,Office Supplies,0,9.3312,3,19.44,West
US-2020-144974,9/26/2019,Craig Molinari,Furniture,0.2,4.7664,1,21.184,East
US-2020-144974,9/26/2019,Craig Molinari,Office Supplies,0.2,3.1032,6,41.376,East
US-2020-144974,9/26/2019,Craig Molinari,Office Supplies,0.7,-4.577,5,5.97,East
US-2020-151925,9/26/2019,Kean Takahito,Furniture,0.2,0,2,145.568,West
US-2020-152723,9/26/2019,Henry Goldwyn,Office Supplies,0.8,-1.4016,1,0.876,Central
US-2020-164385,9/26/2019,Nicole Brennan,Office Supplies,0.2,14.3952,3,143.952,East
US-2020-120887,9/27/2019,Thomas Seio,Furniture,0,37.6422,3,87.54,East
US-2020-133130,9/27/2019,Thea Hendricks,Furniture,0.2,45.294,5,603.92,West
US-2020-133130,9/27/2019,Thea Hendricks,Office Supplies,0,40.1702,2,81.98,West
US-2020-107153,9/28/2019,George Zrebassa,Office Supplies,0,12.4902,3,46.26,East
US-2020-114335,9/28/2019,Xylona Preis,Furniture,0.2,16.8544,4,337.088,South
US-2020-125136,9/28/2019,Keith Dawkins,Office Supplies,0.2,31.2832,8,96.256,South
US-2020-125136,9/28/2019,Keith Dawkins,Office Supplies,0.2,3.7408,2,10.688,South
US-2020-111962,9/29/2019,Evan Bailliet,Office Supplies,0.2,3.14,2,10.048,West
US-2020-111962,9/29/2019,Evan Bailliet,Office Supplies,0,153.4725,5,807.75,West
US-2020-122931,9/29/2019,Suzanne McNair,Furniture,0.4,-20.1528,1,67.176,East
US-2020-122931,9/29/2019,Suzanne McNair,Furniture,0.4,-81.8544,2,409.272,East
US-2020-122931,9/29/2019,Suzanne McNair,Office Supplies,0.2,1.4784,3,4.224,East
US-2020-122931,9/29/2019,Suzanne McNair,Office Supplies,0.2,18.018,11,55.44,East
US-2020-122931,9/29/2019,Suzanne McNair,Office Supplies,0.2,6.8016,4,20.928,East
US-2020-122931,9/29/2019,Suzanne McNair,Office Supplies,0.2,-337.806,6,1801.632,East
US-2020-124856,9/29/2019,Lisa DeCherney,Furniture,0,36.3816,4,117.36,East
US-2020-124856,9/29/2019,Lisa DeCherney,Office Supplies,0,8.694,3,18.9,East
US-2020-124856,9/29/2019,Lisa DeCherney,Office Supplies,0,37.9848,2,77.52,East
US-2020-124856,9/29/2019,Lisa DeCherney,Office Supplies,0,362.8404,9,1395.54,East
US-2020-126683,9/29/2019,Paul Prost,Furniture,0,2.9568,2,6.16,West
US-2020-126683,9/29/2019,Paul Prost,Furniture,0,399.2994,9,2348.82,West
US-2020-146969,9/29/2019,Arthur Prichep,Furniture,0,53.196,2,204.6,West
US-2020-146969,9/29/2019,Arthur Prichep,Office Supplies,0,2.8776,4,8.72,West
US-2020-146969,9/29/2019,Arthur Prichep,Office Supplies,0,3.1104,1,6.48,West
US-2020-146969,9/29/2019,Arthur Prichep,Office Supplies,0,16.7886,1,62.18,West
US-2020-146969,9/29/2019,Arthur Prichep,Technology,0.2,223.054,2,686.32,West
US-2020-102008,9/30/2019,Russell Applegate,Office Supplies,0,24.47,1,48.94,East
US-2020-137351,9/30/2019,Doug Bickford,Office Supplies,0.2,13.4925,7,43.176,West
US-2020-140886,9/30/2019,Kelly Williams,Office Supplies,0.2,11.2476,6,69.216,South
US-2020-141649,9/30/2019,Dario Medina,Office Supplies,0.2,59.6556,6,795.408,East
US-2020-159478,9/30/2019,Maya Herman,Furniture,0,5.1816,3,15.24,East
US-2020-167633,9/30/2019,Ben Wallace,Office Supplies,0.2,5.4432,3,15.552,South
US-2020-132745,10/1/2019,Neil Französisch,Office Supplies,0,0,1,4.71,West
US-2020-108189,10/2/2019,Erin Smith,Office Supplies,0.2,4.6284,6,12.768,West
US-2020-108189,10/2/2019,Erin Smith,Office Supplies,0.2,1.46,2,4.672,West
US-2020-108189,10/2/2019,Erin Smith,Office Supplies,0.2,3.4104,2,9.408,West
US-2020-108189,10/2/2019,Erin Smith,Office Supplies,0.2,-3.264,2,15.36,West
US-2020-108189,10/2/2019,Erin Smith,Technology,0.2,-0.0895,1,7.16,West
US-2020-108189,10/2/2019,Erin Smith,Technology,0.2,20.1579,3,230.376,West
US-2020-108189,10/2/2019,Erin Smith,Technology,0.2,107.46,2,318.4,West
US-2020-108903,10/3/2019,Denny Ordway,Office Supplies,0.2,4.1988,2,55.984,East
US-2020-108903,10/3/2019,Denny Ordway,Office Supplies,0.2,4.887,5,14.48,East
US-2020-108903,10/3/2019,Denny Ordway,Technology,0.2,-3.5622,3,142.488,East
US-2020-120775,10/3/2019,Russell D'Ascenzo,Furniture,0.6,-19.0656,3,31.776,Central
US-2020-120775,10/3/2019,Russell D'Ascenzo,Office Supplies,0.8,-3.0396,3,1.788,Central
US-2020-120775,10/3/2019,Russell D'Ascenzo,Office Supplies,0.2,-3.768,4,15.072,Central
US-2020-120775,10/3/2019,Russell D'Ascenzo,Office Supplies,0.2,0.8688,3,4.344,Central
US-2020-120775,10/3/2019,Russell D'Ascenzo,Office Supplies,0.2,1.7248,2,4.928,Central
US-2020-153976,10/3/2019,Beth Paige,Furniture,0.3,-70.1043,3,258.279,Central
US-2020-155817,10/3/2019,Sara Luxemburg,Office Supplies,0.2,0.4644,3,6.192,South
US-2020-155817,10/3/2019,Sara Luxemburg,Office Supplies,0.2,4.6176,2,61.568,South
US-2020-157882,10/3/2019,Allen Rosenblatt,Furniture,0.2,13.7646,3,122.352,West
US-2020-157882,10/3/2019,Allen Rosenblatt,Furniture,0.2,3.5858,1,143.432,West
US-2020-102085,10/4/2019,Joy Daniels,Office Supplies,0,13.7428,4,29.24,West
US-2020-153479,10/4/2019,David Flashing,Office Supplies,0.2,31.0856,2,95.648,West
US-2020-153479,10/4/2019,David Flashing,Office Supplies,0,6.7915,5,14.45,West
US-2020-166891,10/4/2019,Chris Cortes,Furniture,0.1,-6.549,5,589.41,East
US-2020-152233,10/5/2019,Keith Herrera,Technology,0,34.993,2,99.98,West
US-2020-152422,10/5/2019,Brian Derr,Office Supplies,0.2,11.49,5,91.92,East
US-2020-109680,10/6/2019,Victoria Pisteka,Office Supplies,0,54.0876,2,386.34,Central
US-2020-110611,10/6/2019,Joy Daniels,Office Supplies,0.2,-13.637,5,83.92,East
US-2020-132542,10/6/2019,Alice McCarthy,Office Supplies,0,7.68,2,15.36,Central
US-2020-134677,10/6/2019,Xylona Preis,Technology,0,1.9089,3,9.09,West
US-2020-117429,10/7/2019,Mathew Reese,Furniture,0.2,21.112,5,129.92,East
US-2020-132801,10/7/2019,John Grady,Office Supplies,0.2,10.744,10,107.44,Central
US-2020-119977,10/8/2019,Duane Noonan,Office Supplies,0,55.764,4,123.92,East
US-2020-142951,10/8/2019,Jack Garza,Technology,0.2,4.9878,3,23.472,South
US-2020-137911,10/9/2019,Bart Pistole,Office Supplies,0.2,31.0688,2,88.768,South
US-2020-138240,10/9/2019,Shirley Jackson,Office Supplies,0,41.934,3,144.6,West
US-2020-138240,10/9/2019,Shirley Jackson,Technology,0.2,-2.9985,1,15.992,West
US-2020-103492,10/10/2019,Craig Molinari,Office Supplies,0.8,-1.5715,1,0.898,Central
US-2020-103492,10/10/2019,Craig Molinari,Office Supplies,0.8,-19.168,5,11.98,Central
US-2020-103492,10/10/2019,Craig Molinari,Technology,0.2,71.9952,6,719.952,Central
US-2020-103492,10/10/2019,Craig Molinari,Technology,0.2,66.1451,7,755.944,Central
US-2020-105137,10/10/2019,Richard Bierner,Office Supplies,0.7,-13.3936,2,18.264,East
US-2020-105137,10/10/2019,Richard Bierner,Technology,0.7,-71.3958,2,101.994,East
US-2020-134054,10/10/2019,Fred Chung,Office Supplies,0,112.574,7,255.85,West
US-2020-140403,10/10/2019,Tanja Norvell,Furniture,0.2,13.7646,3,122.352,West
US-2020-140403,10/10/2019,Tanja Norvell,Office Supplies,0,7.4872,2,15.28,West
US-2020-150329,10/10/2019,Shirley Daniels,Furniture,0.2,3.5154,7,46.872,West
US-2020-114314,10/11/2019,Dorothy Badders,Furniture,0,3.9248,4,8.92,South
US-2020-114314,10/11/2019,Dorothy Badders,Office Supplies,0,3.4357,1,7.31,South
US-2020-116834,10/11/2019,Dean percer,Furniture,0,19.041,11,63.47,West
US-2020-116834,10/11/2019,Dean percer,Technology,0,58.65,5,345,West
US-2020-126571,10/11/2019,Jill Fjeld,Office Supplies,0.2,67.9833,3,201.432,East
US-2020-126571,10/11/2019,Jill Fjeld,Office Supplies,0.2,10.5714,2,281.904,East
US-2020-128538,10/11/2019,Alan Shonely,Office Supplies,0,3.7436,1,7.64,West
US-2020-157924,10/11/2019,Helen Andreada,Furniture,0.2,-65.0352,2,433.568,West
US-2020-157924,10/11/2019,Helen Andreada,Office Supplies,0,8.2992,4,31.92,West
US-2020-139451,10/12/2019,Duane Noonan,Office Supplies,0,4.172,5,14.9,West
US-2020-139451,10/12/2019,Duane Noonan,Office Supplies,0,6.2031,1,21.39,West
US-2020-154655,10/12/2019,Barry Pond,Office Supplies,0.2,2.502,2,22.24,Central
US-2020-123316,10/13/2019,Sibella Parks,Office Supplies,0.2,2.8101,3,7.752,East
US-2020-132010,10/13/2019,Michelle Arnett,Office Supplies,0,7.1346,3,15.18,South
US-2020-132010,10/13/2019,Michelle Arnett,Office Supplies,0,17.472,5,36.4,South
US-2020-132010,10/13/2019,Michelle Arnett,Office Supplies,0,6.304,4,315.2,South
US-2020-132010,10/13/2019,Michelle Arnett,Technology,0,4.3624,2,22.96,South
US-2020-151995,10/13/2019,Zuschuss Carroll,Furniture,0,311.652,5,1298.55,West
US-2020-151995,10/13/2019,Zuschuss Carroll,Office Supplies,0,62.0368,4,213.92,West
US-2020-151995,10/13/2019,Zuschuss Carroll,Office Supplies,0,3.2256,4,11.52,West
US-2020-151995,10/13/2019,Zuschuss Carroll,Technology,0,2.578,2,25.78,West
US-2020-164742,10/13/2019,Marina Lichtenstein,Furniture,0,27.0578,2,245.98,East
US-2020-164742,10/13/2019,Marina Lichtenstein,Office Supplies,0,9.47,1,18.94,East
US-2020-146353,10/14/2019,Jim Epp,Office Supplies,0,11.0016,4,22.92,East
US-2020-146353,10/14/2019,Jim Epp,Office Supplies,0,16.194,5,269.9,East
US-2020-151015,10/14/2019,Bradley Drucker,Office Supplies,0.8,-4.8609,3,2.946,Central
US-2020-151015,10/14/2019,Bradley Drucker,Office Supplies,0.2,6.9368,4,19.136,Central
US-2020-151015,10/14/2019,Bradley Drucker,Office Supplies,0.2,100.685,13,322.192,Central
US-2020-151330,10/14/2019,Toby Carlisle,Furniture,0,260.6112,9,1628.82,East
US-2020-151330,10/14/2019,Toby Carlisle,Office Supplies,0,22.246,7,79.45,East
US-2020-151330,10/14/2019,Toby Carlisle,Technology,0,30.09,3,177,East
US-2020-163748,10/14/2019,Hunter Glantz,Office Supplies,0.8,-8.532,4,3.16,Central
US-2020-163748,10/14/2019,Hunter Glantz,Technology,0.2,624.9875,5,1999.96,Central
US-2020-122021,10/15/2019,Anna Chung,Furniture,0.3,-7.8588,2,183.372,East
US-2020-122021,10/15/2019,Anna Chung,Office Supplies,0.2,2.8884,2,7.968,East
US-2020-143182,10/15/2019,Dan Lawera,Furniture,0.2,4.0383,1,15.384,South
US-2020-109456,10/16/2019,Lynn Smith,Office Supplies,0.2,5.0232,3,14.352,West
US-2020-109456,10/16/2019,Lynn Smith,Technology,0,86.3856,3,179.97,West
US-2020-103086,10/17/2019,Evan Bailliet,Furniture,0.6,-1.5936,2,5.312,Central
US-2020-124394,10/17/2019,Tracy Blumstein,Office Supplies,0.8,-17.248,5,10.78,Central
US-2020-124394,10/17/2019,Tracy Blumstein,Technology,0.2,-17.9964,3,119.976,Central
US-2020-110408,10/18/2019,Alan Schoenberger,Furniture,0,70.9644,6,545.88,South
US-2020-110408,10/18/2019,Alan Schoenberger,Office Supplies,0,11.0388,3,275.97,South
US-2020-110408,10/18/2019,Alan Schoenberger,Technology,0,362.687,5,1394.95,South
US-2020-115084,10/18/2019,Luke Schmidt,Furniture,0,145.2816,6,605.34,South
US-2020-138450,10/18/2019,Edward Hooks,Office Supplies,0.2,19.692,6,52.512,East
US-2020-138450,10/18/2019,Edward Hooks,Office Supplies,0.2,3.14,4,10.048,East
US-2020-138450,10/18/2019,Edward Hooks,Office Supplies,0.2,-35.046,6,186.912,East
US-2020-143168,10/18/2019,Ivan Gibson,Office Supplies,0.2,0.4704,1,1.344,West
US-2020-143168,10/18/2019,Ivan Gibson,Office Supplies,0,27.882,2,61.96,West
US-2020-100867,10/19/2019,Eugene Hildebrand,Technology,0.2,20.097,6,321.552,West
US-2020-117317,10/19/2019,Jeremy Farry,Office Supplies,0,6.5856,3,13.44,West
US-2020-155264,10/19/2019,Rachel Payne,Office Supplies,0.2,1.122,1,2.992,West
US-2020-155264,10/19/2019,Rachel Payne,Office Supplies,0.2,7.0224,6,20.064,West
US-2020-155264,10/19/2019,Rachel Payne,Office Supplies,0,9,5,18.75,West
US-2020-155264,10/19/2019,Rachel Payne,Office Supplies,0,68.9631,3,146.73,West
US-2020-155264,10/19/2019,Rachel Payne,Technology,0.2,11.7576,3,117.576,West
US-2020-137092,10/20/2019,Lindsay Shagiari,Office Supplies,0.8,-14.7594,1,8.682,Central
US-2020-137092,10/20/2019,Lindsay Shagiari,Office Supplies,0.2,7.9378,1,24.424,Central
US-2020-137092,10/20/2019,Lindsay Shagiari,Office Supplies,0.2,1.2376,1,3.808,Central
US-2020-137092,10/20/2019,Lindsay Shagiari,Office Supplies,0.2,31.5825,3,505.32,Central
US-2020-137092,10/20/2019,Lindsay Shagiari,Technology,0.2,71.9928,4,319.968,Central
US-2020-146703,10/20/2019,Patrick O'Donnell,Office Supplies,0,8.4784,4,211.96,Central
US-2020-169684,10/20/2019,Fred Hopkins,Furniture,0.4,-147.8655,3,328.59,South
US-2020-169684,10/20/2019,Fred Hopkins,Office Supplies,0.2,-24.588,3,98.352,South
US-2020-100916,10/21/2019,Frank Hawley,Furniture,0,112.3508,4,591.32,South
US-2020-100916,10/21/2019,Frank Hawley,Office Supplies,0,0.8804,1,2.84,South
US-2020-100916,10/21/2019,Frank Hawley,Office Supplies,0,9.735,5,194.7,South
US-2020-142587,10/21/2019,Tracy Blumstein,Furniture,0.4,-122.877,3,409.59,East
US-2020-142587,10/21/2019,Tracy Blumstein,Office Supplies,0.2,13.7016,4,121.792,East
US-2020-169852,10/21/2019,Sylvia Foulston,Office Supplies,0.2,12.2715,3,36.36,West
US-2020-110072,10/22/2019,Maureen Gastineau,Furniture,0.2,12.9096,4,93.888,East
US-2020-151967,10/22/2019,Nicole Brennan,Furniture,0,10.3936,4,129.92,South
US-2020-108707,10/24/2019,Daniel Byrd,Office Supplies,0.2,3.6288,2,10.368,South
US-2020-113047,10/24/2019,Arthur Prichep,Office Supplies,0,3.792,3,11.85,South
US-2020-130729,10/24/2019,Allen Armold,Office Supplies,0.2,11.1384,3,34.272,West
US-2020-139542,10/25/2019,Evan Henry,Office Supplies,0.7,-9.5886,3,13.698,East
US-2020-139542,10/25/2019,Evan Henry,Technology,0.2,0.5097,3,40.776,East
US-2020-158400,10/25/2019,Aaron Hawkins,Office Supplies,0.2,18.528,4,49.408,West
US-2020-162278,10/26/2019,Angele Hood,Furniture,0,3.196,4,63.92,West
US-2020-162278,10/26/2019,Angele Hood,Technology,0.2,38.396,5,383.96,West
US-2020-148285,10/27/2019,Ross DeVincentis,Office Supplies,0.2,4.0338,3,11.952,South
US-2020-148285,10/27/2019,Ross DeVincentis,Office Supplies,0.2,3.6288,2,10.368,South
US-2020-101931,10/28/2019,Todd Sumrall,Furniture,0.15,-36.294,6,616.998,West
US-2020-101931,10/28/2019,Todd Sumrall,Office Supplies,0.2,2.245,2,7.184,West
US-2020-101931,10/28/2019,Todd Sumrall,Office Supplies,0,38.178,5,141.4,West
US-2020-101931,10/28/2019,Todd Sumrall,Office Supplies,0,14.4222,2,480.74,West
US-2020-101931,10/28/2019,Todd Sumrall,Office Supplies,0,0.0628,2,6.28,West
US-2020-107769,10/28/2019,Bill Tyler,Technology,0,74.8142,2,257.98,Central
US-2020-154627,10/29/2019,Sue Ann Reed,Technology,0.2,341.994,6,2735.952,Central
US-2020-166590,10/29/2019,Noah Childs,Office Supplies,0,35.6636,2,75.88,Central
US-2020-166590,10/29/2019,Noah Childs,Technology,0,0.891,2,1.98,Central
US-2020-106439,10/31/2019,Greg Guthrie,Furniture,0.2,-9.147,3,146.352,West
US-2020-106439,10/31/2019,Greg Guthrie,Office Supplies,0,3.717,3,12.39,West
US-2020-106439,10/31/2019,Greg Guthrie,Office Supplies,0.2,5.3892,2,15.968,West
US-2020-106439,10/31/2019,Greg Guthrie,Office Supplies,0.2,6.03,3,19.296,West
US-2020-106439,10/31/2019,Greg Guthrie,Office Supplies,0,5.2164,3,11.34,West
US-2020-106439,10/31/2019,Greg Guthrie,Office Supplies,0,30.4278,13,64.74,West
US-2020-106439,10/31/2019,Greg Guthrie,Office Supplies,0,12.1692,4,405.64,West
US-2020-106439,10/31/2019,Greg Guthrie,Office Supplies,0,20.878,5,80.3,West
US-2020-106439,10/31/2019,Greg Guthrie,Technology,0,47.8629,9,251.91,West
US-2020-108609,10/31/2019,Anthony Jacobs,Furniture,0.4,-734.5264,8,1421.664,East
US-2020-120313,10/31/2019,Nancy Lomonaco,Technology,0.2,8.2782,2,73.584,West
US-2020-145387,10/31/2019,Anne McFarland,Furniture,0,481.47,5,1604.9,East
US-2020-145387,10/31/2019,Anne McFarland,Furniture,0,7.7748,3,17.67,East
US-2020-145387,10/31/2019,Anne McFarland,Furniture,0,4.2804,2,14.76,East
US-2020-145387,10/31/2019,Anne McFarland,Furniture,0.3,-60.6078,1,385.686,East
US-2020-145387,10/31/2019,Anne McFarland,Office Supplies,0,18.715,5,49.25,East
US-2020-145387,10/31/2019,Anne McFarland,Office Supplies,0,15.6768,2,34.08,East
US-2020-145387,10/31/2019,Anne McFarland,Office Supplies,0,4.7752,2,10.16,East
US-2020-167262,10/31/2019,Amy Cox,Technology,0.2,83.5128,8,742.336,West
US-2020-102673,11/1/2019,Ken Heidel,Office Supplies,0.2,0.8988,3,10.272,South
US-2020-102673,11/1/2019,Ken Heidel,Office Supplies,0.2,1.41,5,7.52,South
US-2020-102673,11/1/2019,Ken Heidel,Office Supplies,0.2,15.5376,12,47.808,South
US-2020-102673,11/1/2019,Ken Heidel,Technology,0.2,110.1195,9,978.84,South
US-2020-114195,11/1/2019,Erin Ashbrook,Furniture,0.2,16.3172,2,68.704,East
US-2020-114195,11/1/2019,Erin Ashbrook,Office Supplies,0.7,-2.61,2,3.132,East
US-2020-114195,11/1/2019,Erin Ashbrook,Office Supplies,0.7,-17.9424,3,22.428,East
US-2020-126907,11/1/2019,Suzanne McNair,Office Supplies,0.2,5.1012,3,15.696,Central
US-2020-134313,11/1/2019,Russell Applegate,Office Supplies,0.2,4.3176,3,43.176,West
US-2020-134313,11/1/2019,Russell Applegate,Technology,0.2,247.996,4,1983.968,West
US-2020-137155,11/1/2019,Daniel Lacy,Furniture,0,9.8208,6,31.68,East
US-2020-137155,11/1/2019,Daniel Lacy,Office Supplies,0,154.8426,3,533.94,East
US-2020-137155,11/1/2019,Daniel Lacy,Office Supplies,0,82.2906,3,167.94,East
US-2020-139423,11/1/2019,Deirdre Greer,Office Supplies,0,22.0748,2,76.12,East
US-2020-148915,11/1/2019,Natalie DeCherney,Office Supplies,0.2,-94.333,5,443.92,West
US-2020-148915,11/1/2019,Natalie DeCherney,Technology,0.2,54.5916,3,155.976,West
US-2020-152562,11/1/2019,Jack O'Briant,Office Supplies,0,1.6356,3,5.64,South
US-2020-152562,11/1/2019,Jack O'Briant,Office Supplies,0,19.4656,2,69.52,South
US-2020-168305,11/1/2019,Paul Lucas,Office Supplies,0,22.2,3,44.4,West
US-2020-168305,11/1/2019,Paul Lucas,Office Supplies,0,9.63,5,21.4,West
US-2020-107454,11/2/2019,Roger Demir,Furniture,0,24.1218,6,89.34,East
US-2020-107454,11/2/2019,Roger Demir,Office Supplies,0,16.0356,7,34.86,East
US-2020-115889,11/2/2019,Shahid Hopkins,Office Supplies,0,105.2468,2,362.92,West
US-2020-115889,11/2/2019,Shahid Hopkins,Technology,0.2,5.2182,2,46.384,West
US-2020-120670,11/2/2019,Julie Kriz,Technology,0.2,239.976,10,799.92,South
US-2020-129147,11/2/2019,Liz Carlisle,Office Supplies,0.7,-13.4694,3,19.242,East
US-2020-129147,11/2/2019,Liz Carlisle,Technology,0.4,-107.9928,6,539.964,East
US-2020-129147,11/2/2019,Liz Carlisle,Technology,0.4,-10.0464,7,50.232,East
US-2020-134726,11/2/2019,Steven Ward,Technology,0,15.0984,2,41.94,West
US-2020-134726,11/2/2019,Steven Ward,Technology,0.2,4.6193,1,52.792,West
US-2020-148782,11/2/2019,Patrick O'Brill,Technology,0.2,7.7679,3,88.776,Central
US-2020-119529,11/3/2019,Denise Monton,Office Supplies,0,2.8224,2,5.76,East
US-2020-121573,11/3/2019,Speros Goranitis,Office Supplies,0.2,18.336,2,48.896,East
US-2020-121573,11/3/2019,Speros Goranitis,Office Supplies,0.2,2.8478,2,7.856,East
US-2020-121573,11/3/2019,Speros Goranitis,Technology,0,219.5088,4,783.96,East
US-2020-124625,11/3/2019,Stephanie Phelps,Technology,0,18.8937,3,89.97,Central
US-2020-137589,11/3/2019,Maxwell Schwartz,Office Supplies,0.2,-64.4274,3,286.344,East
US-2020-146731,11/3/2019,Annie Thurman,Office Supplies,0.2,1.1772,2,3.488,South
US-2020-146731,11/3/2019,Annie Thurman,Office Supplies,0.2,48.5514,9,143.856,South
US-2020-153619,11/3/2019,Tracy Collins,Office Supplies,0,3.36,4,6.72,West
US-2020-155593,11/3/2019,Resi Pölking,Office Supplies,0,3.3756,3,11.64,East
US-2020-165764,11/3/2019,Shahid Hopkins,Furniture,0.2,-51.294,3,410.352,South
US-2020-165764,11/3/2019,Shahid Hopkins,Furniture,0.4,-299.2614,6,945.036,South
US-2020-165764,11/3/2019,Shahid Hopkins,Office Supplies,0.7,-10.4874,7,14.301,South
US-2020-165764,11/3/2019,Shahid Hopkins,Office Supplies,0.2,-1.624,2,25.984,South
US-2020-121286,11/4/2019,Odella Nelson,Office Supplies,0.2,5.096,5,58.24,South
US-2020-121286,11/4/2019,Odella Nelson,Office Supplies,0.2,2.7222,3,8.376,South
US-2020-125829,11/4/2019,William Brown,Furniture,0.2,-64.5444,4,573.728,West
US-2020-125829,11/4/2019,William Brown,Office Supplies,0.2,8.226,3,21.936,West
US-2020-125829,11/4/2019,William Brown,Office Supplies,0,9.3312,3,19.44,West
US-2020-125829,11/4/2019,William Brown,Technology,0.2,139.99,4,447.968,West
US-2020-125829,11/4/2019,William Brown,Technology,0.2,66.6344,7,666.344,West
US-2020-132227,11/4/2019,Sam Zeldin,Office Supplies,0.2,18.8732,4,52.064,East
US-2020-134187,11/4/2019,Tiffany House,Office Supplies,0,0.7938,1,2.94,West
US-2020-149244,11/4/2019,MaryBeth Skach,Furniture,0,13.4292,2,35.34,West
US-2020-164973,11/4/2019,Nathan Mautz,Furniture,0.1,24.1568,1,135.882,East
US-2020-164973,11/4/2019,Nathan Mautz,Office Supplies,0,13.071,1,43.57,East
US-2020-164973,11/4/2019,Nathan Mautz,Technology,0,129.6,4,360,East
US-2020-164973,11/4/2019,Nathan Mautz,Technology,0,1995.99,2,3991.98,East
US-2020-164973,11/4/2019,Nathan Mautz,Technology,0,80.0226,6,275.94,East
US-2020-109134,11/5/2019,Deanra Eno,Furniture,0,8.8176,6,20.04,West
US-2020-114251,11/5/2019,Maribeth Dona,Furniture,0.2,-34.196,2,273.568,East
US-2020-114251,11/5/2019,Maribeth Dona,Office Supplies,0.7,-8.796,2,13.194,East
US-2020-114251,11/5/2019,Maribeth Dona,Office Supplies,0.2,-94.5084,6,1080.096,East
US-2020-114251,11/5/2019,Maribeth Dona,Technology,0.2,-6.445,5,51.56,East
US-2020-114251,11/5/2019,Maribeth Dona,Technology,0.2,16.7946,2,58.416,East
US-2020-114377,11/5/2019,Barry Gonzalez,Furniture,0,40.473,5,149.9,South
US-2020-133634,11/5/2019,Steven Roelle,Technology,0,16.2486,3,47.79,South
US-2020-120950,11/6/2019,George Ashbrook,Office Supplies,0,20.9664,6,43.68,South
US-2020-120278,11/7/2019,Maribeth Schnelling,Office Supplies,0,68.8464,6,245.88,Central
US-2020-120278,11/7/2019,Maribeth Schnelling,Office Supplies,0,5.8233,3,12.39,Central
US-2020-120278,11/7/2019,Maribeth Schnelling,Office Supplies,0,5.8708,2,22.58,Central
US-2020-120278,11/7/2019,Maribeth Schnelling,Office Supplies,0,9.8901,3,36.63,Central
US-2020-123323,11/7/2019,Lena Hernandez,Office Supplies,0.2,46.179,7,123.144,West
US-2020-123498,11/7/2019,Tamara Chand,Office Supplies,0.8,-44.2782,3,26.046,Central
US-2020-123498,11/7/2019,Tamara Chand,Office Supplies,0.2,26.9526,3,74.352,Central
US-2020-139640,11/7/2019,Troy Blackwell,Office Supplies,0.2,9.0576,4,120.768,West
US-2020-139640,11/7/2019,Troy Blackwell,Office Supplies,0.2,9.072,5,25.92,West
US-2020-146990,11/7/2019,Bart Pistole,Office Supplies,0,2.8416,4,5.92,East
US-2020-146990,11/7/2019,Bart Pistole,Office Supplies,0,13.8828,3,30.18,East
US-2020-159310,11/7/2019,Steven Cartwright,Furniture,0.3,0,4,683.144,Central
US-2020-159310,11/7/2019,Steven Cartwright,Office Supplies,0.8,-2.214,3,1.476,Central
US-2020-159310,11/7/2019,Steven Cartwright,Office Supplies,0.2,3.5623,7,40.712,Central
US-2020-126340,11/8/2019,Emily Burns,Technology,0.2,25.0182,3,333.576,West
US-2020-103219,11/9/2019,Benjamin Farhat,Furniture,0,21.4776,9,56.52,East
US-2020-144666,11/9/2019,Jeremy Pistek,Furniture,0.15,10.4784,2,222.666,West
US-2020-144666,11/9/2019,Jeremy Pistek,Office Supplies,0,28.819,7,62.65,West
US-2020-144666,11/9/2019,Jeremy Pistek,Office Supplies,0,45.528,5,94.85,West
US-2020-144666,11/9/2019,Jeremy Pistek,Office Supplies,0,24.9804,6,92.52,West
US-2020-144666,11/9/2019,Jeremy Pistek,Office Supplies,0,3.4092,3,340.92,West
US-2020-144666,11/9/2019,Jeremy Pistek,Technology,0.2,87.996,4,703.968,West
US-2020-121006,11/10/2019,Sam Craven,Furniture,0,112.788,3,563.94,Central
US-2020-121006,11/10/2019,Sam Craven,Office Supplies,0,1.521,2,3.9,Central
US-2020-121006,11/10/2019,Sam Craven,Office Supplies,0,5.778,3,12.84,Central
US-2020-121006,11/10/2019,Sam Craven,Office Supplies,0,7.128,3,15.84,Central
US-2020-121006,11/10/2019,Sam Craven,Office Supplies,0,160.623,3,535.41,Central
US-2020-121006,11/10/2019,Sam Craven,Office Supplies,0,11.9586,3,62.94,Central
US-2020-158372,11/10/2019,Ruben Dartt,Furniture,0,11.1664,2,39.88,West
US-2020-158372,11/10/2019,Ruben Dartt,Furniture,0,14.896,5,53.2,West
US-2020-158372,11/10/2019,Ruben Dartt,Office Supplies,0,18.3264,8,39.84,West
US-2020-158372,11/10/2019,Ruben Dartt,Office Supplies,0,28.008,8,62.24,West
US-2020-158372,11/10/2019,Ruben Dartt,Technology,0,4.2861,1,10.99,West
US-2020-158372,11/10/2019,Ruben Dartt,Technology,0.2,60.1536,8,601.536,West
US-2020-105270,11/11/2019,Arthur Prichep,Furniture,0.2,11.2648,1,112.648,West
US-2020-105270,11/11/2019,Arthur Prichep,Office Supplies,0,7.9248,3,30.48,West
US-2020-105893,11/11/2019,Pete Kriz,Office Supplies,0,13.3176,6,665.88,Central
US-2020-128524,11/11/2019,Mary Zewe,Office Supplies,0,6.894,1,22.98,West
US-2020-128524,11/11/2019,Mary Zewe,Office Supplies,0.2,762.594,2,2033.584,West
US-2020-128524,11/11/2019,Mary Zewe,Technology,0,15.3195,7,102.13,West
US-2020-140732,11/11/2019,Matt Abelman,Office Supplies,0,2.0228,2,7.78,West
US-2020-140732,11/11/2019,Matt Abelman,Office Supplies,0,55.764,4,123.92,West
US-2020-140732,11/11/2019,Matt Abelman,Technology,0.2,57.5928,9,575.928,West
US-2020-140914,11/11/2019,Brosina Hoffman,Furniture,0.3,-56.996,4,797.944,Central
US-2020-140914,11/11/2019,Brosina Hoffman,Furniture,0.6,-7.9634,2,10.984,Central
US-2020-143287,11/11/2019,Kristina Nunn,Office Supplies,0,21.7845,5,46.35,East
US-2020-143287,11/11/2019,Kristina Nunn,Office Supplies,0,109.7208,4,223.92,East
US-2020-143287,11/11/2019,Kristina Nunn,Office Supplies,0,2.19,2,7.3,East
US-2020-155796,11/11/2019,Tom Stivers,Furniture,0.5,-250.5408,4,521.96,East
US-2020-155796,11/11/2019,Tom Stivers,Furniture,0.2,7.7896,2,23.968,East
US-2020-163419,11/11/2019,Tracy Zic,Furniture,0.2,75.49,5,603.92,West
US-2020-163419,11/11/2019,Tracy Zic,Office Supplies,0.2,0.8056,1,3.392,West
US-2020-163419,11/11/2019,Tracy Zic,Technology,0.2,55.9984,2,559.984,West
US-2020-165309,11/11/2019,Karen Daniels,Office Supplies,0.2,6.756,3,67.56,Central
US-2020-165309,11/11/2019,Karen Daniels,Office Supplies,0.8,-1.9744,1,1.234,Central
US-2020-165309,11/11/2019,Karen Daniels,Office Supplies,0.8,-1480.0335,5,896.99,Central
US-2020-165309,11/11/2019,Karen Daniels,Office Supplies,0.2,95.0968,8,262.336,Central
US-2020-165309,11/11/2019,Karen Daniels,Office Supplies,0.2,7.8735,5,21.72,Central
US-2020-165309,11/11/2019,Karen Daniels,Technology,0.2,16.704,2,148.48,Central
US-2020-165309,11/11/2019,Karen Daniels,Technology,0.2,15.0735,3,241.176,Central
US-2020-122609,11/12/2019,Darren Powers,Furniture,0.6,-6.9102,3,25.128,Central
US-2020-122609,11/12/2019,Darren Powers,Technology,0.2,25.5968,2,127.984,Central
US-2020-151078,11/12/2019,Roy Französisch,Office Supplies,0.2,4.9632,4,49.632,Central
US-2020-151295,11/12/2019,Joseph Airdo,Furniture,0.2,31.4532,3,629.064,West
US-2020-151295,11/12/2019,Joseph Airdo,Office Supplies,0,5.8604,2,11.96,West
US-2020-159618,11/12/2019,Darren Budd,Furniture,0.32,-12.9987,1,67.9932,Central
US-2020-159618,11/12/2019,Darren Budd,Office Supplies,0.2,0.334,1,2.672,Central
US-2020-159618,11/12/2019,Darren Budd,Office Supplies,0.2,12.7008,7,36.288,Central
US-2020-159618,11/12/2019,Darren Budd,Office Supplies,0.2,-3.123,6,16.656,Central
US-2020-159618,11/12/2019,Darren Budd,Technology,0.2,20.8719,3,79.512,Central
US-2020-164910,11/12/2019,Denise Monton,Office Supplies,0.2,0.8856,3,7.872,South
US-2020-125556,11/14/2019,Maris LaWare,Office Supplies,0,21.024,10,43.8,East
US-2020-125556,11/14/2019,Maris LaWare,Technology,0,233.2204,7,832.93,East
US-2020-151554,11/14/2019,Candace McMahon,Office Supplies,0.2,7.2576,4,20.736,Central
US-2020-161634,11/14/2019,Chris Cortes,Office Supplies,0,15.552,5,32.4,South
US-2020-162362,11/14/2019,Jeremy Lonsdale,Office Supplies,0,5.6448,4,11.52,Central
US-2020-162362,11/14/2019,Jeremy Lonsdale,Office Supplies,0,6.36,3,12.72,Central
US-2020-166989,11/14/2019,Robert Marley,Furniture,0.1,14.6224,2,69.264,East
US-2020-166989,11/14/2019,Robert Marley,Office Supplies,0,5.2256,2,11.36,East
US-2020-116407,11/15/2019,Jamie Frazer,Office Supplies,0.2,29.1424,2,333.056,South
US-2020-116407,11/15/2019,Jamie Frazer,Office Supplies,0.2,0.4752,3,4.224,South
US-2020-116407,11/15/2019,Jamie Frazer,Office Supplies,0.2,7.78,4,24.896,South
US-2020-127558,11/15/2019,Shahid Shariari,Furniture,0,3.2352,3,10.11,West
US-2020-127558,11/15/2019,Shahid Shariari,Office Supplies,0,5.3196,2,20.46,West
US-2020-127558,11/15/2019,Shahid Shariari,Technology,0,146.7693,3,772.47,West
US-2020-128622,11/15/2019,Scott Cohen,Office Supplies,0,3.285,3,10.95,West
US-2020-128888,11/15/2019,Peter Bühler,Office Supplies,0.2,204.0714,9,604.656,Central
US-2020-119144,11/16/2019,Justin Deggeller,Furniture,0.15,25.1979,3,305.9745,West
US-2020-119144,11/16/2019,Justin Deggeller,Office Supplies,0,10.3473,3,344.91,West
US-2020-119144,11/16/2019,Justin Deggeller,Technology,0.2,-17.9928,4,79.968,West
US-2020-139500,11/16/2019,Alan Barnes,Furniture,0.3,-1.0656,2,37.296,Central
US-2020-147704,11/16/2019,Steven Roelle,Office Supplies,0,14.2688,4,29.12,Central
US-2020-147704,11/16/2019,Steven Roelle,Office Supplies,0,36.8245,5,78.35,Central
US-2020-147704,11/16/2019,Steven Roelle,Office Supplies,0,14.256,6,31.68,Central
US-2020-147704,11/16/2019,Steven Roelle,Office Supplies,0,42.3625,5,169.45,Central
US-2020-149643,11/16/2019,Rick Huthwaite,Technology,0,10.9584,2,273.96,Central
US-2020-160066,11/16/2019,Adam Hart,Office Supplies,0,2.4012,2,5.22,West
US-2020-101833,11/17/2019,Frank Gastineau,Office Supplies,0,17.22,3,34.44,East
US-2020-119375,11/17/2019,Yoseph Carroll,Furniture,0,14.9292,3,124.41,East
US-2020-119375,11/17/2019,Yoseph Carroll,Office Supplies,0,26.565,5,57.75,East
US-2020-119375,11/17/2019,Yoseph Carroll,Office Supplies,0,792.2691,7,2934.33,East
US-2020-128209,11/17/2019,Greg Tran,Furniture,0.2,-50.098,10,4007.84,East
US-2020-128209,11/17/2019,Greg Tran,Office Supplies,0.2,726.5619,3,2152.776,East
US-2020-130869,11/17/2019,Cassandra Brandow,Office Supplies,0.2,2.478,3,7.08,Central
US-2020-140662,11/17/2019,Thomas Seio,Office Supplies,0,72.432,3,241.44,West
US-2020-140662,11/17/2019,Thomas Seio,Office Supplies,0,352.296,7,733.95,West
US-2020-140662,11/17/2019,Thomas Seio,Technology,0,7.9984,2,99.98,West
US-2020-145926,11/17/2019,Mark Packer,Furniture,0,81.583,5,479.9,Central
US-2020-159835,11/17/2019,Randy Bradley,Furniture,0.3,-93.99,5,657.93,East
US-2020-159835,11/17/2019,Randy Bradley,Office Supplies,0.2,3.89,2,12.448,East
US-2020-104829,11/18/2019,John Grady,Office Supplies,0,9.891,7,21.98,West
US-2020-115336,11/18/2019,Ann Blume,Office Supplies,0.8,-23.892,5,14.48,Central
US-2020-124702,11/18/2019,Maya Herman,Furniture,0,55.016,2,137.54,West
US-2020-124702,11/18/2019,Maya Herman,Furniture,0,94.926,4,730.2,West
US-2020-133809,11/18/2019,MaryBeth Skach,Office Supplies,0.7,-8.6592,8,11.808,East
US-2020-133809,11/18/2019,MaryBeth Skach,Technology,0.4,-2.0774,2,9.588,East
US-2020-141173,11/18/2019,Julie Creighton,Office Supplies,0,16.7875,5,67.15,Central
US-2020-159926,11/18/2019,Carlos Soltero,Furniture,0.2,5.2773,3,60.312,East
US-2020-159926,11/18/2019,Carlos Soltero,Office Supplies,0.7,-40.7976,1,50.997,East
US-2020-159926,11/18/2019,Carlos Soltero,Office Supplies,0.7,-1.4256,3,1.944,East
US-2020-159926,11/18/2019,Carlos Soltero,Office Supplies,0.2,-16.3183,1,76.792,East
US-2020-159926,11/18/2019,Carlos Soltero,Technology,0.4,-107.9928,6,539.964,East
US-2020-161032,11/18/2019,Michael Kennedy,Furniture,0,43.2234,3,392.94,Central
US-2020-163468,11/18/2019,Joe Kamberova,Furniture,0.3,-30.294,6,424.116,Central
US-2020-163468,11/18/2019,Joe Kamberova,Furniture,0.6,-7.476,2,8.544,Central
US-2020-163468,11/18/2019,Joe Kamberova,Furniture,0.5,-175.26,4,292.1,Central
US-2020-163468,11/18/2019,Joe Kamberova,Office Supplies,0.8,-4.9164,3,2.892,Central
US-2020-163468,11/18/2019,Joe Kamberova,Office Supplies,0.2,-66.801,5,381.72,Central
US-2020-164210,11/18/2019,Pierre Wener,Furniture,0.5,-99.2664,2,145.98,West
US-2020-164210,11/18/2019,Pierre Wener,Office Supplies,0.2,12.5328,4,35.808,West
US-2020-100972,11/19/2019,Dennis Bolton,Office Supplies,0,79.8912,3,166.44,West
US-2020-123183,11/19/2019,Georgia Rosenberg,Furniture,0,235.9524,6,1025.88,East
US-2020-123183,11/19/2019,Georgia Rosenberg,Office Supplies,0,102.2784,7,213.08,East
US-2020-123183,11/19/2019,Georgia Rosenberg,Office Supplies,0,4.5816,2,9.96,East
US-2020-123183,11/19/2019,Georgia Rosenberg,Office Supplies,0,10.8,6,22.5,East
US-2020-128062,11/19/2019,Alan Dominguez,Office Supplies,0.2,1.9845,1,5.88,East
US-2020-144624,11/19/2019,John Murray,Technology,0,1228.1787,7,4548.81,East
US-2020-149034,11/19/2019,Ruben Dartt,Technology,0.2,-1.1874,1,47.496,East
US-2020-150518,11/19/2019,Mitch Webber,Office Supplies,0,57.5016,4,221.16,Central
US-2020-150518,11/19/2019,Mitch Webber,Technology,0,78.9516,3,281.97,Central
US-2020-158274,11/19/2019,Robert Marley,Technology,0,7.25,2,29,South
US-2020-158274,11/19/2019,Robert Marley,Technology,0,131.0296,4,503.96,South
US-2020-158274,11/19/2019,Robert Marley,Technology,0,41.986,5,149.95,South
US-2020-140396,11/20/2019,Katharine Harms,Office Supplies,0.2,4.536,3,12.96,East
US-2020-140396,11/20/2019,Katharine Harms,Office Supplies,0,17.37,3,34.74,East
US-2020-140396,11/20/2019,Katharine Harms,Office Supplies,0,12.4416,4,25.92,East
US-2020-140396,11/20/2019,Katharine Harms,Technology,0,216.8244,6,833.94,East
US-2020-102274,11/21/2019,Dave Hallsten,Office Supplies,0,1.4742,3,5.46,South
US-2020-102274,11/21/2019,Dave Hallsten,Office Supplies,0,301.968,6,629.1,South
US-2020-102274,11/21/2019,Dave Hallsten,Office Supplies,0,9.6975,3,193.95,South
US-2020-102274,11/21/2019,Dave Hallsten,Technology,0,9.9873,1,36.99,South
US-2020-103401,11/21/2019,Georgia Rosenberg,Office Supplies,0,6.2208,2,12.96,West
US-2020-154781,11/21/2019,Steve Carroll,Office Supplies,0,3.0268,2,6.58,West
US-2020-154781,11/21/2019,Steve Carroll,Technology,0,28.497,1,94.99,West
US-2020-168501,11/21/2019,Jason Klamczynski,Office Supplies,0.2,0.5508,1,1.632,Central
US-2020-168501,11/21/2019,Jason Klamczynski,Technology,0.2,16.7475,5,267.96,Central
US-2020-105340,11/22/2019,Evan Henry,Office Supplies,0.8,-11.0848,1,6.928,Central
US-2020-112200,11/22/2019,Tony Chapman,Office Supplies,0.8,-16.467,5,9.98,Central
US-2020-125682,11/22/2019,Robert Barroso,Office Supplies,0,4.8804,2,9.96,South
US-2020-129091,11/22/2019,Ruben Ausman,Office Supplies,0,290.3016,3,675.12,South
US-2020-129091,11/22/2019,Ruben Ausman,Office Supplies,0,156.751,5,319.9,South
US-2020-129091,11/22/2019,Ruben Ausman,Office Supplies,0,5.3392,2,11.36,South
US-2020-129091,11/22/2019,Ruben Ausman,Office Supplies,0,7.9527,3,16.23,South
US-2020-135090,11/22/2019,Susan Pistek,Office Supplies,0,24.219,9,53.82,West
US-2020-110352,11/23/2019,Emily Ducich,Office Supplies,0.2,8.88,2,23.68,Central
US-2020-120544,11/23/2019,Saphhira Shifley,Furniture,0.6,-2.5472,2,6.368,Central
US-2020-120544,11/23/2019,Saphhira Shifley,Office Supplies,0.8,-87.1488,3,34.176,Central
US-2020-120544,11/23/2019,Saphhira Shifley,Technology,0.2,1.6632,7,5.544,Central
US-2020-139283,11/23/2019,Bobby Trafton,Office Supplies,0,6.7482,3,14.67,Central
US-2020-143721,11/23/2019,Damala Kotsonis,Furniture,0.3,-35.5136,2,155.372,Central
US-2020-149055,11/23/2019,Phillip Breyer,Office Supplies,0.2,21.1977,3,62.808,East
US-2020-157385,11/23/2019,Sanjit Chand,Furniture,0.2,23.84,2,381.44,West
US-2020-157385,11/23/2019,Sanjit Chand,Furniture,0.2,-67.941,5,603.92,West
US-2020-157385,11/23/2019,Sanjit Chand,Office Supplies,0,10.4832,3,21.84,West
US-2020-157385,11/23/2019,Sanjit Chand,Technology,0,6.2979,1,29.99,West
US-2020-159625,11/23/2019,Sally Matthias,Office Supplies,0.2,8.802,3,23.472,West
US-2020-100762,11/24/2019,Nat Gilpin,Office Supplies,0,45.576,4,151.92,Central
US-2020-100762,11/24/2019,Nat Gilpin,Office Supplies,0,96.3438,2,196.62,Central
US-2020-100762,11/24/2019,Nat Gilpin,Office Supplies,0,69.1776,3,144.12,Central
US-2020-100762,11/24/2019,Nat Gilpin,Office Supplies,0,7.98,2,15.96,Central
US-2020-102295,11/24/2019,Erica Hackney,Furniture,0.2,-18.1068,1,120.712,West
US-2020-105984,11/24/2019,Muhammed Yedwab,Furniture,0.3,-34.9176,3,611.058,East
US-2020-105984,11/24/2019,Muhammed Yedwab,Technology,0.4,-209.994,5,1049.97,East
US-2020-111360,11/24/2019,Alyssa Tate,Office Supplies,0.7,-4.5936,3,5.742,East
US-2020-115973,11/24/2019,Nathan Gelder,Office Supplies,0.2,0.4264,1,2.624,East
US-2020-122217,11/24/2019,Harold Pawlan,Furniture,0,48.906,5,111.15,South
US-2020-127131,11/24/2019,Harold Ryan,Office Supplies,0.2,4.2336,7,12.096,West
US-2020-127131,11/24/2019,Harold Ryan,Office Supplies,0,12.4416,4,25.92,West
US-2020-127131,11/24/2019,Harold Ryan,Office Supplies,0,53.3466,2,197.58,West
US-2020-127131,11/24/2019,Harold Ryan,Office Supplies,0,9.7176,6,485.88,West
US-2020-153850,11/24/2019,Thea Hendricks,Furniture,0.2,9.6712,7,35.168,East
US-2020-153850,11/24/2019,Thea Hendricks,Technology,0.4,-250.396,4,1502.376,East
US-2020-158540,11/24/2019,Vivek Gonzalez,Furniture,0,27.3096,4,151.72,West
US-2020-163034,11/24/2019,Darren Koutras,Office Supplies,0.2,-8.0775,5,646.2,Central
US-2020-167360,11/24/2019,Richard Bierner,Technology,0,43.5981,7,111.79,Central
US-2020-107993,11/25/2019,Sanjit Engle,Office Supplies,0.2,8.2901,7,51.016,West
US-2020-119151,11/25/2019,Mike Pelletier,Furniture,0.2,-37.9434,3,275.952,East
US-2020-119151,11/25/2019,Mike Pelletier,Office Supplies,0,55.896,4,1117.92,East
US-2020-122588,11/25/2019,Andy Reiter,Furniture,0,20.1248,2,52.96,East
US-2020-127446,11/25/2019,Matt Collister,Furniture,0.6,-3.9624,3,6.096,Central
US-2020-127446,11/25/2019,Matt Collister,Furniture,0.3,-121.8735,5,1218.735,Central
US-2020-127446,11/25/2019,Matt Collister,Office Supplies,0.2,1.9926,2,5.904,Central
US-2020-127446,11/25/2019,Matt Collister,Office Supplies,0.2,0.882,1,2.52,Central
US-2020-127446,11/25/2019,Matt Collister,Office Supplies,0.2,5.1012,3,15.696,Central
US-2020-127446,11/25/2019,Matt Collister,Technology,0.2,0,3,24.672,Central
US-2020-144078,11/25/2019,Richard Bierner,Furniture,0.2,54.4008,4,725.344,West
US-2020-144078,11/25/2019,Richard Bierner,Office Supplies,0,2.604,3,7.44,West
US-2020-144078,11/25/2019,Richard Bierner,Technology,0.2,47.243,5,539.92,West
US-2020-164721,11/25/2019,Laurel Workman,Furniture,0,10.5072,3,23.88,West
US-2020-164721,11/25/2019,Laurel Workman,Office Supplies,0,93.0552,6,320.88,West
US-2020-164721,11/25/2019,Laurel Workman,Office Supplies,0,12.3096,4,26.76,West
US-2020-124730,11/26/2019,Lynn Smith,Office Supplies,0.2,5.7672,4,17.088,East
US-2020-124730,11/26/2019,Lynn Smith,Office Supplies,0.2,4.6806,3,12.912,East
US-2020-124730,11/26/2019,Lynn Smith,Office Supplies,0,44.712,9,93.15,East
US-2020-124730,11/26/2019,Lynn Smith,Office Supplies,0,5.6448,4,11.52,East
US-2020-124730,11/26/2019,Lynn Smith,Technology,0,78.3888,4,279.96,East
US-2020-141110,11/26/2019,Luke Schmidt,Office Supplies,0,11.3512,2,40.54,West
US-2020-141110,11/26/2019,Luke Schmidt,Office Supplies,0.2,2.5592,1,7.312,West
US-2020-141110,11/26/2019,Luke Schmidt,Office Supplies,0.2,1.512,3,4.32,West
US-2020-141110,11/26/2019,Luke Schmidt,Office Supplies,0,7.0218,3,14.94,West
US-2020-147606,11/26/2019,Joel Eaton,Furniture,0.6,-14.475,5,19.3,Central
US-2020-147648,11/26/2019,Lindsay Shagiari,Office Supplies,0,40.1702,2,81.98,West
US-2020-168984,11/26/2019,Natalie Webber,Office Supplies,0.2,5.4432,3,15.552,West
US-2020-168984,11/26/2019,Natalie Webber,Office Supplies,0.2,-167.27,5,669.08,West
US-2020-168984,11/26/2019,Natalie Webber,Technology,0.2,-87.6672,4,438.336,West
US-2020-119032,11/27/2019,Maxwell Schwartz,Office Supplies,0,1.316,2,3.76,East
US-2020-167486,11/27/2019,Jack O'Briant,Furniture,0,39.98,5,199.9,East
US-2020-101560,11/28/2019,Chris Selesnick,Furniture,0,43.736,5,397.6,South
US-2020-101560,11/28/2019,Chris Selesnick,Office Supplies,0,4.3296,4,13.12,South
US-2020-101560,11/28/2019,Chris Selesnick,Office Supplies,0,22.3734,3,45.66,South
US-2020-101560,11/28/2019,Chris Selesnick,Office Supplies,0,40.4012,7,85.96,South
US-2020-105249,11/28/2019,Duane Huffman,Furniture,0.15,-4.8392,4,411.332,West
US-2020-105249,11/28/2019,Duane Huffman,Office Supplies,0,19.872,4,41.4,West
US-2020-105249,11/28/2019,Duane Huffman,Office Supplies,0,0.1472,2,7.36,West
US-2020-120175,11/28/2019,Matthew Clasen,Office Supplies,0,29.4492,6,64.02,Central
US-2020-121167,11/28/2019,Mary O'Rourke,Office Supplies,0.2,6.0368,2,17.248,East
US-2020-121629,11/28/2019,Brian Thompson,Technology,0.4,-199.77,5,998.85,Central
US-2020-159800,11/28/2019,Sheri Gordon,Office Supplies,0,11.7936,3,43.68,West
US-2020-159800,11/28/2019,Sheri Gordon,Technology,0,34.9825,7,139.93,West
US-2020-163013,11/28/2019,Bart Folk,Office Supplies,0,3.9609,3,14.67,South
US-2020-111353,11/29/2019,Philip Brown,Office Supplies,0,11.7782,2,25.06,East
US-2020-134712,11/29/2019,Bill Stewart,Office Supplies,0.2,3.945,2,12.624,Central
US-2020-136280,11/29/2019,Corey-Lock,Office Supplies,0.2,1.764,2,5.04,East
US-2020-153983,11/29/2019,Alan Hwang,Office Supplies,0,15.2,5,30.4,West
US-2020-153983,11/29/2019,Alan Hwang,Technology,0.2,71.99,2,575.92,West
US-2020-103590,11/30/2019,Jeremy Lonsdale,Office Supplies,0,29.2716,4,62.28,East
US-2020-146843,11/30/2019,Philip Brown,Office Supplies,0.2,3.5994,7,47.992,West
US-2020-146843,11/30/2019,Philip Brown,Technology,0.2,-16.614,4,102.24,West
US-2020-148425,11/30/2019,Randy Ferguson,Office Supplies,0.7,-4.428,9,6.642,South
US-2020-120474,12/1/2019,Resi Pölking,Furniture,0,673.8816,8,2807.84,Central
US-2020-120474,12/1/2019,Resi Pölking,Office Supplies,0,12.5928,4,46.64,Central
US-2020-131051,12/1/2019,Toby Ritter,Furniture,0,28.518,3,58.2,West
US-2020-131527,12/1/2019,Toby Braunhardt,Technology,0.2,9.5968,4,95.968,South
US-2020-143210,12/1/2019,Anna Andreadi,Furniture,0,3.2406,2,9.82,East
US-2020-143210,12/1/2019,Anna Andreadi,Furniture,0,15.5856,3,45.84,East
US-2020-143210,12/1/2019,Anna Andreadi,Technology,0,78.851,2,271.9,East
US-2020-150798,12/1/2019,Joe Kamberova,Furniture,0.3,-51.984,6,909.72,East
US-2020-150798,12/1/2019,Joe Kamberova,Furniture,0.2,1.4224,2,8.128,East
US-2020-150798,12/1/2019,Joe Kamberova,Office Supplies,0.2,12.7008,7,36.288,East
US-2020-150798,12/1/2019,Joe Kamberova,Technology,0.4,109.998,2,659.988,East
US-2020-161613,12/1/2019,Matt Connell,Furniture,0.3,-19.2588,3,674.058,Central
US-2020-101147,12/2/2019,Matt Collins,Office Supplies,0.8,-6.3441,1,2.394,Central
US-2020-103807,12/2/2019,Elizabeth Moffitt,Office Supplies,0,7.1628,3,15.24,South
US-2020-103807,12/2/2019,Elizabeth Moffitt,Technology,0,0.833,1,5.95,South
US-2020-112158,12/2/2019,David Philippe,Furniture,0.2,-110.49,5,883.92,East
US-2020-112158,12/2/2019,David Philippe,Office Supplies,0.2,15.768,8,46.72,East
US-2020-112158,12/2/2019,David Philippe,Technology,0,52.7824,4,119.96,East
US-2020-117744,12/2/2019,Michael Dominguez,Furniture,0.6,-24.803,5,58.36,Central
US-2020-117744,12/2/2019,Michael Dominguez,Furniture,0.6,-23.976,5,39.96,Central
US-2020-117744,12/2/2019,Michael Dominguez,Office Supplies,0.2,1.4406,7,16.464,Central
US-2020-132864,12/2/2019,Katherine Nockton,Technology,0.2,29.95,5,119.8,East
US-2020-154095,12/2/2019,Odella Nelson,Furniture,0,64.7568,8,239.84,East
US-2020-154095,12/2/2019,Odella Nelson,Furniture,0,23.6808,3,60.72,East
US-2020-154095,12/2/2019,Odella Nelson,Office Supplies,0,7.2036,6,15.66,East
US-2020-154095,12/2/2019,Odella Nelson,Office Supplies,0,73.41,3,146.82,East
US-2020-122749,12/3/2019,Nathan Gelder,Technology,0,134.3888,4,479.96,Central
US-2020-164861,12/3/2019,Matthew Clasen,Office Supplies,0,12.4416,4,25.92,Central
US-2020-127187,12/4/2019,Cathy Prescott,Technology,0,62.3904,2,129.98,East
US-2020-106376,12/5/2019,Brendan Sweed,Office Supplies,0.2,111.3024,8,1113.024,West
US-2020-106376,12/5/2019,Brendan Sweed,Technology,0.2,62.988,4,167.968,West
US-2020-125542,12/5/2019,Nona Balk,Office Supplies,0.2,117.6147,7,348.488,East
US-2020-125542,12/5/2019,Nona Balk,Office Supplies,0.2,-30.2288,4,172.736,East
US-2020-133830,12/5/2019,Rob Lucas,Office Supplies,0,11.907,9,26.46,West
US-2020-133830,12/5/2019,Rob Lucas,Office Supplies,0,7.2,3,15,West
US-2020-133830,12/5/2019,Rob Lucas,Office Supplies,0,23.0864,4,49.12,West
US-2020-138296,12/5/2019,Roy Collins,Office Supplies,0,6.8768,2,24.56,South
US-2020-150203,12/5/2019,Joni Blumstein,Office Supplies,0,72.5754,6,250.26,West
US-2020-151162,12/5/2019,Erin Ashbrook,Office Supplies,0.7,-23.952,4,29.94,East
US-2020-151162,12/5/2019,Erin Ashbrook,Office Supplies,0.2,35.6613,3,98.376,East
US-2020-151162,12/5/2019,Erin Ashbrook,Office Supplies,0.2,5.6784,3,17.472,East
US-2020-151162,12/5/2019,Erin Ashbrook,Technology,0.4,-44.985,2,179.94,East
US-2020-151162,12/5/2019,Erin Ashbrook,Technology,0.4,-9.1845,1,36.738,East
US-2020-166191,12/5/2019,David Kendrick,Office Supplies,0.2,1.8612,2,24.816,Central
US-2020-166191,12/5/2019,David Kendrick,Technology,0.2,76.6395,7,408.744,Central
US-2020-106726,12/6/2019,Roland Schwarz,Office Supplies,0,327.9458,7,1261.33,West
US-2020-110030,12/6/2019,Luke Foster,Furniture,0.6,-14.3856,3,23.976,Central
US-2020-112872,12/6/2019,Ryan Crowe,Furniture,0.5,-170.8038,1,275.49,West
US-2020-112872,12/6/2019,Ryan Crowe,Office Supplies,0.2,4.6746,3,53.424,West
US-2020-140452,12/6/2019,Berenike Kampe,Furniture,0.6,-4.8492,3,10.776,Central
US-2020-140452,12/6/2019,Berenike Kampe,Furniture,0.5,-120.372,5,214.95,Central
US-2020-140452,12/6/2019,Berenike Kampe,Office Supplies,0.8,-31.536,4,14.016,Central
US-2020-140452,12/6/2019,Berenike Kampe,Office Supplies,0.8,-8.05,2,4.6,Central
US-2020-140452,12/6/2019,Berenike Kampe,Office Supplies,0.2,-8.3524,2,35.168,Central
US-2020-140452,12/6/2019,Berenike Kampe,Technology,0.2,-7.008,4,35.04,Central
US-2020-155390,12/6/2019,Barry Gonzalez,Office Supplies,0.2,13.7176,2,42.208,South
US-2020-101392,12/7/2019,Ann Steele,Office Supplies,0,70.0336,7,269.36,West
US-2020-138737,12/7/2019,Frank Preis,Office Supplies,0,2.4192,3,8.64,West
US-2020-154592,12/7/2019,Erica Hernandez,Office Supplies,0,80.7912,3,164.88,West
US-2020-159681,12/7/2019,Patrick O'Brill,Office Supplies,0,48.5392,4,105.52,South
US-2020-104773,12/8/2019,Thomas Boland,Office Supplies,0.2,6.0416,2,60.416,Central
US-2020-129364,12/8/2019,Tim Brockman,Office Supplies,0.7,-4.5192,4,6.456,West
US-2020-129364,12/8/2019,Tim Brockman,Office Supplies,0.2,9.0636,7,27.888,West
US-2020-129364,12/8/2019,Tim Brockman,Office Supplies,0.2,3.744,5,11.52,West
US-2020-129364,12/8/2019,Tim Brockman,Office Supplies,0.2,3.6288,2,10.368,West
US-2020-129364,12/8/2019,Tim Brockman,Office Supplies,0.2,2.9304,3,39.072,West
US-2020-129364,12/8/2019,Tim Brockman,Office Supplies,0.2,-2.6025,5,13.88,West
US-2020-129364,12/8/2019,Tim Brockman,Technology,0.2,-18.186,10,103.92,West
US-2020-129364,12/8/2019,Tim Brockman,Technology,0.2,19.755,3,52.68,West
US-2020-135608,12/8/2019,Jim Karlsson,Furniture,0.2,45.294,5,603.92,West
US-2020-135608,12/8/2019,Jim Karlsson,Office Supplies,0,21.0128,2,45.68,West
US-2020-144071,12/8/2019,Denny Joy,Furniture,0,11.1664,2,39.88,West
US-2020-144071,12/8/2019,Denny Joy,Furniture,0,28.5984,3,79.44,West
US-2020-101175,12/9/2019,Dario Medina,Office Supplies,0.2,-1.2588,6,100.704,West
US-2020-104976,12/9/2019,Cyma Kinney,Office Supplies,0,16.9932,6,34.68,West
US-2020-109932,12/9/2019,Victoria Pisteka,Office Supplies,0.2,3.7408,2,10.688,Central
US-2020-109932,12/9/2019,Victoria Pisteka,Office Supplies,0.2,20.7459,3,237.096,Central
US-2020-138128,12/9/2019,Frank Preis,Office Supplies,0.2,9.585,3,30.672,East
US-2020-138128,12/9/2019,Frank Preis,Technology,0.4,125.9972,4,1079.976,East
US-2020-169649,12/9/2019,Thomas Seio,Office Supplies,0.8,-53.0088,2,20.388,Central
US-2020-169649,12/9/2019,Thomas Seio,Office Supplies,0.2,2.9568,2,8.448,Central
US-2020-112991,12/10/2019,Sally Hughsby,Furniture,0.2,4.2294,3,338.352,West
US-2020-112991,12/10/2019,Sally Hughsby,Office Supplies,0,12.4416,4,25.92,West
US-2020-112991,12/10/2019,Sally Hughsby,Office Supplies,0,42.0256,4,91.36,West
US-2020-148488,12/10/2019,Sally Matthias,Office Supplies,0.2,37.2204,7,106.344,East
US-2020-148488,12/10/2019,Sally Matthias,Office Supplies,0,5.2256,2,11.36,East
US-2020-107573,12/12/2019,Philip Brown,Office Supplies,0.2,7.6284,3,23.472,South
US-2020-113320,12/12/2019,Logan Haushalter,Furniture,0,4.4352,3,9.24,West
US-2020-113320,12/12/2019,Logan Haushalter,Furniture,0,4.5144,3,12.54,West
US-2020-113320,12/12/2019,Logan Haushalter,Office Supplies,0,0.6258,3,8.94,West
US-2020-122959,12/12/2019,Craig Yedwab,Office Supplies,0.8,-336.6272,2,210.392,Central
US-2020-141607,12/12/2019,William Brown,Furniture,0,4.331,1,43.31,West
US-2020-168494,12/12/2019,Nora Preis,Furniture,0.15,11.9988,3,254.9745,West
US-2020-168494,12/12/2019,Nora Preis,Furniture,0.2,135.4068,12,3610.848,West
US-2020-168494,12/12/2019,Nora Preis,Furniture,0.2,95.586,6,764.688,West
US-2020-102631,12/13/2019,Ellis Ballard,Furniture,0.6,-42.4926,3,94.428,Central
US-2020-113579,12/13/2019,Katherine Ducich,Office Supplies,0,41.5104,6,90.24,West
US-2020-124079,12/13/2019,Randy Ferguson,Furniture,0.2,7.6965,3,87.96,West
US-2020-124079,12/13/2019,Randy Ferguson,Office Supplies,0.7,-4.1712,2,5.214,West
US-2020-129819,12/13/2019,Kimberly Carter,Office Supplies,0,5.8233,3,12.39,South
US-2020-154186,12/13/2019,Ralph Arnett,Office Supplies,0.2,0.365,1,2.92,Central
US-2020-116568,12/14/2019,Bryan Mills,Furniture,0.2,13.9728,4,186.304,South
US-2020-123519,12/14/2019,Sung Shariari,Furniture,0.4,-52.3365,1,136.53,East
US-2020-123519,12/14/2019,Sung Shariari,Office Supplies,0.2,0.2952,1,2.624,East
US-2020-123519,12/14/2019,Sung Shariari,Technology,0.2,42.8935,1,263.96,East
US-2020-130575,12/14/2019,Cari Sayre,Office Supplies,0.8,-13.896,3,9.264,Central
US-2020-145541,12/14/2019,Tom Boeckenhauer,Technology,0,2239.9872,4,6999.96,East
US-2020-148950,12/14/2019,Joy Daniels,Office Supplies,0.8,-8.6768,4,5.104,Central
US-2020-148950,12/14/2019,Joy Daniels,Office Supplies,0.2,0.4706,2,2.896,Central
US-2020-148950,12/14/2019,Joy Daniels,Technology,0.2,-2.1885,3,35.016,Central
US-2020-101602,12/15/2019,Mick Crebagga,Furniture,0.3,-21.808,5,763.28,Central
US-2020-101602,12/15/2019,Mick Crebagga,Technology,0.2,-9.153,3,40.68,Central
US-2020-116673,12/15/2019,Jas O'Carroll,Furniture,0,1.9712,2,6.16,West
US-2020-119466,12/15/2019,Sung Pak,Furniture,0.6,-7.476,2,8.544,Central
US-2020-129938,12/15/2019,Ed Braxton,Furniture,0.3,-108.2662,7,445.802,East
US-2020-100706,12/16/2019,Laurel Elliston,Furniture,0,9.7218,6,29.46,South
US-2020-100706,12/16/2019,Laurel Elliston,Technology,0,7.9984,2,99.98,South
US-2020-108273,12/16/2019,Ed Jacobs,Furniture,0.6,-74.9526,2,56.568,Central
US-2020-108273,12/16/2019,Ed Jacobs,Office Supplies,0.2,12.7008,7,36.288,Central
US-2020-112718,12/16/2019,Kean Nguyen,Office Supplies,0.7,-0.8558,1,1.167,South
US-2020-113257,12/16/2019,Sean Christensen,Furniture,0.6,-2.5872,7,8.624,Central
US-2020-113257,12/16/2019,Sean Christensen,Technology,0.2,95.9904,4,319.968,Central
US-2020-124247,12/16/2019,Stefanie Holloman,Furniture,0.2,70.196,5,1403.92,West
US-2020-136399,12/16/2019,Chad Cunningham,Furniture,0.2,18.1176,2,241.568,West
US-2020-136399,12/16/2019,Chad Cunningham,Furniture,0,14.6718,2,44.46,West
US-2020-136399,12/16/2019,Chad Cunningham,Technology,0,39.5,5,395,West
US-2020-136399,12/16/2019,Chad Cunningham,Technology,0.2,70.5564,4,627.168,West
US-2020-151379,12/16/2019,Steve Chapman,Office Supplies,0,52.532,5,114.2,Central
US-2020-153913,12/16/2019,Ken Black,Furniture,0.2,101.3832,9,1013.832,South
US-2020-153913,12/16/2019,Ken Black,Office Supplies,0.2,0.6696,2,1.984,South
US-2020-123925,12/17/2019,Roy Französisch,Office Supplies,0,11.214,3,40.05,South
US-2020-139633,12/17/2019,Erin Creighton,Office Supplies,0.7,-4.0216,4,5.484,East
US-2020-120768,12/19/2019,Irene Maddox,Furniture,0,163.7874,14,1819.86,South
US-2020-120768,12/19/2019,Irene Maddox,Office Supplies,0,74.8524,6,152.76,South
US-2020-120768,12/19/2019,Irene Maddox,Office Supplies,0,1.9629,1,7.27,South
US-2020-150574,12/19/2019,Mike Kennedy,Office Supplies,0.7,-3.6892,2,4.812,South
US-2020-150574,12/19/2019,Mike Kennedy,Technology,0.2,-18.585,5,247.8,South
US-2020-162992,12/19/2019,Bart Pistole,Office Supplies,0,8.7945,5,22.55,West
US-2020-162992,12/19/2019,Bart Pistole,Office Supplies,0,6.8714,2,14.62,West
US-2020-162992,12/19/2019,Bart Pistole,Technology,0.2,72.975,5,583.8,West
US-2020-162992,12/19/2019,Bart Pistole,Technology,0.2,15.8376,4,211.168,West
US-2020-169446,12/19/2019,Speros Goranitis,Office Supplies,0.2,5.4432,3,15.552,Central
US-2020-169446,12/19/2019,Speros Goranitis,Office Supplies,0.2,-7.7406,3,32.592,Central
US-2020-169446,12/19/2019,Speros Goranitis,Technology,0.2,36.4473,3,323.976,Central
US-2020-103100,12/20/2019,Adrian Barton,Office Supplies,0,496.7865,3,1103.97,Central
US-2020-103100,12/20/2019,Adrian Barton,Office Supplies,0,1.7343,1,3.69,Central
US-2020-109036,12/20/2019,Keith Herrera,Office Supplies,0,14.904,3,31.05,West
US-2020-120852,12/20/2019,William Brown,Office Supplies,0.8,-49.5516,2,19.432,Central
US-2020-120852,12/20/2019,William Brown,Technology,0.2,-8.18,5,65.44,Central
US-2020-134551,12/20/2019,Tony Sayre,Furniture,0.2,74.574,3,662.88,South
US-2020-134551,12/20/2019,Tony Sayre,Office Supplies,0.2,3.8073,7,43.512,South
US-2020-134551,12/20/2019,Tony Sayre,Office Supplies,0.2,9.072,5,25.92,South
US-2020-136567,12/20/2019,Penelope Sewall,Furniture,0,100.122,2,455.1,South
US-2020-136567,12/20/2019,Penelope Sewall,Furniture,0,493.7856,7,2244.48,South
US-2020-136567,12/20/2019,Penelope Sewall,Office Supplies,0,29.2857,3,62.31,South
US-2020-136567,12/20/2019,Penelope Sewall,Office Supplies,0,0,2,122.48,South
US-2020-138681,12/20/2019,Carol Triggs,Furniture,0.2,-42.4116,3,242.352,West
US-2020-138681,12/20/2019,Carol Triggs,Furniture,0.2,10.3936,2,51.968,West
US-2020-138681,12/20/2019,Carol Triggs,Office Supplies,0.2,77.672,5,221.92,West
US-2020-138681,12/20/2019,Carol Triggs,Office Supplies,0.2,2.64,2,8.448,West
US-2020-138681,12/20/2019,Carol Triggs,Technology,0.2,21.5928,3,71.976,West
US-2020-140816,12/20/2019,Toby Carlisle,Technology,0.2,89.5888,7,447.944,West
US-2020-156594,12/20/2019,Michael Chen,Office Supplies,0,12.298,2,47.3,West
US-2020-156594,12/20/2019,Michael Chen,Office Supplies,0,1.1564,1,4.13,West
US-2020-156594,12/20/2019,Michael Chen,Office Supplies,0.2,50.414,5,155.12,West
US-2020-156594,12/20/2019,Michael Chen,Office Supplies,0.2,152.495,2,487.984,West
US-2020-160157,12/20/2019,Mark Hamilton,Furniture,0.2,-21.4704,3,190.848,East
US-2020-163412,12/20/2019,Suzanne McNair,Furniture,0.1,36.3018,3,192.186,East
US-2020-109127,12/21/2019,John Castell,Office Supplies,0,7.9488,6,17.28,East
US-2020-134621,12/21/2019,Dennis Pardue,Office Supplies,0.7,-14.592,2,18.24,South
US-2020-154893,12/21/2019,Gary McGarr,Furniture,0.2,35.76,3,572.16,West
US-2020-154893,12/21/2019,Gary McGarr,Furniture,0.2,149.148,6,1325.76,West
US-2020-101364,12/22/2019,Tamara Willingham,Office Supplies,0.2,100.1403,13,296.712,East
US-2020-133543,12/22/2019,Khloe Miller,Office Supplies,0,3.1752,4,11.76,West
US-2020-142510,12/22/2019,Nora Preis,Office Supplies,0.8,-31.332,6,17.904,Central
US-2020-142510,12/22/2019,Nora Preis,Office Supplies,0.2,44.9616,4,124.032,Central
US-2020-142510,12/22/2019,Nora Preis,Office Supplies,0.2,9.912,1,132.16,Central
US-2020-146864,12/22/2019,Bradley Talbott,Office Supplies,0,56.264,4,216.4,East
US-2020-114517,12/23/2019,Tiffany House,Furniture,0.4,-19.5492,2,53.316,East
US-2020-114517,12/23/2019,Tiffany House,Office Supplies,0,15.8256,3,56.52,East
US-2020-126333,12/23/2019,Michelle Ellison,Office Supplies,0.2,1.8144,1,5.184,Central
US-2020-142314,12/23/2019,Sarah Foster,Office Supplies,0,58.0272,11,207.24,Central
US-2020-154158,12/23/2019,Craig Carreira,Furniture,0.2,6.4784,1,64.784,South
US-2020-154158,12/23/2019,Craig Carreira,Office Supplies,0.2,0.504,1,1.344,South
US-2020-154158,12/23/2019,Craig Carreira,Office Supplies,0.2,15.9348,3,45.528,South
US-2020-154158,12/23/2019,Craig Carreira,Office Supplies,0.2,-10.6068,2,424.272,South
US-2020-154158,12/23/2019,Craig Carreira,Office Supplies,0.2,-1.049,5,83.92,South
US-2020-113166,12/24/2019,Luke Foster,Office Supplies,0.2,3.4684,2,9.568,South
US-2020-132913,12/24/2019,Adam Shillingsburg,Office Supplies,0,3.6322,1,13.97,West
US-2020-138247,12/24/2019,Ben Ferrer,Furniture,0,5.5177,1,23.99,West
US-2020-138247,12/24/2019,Ben Ferrer,Office Supplies,0,101.3488,2,361.96,West
US-2020-138247,12/24/2019,Ben Ferrer,Office Supplies,0,0.2034,1,20.34,West
US-2020-138247,12/24/2019,Ben Ferrer,Technology,0,13.1985,3,62.85,West
US-2020-138247,12/24/2019,Ben Ferrer,Technology,0.2,17.3656,7,173.656,West
US-2020-138247,12/24/2019,Ben Ferrer,Technology,0.2,51.1485,3,818.376,West
US-2020-156314,12/24/2019,Resi Pölking,Furniture,0.2,8.7285,5,30.36,East
US-2020-167738,12/24/2019,Julie Creighton,Furniture,0.2,18.267,6,292.272,West
US-2020-167738,12/24/2019,Julie Creighton,Office Supplies,0,41.4294,1,142.86,West
US-2020-101427,12/26/2019,Andy Yotov,Office Supplies,0.2,1.1022,3,8.016,East
US-2020-106264,12/26/2019,Clytie Kelty,Furniture,0,1.1136,2,3.48,West
US-2020-106264,12/26/2019,Clytie Kelty,Office Supplies,0,0.1191,3,11.91,West
US-2020-111171,12/26/2019,Christina Anderson,Office Supplies,0.8,-14.773,5,8.69,Central
US-2020-111451,12/26/2019,Kelly Lampkin,Furniture,0.2,20.1558,3,230.352,West
US-2020-111451,12/26/2019,Kelly Lampkin,Furniture,0.2,-24.5646,3,218.352,West
US-2020-111451,12/26/2019,Kelly Lampkin,Furniture,0.2,78.8592,8,300.416,West
US-2020-111451,12/26/2019,Kelly Lampkin,Office Supplies,0.7,-62.88,5,78.6,West
US-2020-111451,12/26/2019,Kelly Lampkin,Office Supplies,0.2,9.2988,3,27.552,West
US-2020-139598,12/26/2019,Maureen Gnade,Office Supplies,0.2,5.6316,2,34.656,East
US-2020-139598,12/26/2019,Maureen Gnade,Office Supplies,0.2,8.1552,2,81.552,East
US-2020-139598,12/26/2019,Maureen Gnade,Office Supplies,0.2,6.1641,3,18.264,East
US-2020-139598,12/26/2019,Maureen Gnade,Office Supplies,0.2,-42.588,4,227.136,East
US-2020-152030,12/26/2019,Alan Dominguez,Furniture,0.3,-8.5794,3,600.558,Central
US-2020-168473,12/26/2019,Tracy Blumstein,Office Supplies,0,19.188,6,191.88,East
US-2020-106334,12/27/2019,Jeremy Farry,Furniture,0.2,23.028,3,230.28,West
US-2020-106334,12/27/2019,Jeremy Farry,Office Supplies,0,5.778,3,12.84,West
US-2020-120243,12/27/2019,Alyssa Tate,Office Supplies,0,5.4332,4,11.56,West
US-2020-148383,12/27/2019,Resi Pölking,Office Supplies,0.7,-694.2936,6,946.764,West
US-2020-153087,12/27/2019,Tamara Chand,Office Supplies,0,11.7208,4,23.92,South
US-2020-153087,12/27/2019,Tamara Chand,Technology,0,184.26,5,498,South
US-2020-159611,12/27/2019,Karl Braun,Furniture,0.2,-18.2352,3,182.352,East
US-2020-159611,12/27/2019,Karl Braun,Office Supplies,0.2,-25.109,2,118.16,East
US-2020-162866,12/27/2019,Corey-Lock,Furniture,0.6,-19.7712,6,32.952,Central
US-2020-162866,12/27/2019,Corey-Lock,Office Supplies,0.2,3.0016,4,30.016,Central
US-2020-163447,12/27/2019,Thomas Brumley,Furniture,0.1,161.9674,14,767.214,East
US-2020-165393,12/27/2019,Nathan Cano,Office Supplies,0.8,-8.4728,1,4.984,Central
US-2020-166961,12/27/2019,Cynthia Delaney,Office Supplies,0,2.9646,1,10.98,West
US-2020-166961,12/27/2019,Cynthia Delaney,Office Supplies,0.2,13.896,3,37.056,West
US-2020-166961,12/27/2019,Cynthia Delaney,Office Supplies,0,3.6156,3,7.86,West
US-2020-166961,12/27/2019,Cynthia Delaney,Office Supplies,0,13.8915,3,51.45,West
US-2020-141313,12/28/2019,Anthony Jacobs,Office Supplies,0,503.7822,6,1737.18,East
US-2020-141313,12/28/2019,Anthony Jacobs,Office Supplies,0,66.6272,4,141.76,East
US-2020-141313,12/28/2019,Anthony Jacobs,Office Supplies,0,84.51,5,704.25,East
US-2020-143371,12/28/2019,Maribeth Dona,Office Supplies,0,29.9646,9,998.82,West
US-2020-143371,12/28/2019,Maribeth Dona,Office Supplies,0,13.299,5,51.15,West
US-2020-164259,12/28/2019,Sung Pak,Office Supplies,0.2,8.6744,4,99.136,East
US-2020-102330,12/29/2019,Arianne Irving,Office Supplies,0,44.4,6,88.8,West
US-2020-102330,12/29/2019,Arianne Irving,Technology,0.2,35.9964,4,319.968,West
US-2020-106803,12/29/2019,Debra Catini,Office Supplies,0,6.8768,2,24.56,Central
US-2020-106803,12/29/2019,Debra Catini,Technology,0,47.92,4,119.8,Central
US-2020-110786,12/29/2019,Anthony Johnson,Furniture,0,8.217,5,24.9,West
US-2020-110786,12/29/2019,Anthony Johnson,Furniture,0,23.9904,6,70.56,West
US-2020-110786,12/29/2019,Anthony Johnson,Office Supplies,0.2,4.6644,3,14.352,West
US-2020-110786,12/29/2019,Anthony Johnson,Office Supplies,0,126.3942,9,274.77,West
US-2020-110786,12/29/2019,Anthony Johnson,Office Supplies,0,9.504,4,21.12,West
US-2020-110786,12/29/2019,Anthony Johnson,Technology,0.2,287.982,6,767.952,West
US-2020-110786,12/29/2019,Anthony Johnson,Technology,0.2,19.1976,3,191.976,West
US-2020-118276,12/29/2019,Michael Granlund,Furniture,0.6,-4.8048,3,8.736,Central
US-2020-126802,12/29/2019,Zuschuss Carroll,Furniture,0.6,-50.6688,3,38.976,Central
US-2020-152345,12/29/2019,Shui Tom,Office Supplies,0,7.9896,1,33.29,West
US-2020-152345,12/29/2019,Shui Tom,Technology,0.2,-5.6943,3,23.976,West
US-2020-165477,12/29/2019,Ricardo Emerson,Office Supplies,0.2,6.045,5,48.36,East
US-2020-104738,12/30/2019,Stefania Perrino,Office Supplies,0.8,-3.6576,3,2.286,Central
US-2020-104738,12/30/2019,Stefania Perrino,Office Supplies,0.2,4.7067,3,12.984,Central
US-2020-104738,12/30/2019,Stefania Perrino,Technology,0.2,14.3952,2,47.984,Central
US-2020-104738,12/30/2019,Stefania Perrino,Technology,0.2,28.7679,3,328.776,Central
US-2020-104738,12/30/2019,Stefania Perrino,Technology,0.2,19.0386,2,217.584,Central
US-2020-115189,12/30/2019,Alex Russell,Furniture,0.4,-192.0468,3,523.764,East
US-2020-115189,12/30/2019,Alex Russell,Technology,0.4,-50.3928,6,251.964,East
US-2020-130960,12/30/2019,Ken Brennan,Office Supplies,0,2.8536,3,9.84,Central
US-2020-131800,12/30/2019,Astrea Jones,Office Supplies,0,30.735,3,122.94,East
US-2020-131800,12/30/2019,Astrea Jones,Office Supplies,0.2,12.8499,7,35.448,East
US-2020-138072,12/30/2019,Guy Armstrong,Technology,0.2,6.992,2,27.968,East
US-2020-166730,12/30/2019,Dorothy Dickinson,Office Supplies,0.2,-8.8038,1,39.128,South
US-2020-169789,12/30/2019,Maureen Fritzler,Office Supplies,0.7,-459.9875,5,551.985,West
US-2020-111150,12/31/2019,Rob Williams,Office Supplies,0,11.5752,7,29.68,Central
US-2020-111150,12/31/2019,Rob Williams,Technology,0,16.1602,7,47.53,Central
US-2020-127383,12/31/2019,Candace McMahon,Office Supplies,0.2,17.9684,2,49.568,Central
US-2020-133592,12/31/2019,Katherine Murray,Furniture,0,78.6508,2,341.96,East
US-2020-133592,12/31/2019,Katherine Murray,Furniture,0,151.47,6,605.88,East
US-2020-133592,12/31/2019,Katherine Murray,Office Supplies,0,7.0218,3,14.94,East
US-2020-133592,12/31/2019,Katherine Murray,Office Supplies,0,91.9508,4,195.64,East
US-2020-133592,12/31/2019,Katherine Murray,Technology,0,742.632,4,1687.8,East
US-2020-133949,12/31/2019,James Lanier,Technology,0.2,59.493,7,475.944,West
US-2020-143231,12/31/2019,Gary Mitchum,Furniture,0,23.384,5,63.2,East
US-2020-143231,12/31/2019,Gary Mitchum,Technology,0,27.3528,3,113.97,East
US-2020-150245,12/31/2019,Pamela Coakley,Furniture,0.2,196.686,7,1573.488,East
US-2020-157644,12/31/2019,Aaron Hawkins,Office Supplies,0,8.694,3,18.9,East
US-2020-157644,12/31/2019,Aaron Hawkins,Technology,0,11.4741,3,34.77,East
US-2021-104514,1/2/2020,Claudia Bergmann,Office Supplies,0,2.6568,3,9.84,East
US-2021-104514,1/2/2020,Claudia Bergmann,Office Supplies,0,9.6192,3,20.04,East
US-2021-104514,1/2/2020,Claudia Bergmann,Office Supplies,0,22.2352,2,85.52,East
US-2021-146262,1/2/2020,Victoria Wilson,Furniture,0.5,-244.323,5,452.45,East
US-2021-146262,1/2/2020,Victoria Wilson,Office Supplies,0.2,8.88,2,23.68,East
US-2021-146262,1/2/2020,Victoria Wilson,Technology,0.2,4.4792,2,89.584,East
US-2021-146262,1/2/2020,Victoria Wilson,Technology,0.7,-950.4,9,1188,East
US-2021-146262,1/2/2020,Victoria Wilson,Technology,0.4,-14.6958,3,62.982,East
US-2021-121097,1/3/2020,Sylvia Foulston,Office Supplies,0.2,3.6288,2,10.368,Central
US-2021-141243,1/3/2020,Amy Hunt,Furniture,0.32,-437.5404,9,1352.3976,Central
US-2021-141243,1/3/2020,Amy Hunt,Office Supplies,0.2,0.7938,3,7.056,Central
US-2021-141243,1/3/2020,Amy Hunt,Technology,0.2,84.66,5,398.4,Central
US-2021-104241,1/4/2020,Andrew Gjertsen,Furniture,0,69.1992,14,192.22,South
US-2021-149811,1/4/2020,Chris Selesnick,Office Supplies,0,15.5232,3,32.34,Central
US-2021-149811,1/4/2020,Chris Selesnick,Office Supplies,0,19.95,5,39.9,Central
US-2021-108588,1/5/2020,Brooke Gillingham,Office Supplies,0,15.4752,3,59.52,East
US-2021-108588,1/5/2020,Brooke Gillingham,Office Supplies,0.2,4.6088,2,13.168,East
US-2021-108588,1/5/2020,Brooke Gillingham,Office Supplies,0,8.2156,2,17.48,East
US-2021-154970,1/5/2020,Steven Roelle,Furniture,0.2,-6.9282,1,61.584,West
US-2021-158701,1/5/2020,James Lanier,Office Supplies,0,23.5872,6,87.36,West
US-2021-158701,1/5/2020,James Lanier,Office Supplies,0.2,17.55,6,56.16,West
US-2021-149636,1/6/2020,Stefania Perrino,Office Supplies,0.7,-1.3566,2,1.938,West
US-2021-149636,1/6/2020,Stefania Perrino,Office Supplies,0.2,9.25,5,29.6,West
US-2021-119480,1/9/2020,Craig Carroll,Office Supplies,0,45.7632,3,163.44,South
US-2021-119480,1/9/2020,Craig Carroll,Office Supplies,0,11.1176,2,42.76,South
US-2021-119480,1/9/2020,Craig Carroll,Office Supplies,0,49.9704,3,106.32,South
US-2021-119480,1/9/2020,Craig Carroll,Office Supplies,0,24.2285,5,51.55,South
US-2021-157154,1/10/2020,Michael Moore,Furniture,0.4,-373.3048,4,1018.104,East
US-2021-128608,1/12/2020,Cindy Schnelling,Office Supplies,0.2,1.5552,2,10.368,East
US-2021-128608,1/12/2020,Cindy Schnelling,Technology,0.2,2.2066,2,10.384,East
US-2021-128608,1/12/2020,Cindy Schnelling,Technology,0.4,2.6376,4,26.376,East
US-2021-128608,1/12/2020,Cindy Schnelling,Technology,0.4,-21.4236,3,107.118,East
US-2021-128608,1/12/2020,Cindy Schnelling,Technology,0.4,-43.1178,2,235.188,East
US-2021-156755,1/12/2020,Yana Sorensen,Office Supplies,0,120.9468,3,465.18,East
US-2021-137526,1/13/2020,Philip Brown,Furniture,0,38.024,4,77.6,West
US-2021-137526,1/13/2020,Philip Brown,Furniture,0,92.97,9,464.85,West
US-2021-137526,1/13/2020,Philip Brown,Office Supplies,0.2,24.5028,3,70.008,West
US-2021-169677,1/13/2020,Karen Seio,Office Supplies,0,4.8118,2,9.82,South
US-2021-101399,1/17/2020,Joni Sundaresam,Furniture,0.6,-312.0614,7,254.744,Central
US-2021-151547,1/17/2020,Amy Hunt,Office Supplies,0.2,10.008,8,88.96,South
US-2021-152681,1/17/2020,Scott Cohen,Office Supplies,0,2.004,2,6.68,East
US-2021-141250,1/19/2020,Paul MacIntyre,Furniture,0.3,-8.5416,4,199.304,Central
US-2021-141250,1/19/2020,Paul MacIntyre,Furniture,0.3,-13.1706,1,102.438,Central
US-2021-119214,1/23/2020,Carl Weiss,Office Supplies,0,6.8714,2,14.62,West
US-2021-119214,1/23/2020,Carl Weiss,Office Supplies,0,13.9392,3,29.04,West
US-2021-128958,1/24/2020,Cyra Reiten,Office Supplies,0.2,2.132,5,13.12,South
US-2021-109603,1/26/2020,Elizabeth Moffitt,Office Supplies,0,84.0512,8,182.72,West
US-2021-164777,1/27/2020,Sean Christensen,Furniture,0.2,0,5,2803.92,West
US-2021-168746,1/27/2020,Seth Vernon,Furniture,0.3,-54.5958,2,181.986,East
US-2021-168746,1/27/2020,Seth Vernon,Technology,0.4,-100.7944,4,431.976,East
US-2021-168746,1/27/2020,Seth Vernon,Technology,0.4,-36.253,1,155.37,East
US-2021-116638,1/28/2020,Joseph Holt,Furniture,0.4,-1862.3124,13,4297.644,South
US-2021-121797,1/30/2020,Charles Crestani,Furniture,0,81.8496,7,227.36,West
US-2021-121797,1/30/2020,Charles Crestani,Technology,0.2,215.9973,3,1919.976,West
US-2021-145401,1/30/2020,Jeremy Pistek,Office Supplies,0.2,5.0064,6,14.304,Central
US-2021-149587,1/31/2020,Karl Braun,Furniture,0,16.5354,3,53.34,Central
US-2021-149587,1/31/2020,Karl Braun,Office Supplies,0,16.1504,2,32.96,Central
US-2021-149587,1/31/2020,Karl Braun,Office Supplies,0,6.2208,2,12.96,Central
US-2021-103093,2/3/2020,Frank Olsen,Office Supplies,0,35.0244,9,74.52,South
US-2021-127327,2/3/2020,Pauline Webber,Furniture,0.1,15.147,1,90.882,East
US-2021-132633,2/3/2020,Ken Heidel,Office Supplies,0.2,4.0986,3,12.144,West
US-2021-140921,2/3/2020,Allen Armold,Furniture,0,11.076,2,28.4,Central
US-2021-140921,2/3/2020,Allen Armold,Technology,0,50.9898,3,149.97,Central
US-2021-157959,2/3/2020,Rick Wilson,Furniture,0,41.076,4,136.92,West
US-2021-104038,2/6/2020,Lori Olson,Office Supplies,0,13.455,5,29.9,South
US-2021-104038,2/6/2020,Lori Olson,Office Supplies,0,2.9346,3,146.73,South
US-2021-111507,2/6/2020,Victoria Wilson,Office Supplies,0,1.5312,3,5.28,West
US-2021-137064,2/6/2020,Trudy Schmidt,Office Supplies,0.8,-4.9878,3,2.934,Central
US-2021-137064,2/6/2020,Trudy Schmidt,Office Supplies,0.2,-125.766,3,670.752,Central
US-2021-137064,2/6/2020,Trudy Schmidt,Technology,0.2,4.4004,2,18.528,Central
US-2021-156482,2/6/2020,Ivan Liston,Furniture,0,82.3368,4,283.92,East
US-2021-156482,2/6/2020,Ivan Liston,Furniture,0,266.4522,9,1268.82,East
US-2021-156482,2/6/2020,Ivan Liston,Office Supplies,0,1.7608,2,5.68,East
US-2021-147529,2/7/2020,Damala Kotsonis,Office Supplies,0,146.2405,5,311.15,South
US-2021-147529,2/7/2020,Damala Kotsonis,Office Supplies,0,6.3504,2,12.96,South
US-2021-114923,2/8/2020,Lisa Hazard,Technology,0.4,-26.9955,3,107.982,East
US-2021-130491,2/8/2020,Brosina Hoffman,Office Supplies,0,1.728,2,5.76,Central
US-2021-130491,2/8/2020,Brosina Hoffman,Office Supplies,0,1.8011,1,5.81,Central
US-2021-130491,2/8/2020,Brosina Hoffman,Office Supplies,0,4.293,2,9.54,Central
US-2021-101007,2/9/2020,Michael Stewart,Technology,0.2,6.5,2,20.8,Central
US-2021-135391,2/9/2020,Frank Atkinson,Furniture,0.6,-30.588,2,40.784,Central
US-2021-135391,2/9/2020,Frank Atkinson,Office Supplies,0.2,13.5324,4,40.096,Central
US-2021-146038,2/9/2020,Sarah Jordon,Furniture,0.2,22.941,5,203.92,West
US-2021-153374,2/9/2020,Jill Fjeld,Technology,0.2,89.991,6,479.952,Central
US-2021-101126,2/10/2020,Nona Balk,Office Supplies,0.2,7.724,5,77.24,East
US-2021-116876,2/14/2020,Ted Trevino,Office Supplies,0.2,9.5787,9,26.424,East
US-2021-116876,2/14/2020,Ted Trevino,Technology,0,187.797,1,625.99,East
US-2021-147662,2/14/2020,Karl Braun,Office Supplies,0.2,0.897,3,14.352,East
US-2021-147662,2/14/2020,Karl Braun,Office Supplies,0.7,-11.9616,2,14.952,East
US-2021-147662,2/14/2020,Karl Braun,Office Supplies,0.7,-1.6764,2,2.286,East
US-2021-147662,2/14/2020,Karl Braun,Technology,0.2,0.8997,3,71.976,East
US-2021-147662,2/14/2020,Karl Braun,Technology,0.4,-80.9955,3,323.982,East
US-2021-116092,2/15/2020,Justin MacKendrick,Office Supplies,0,157.0176,6,541.44,West
US-2021-116092,2/15/2020,Justin MacKendrick,Office Supplies,0.2,4.176,5,11.52,West
US-2021-116092,2/15/2020,Justin MacKendrick,Office Supplies,0.2,13.0375,5,41.72,West
US-2021-116092,2/15/2020,Justin MacKendrick,Office Supplies,0,9.3312,3,19.44,West
US-2021-116092,2/15/2020,Justin MacKendrick,Office Supplies,0,6.4128,2,13.36,West
US-2021-154326,2/15/2020,Roy Phan,Technology,0,26.5905,5,139.95,Central
US-2021-154326,2/15/2020,Roy Phan,Technology,0,195.9944,2,699.98,Central
US-2021-154326,2/15/2020,Roy Phan,Technology,0,64.7856,3,134.97,Central
US-2021-121776,2/16/2020,Rob Dowd,Office Supplies,0,41.2237,7,87.71,West
US-2021-121776,2/16/2020,Rob Dowd,Office Supplies,0,17.3148,3,36.84,West
US-2021-156923,2/16/2020,Sung Pak,Office Supplies,0,16.146,6,35.88,East
US-2021-105725,2/18/2020,Guy Thornton,Furniture,0.2,-0.8886,1,35.544,West
US-2021-105725,2/18/2020,Guy Thornton,Office Supplies,0,28.0876,2,61.06,West
US-2021-111234,2/18/2020,Ann Blume,Office Supplies,0,4.4352,3,9.24,West
US-2021-152611,2/20/2020,Kelly Andreada,Office Supplies,0,74.5654,7,286.79,East
US-2021-169740,2/20/2020,Liz MacKendrick,Technology,0,2.999,1,29.99,South
US-2021-129770,2/21/2020,Joe Elijah,Office Supplies,0,23.0864,4,49.12,West
US-2021-162782,2/21/2020,Pierre Wener,Office Supplies,0,1270.99,2,2541.98,East
US-2021-132374,2/22/2020,Penelope Sewall,Office Supplies,0,20.6336,4,79.36,Central
US-2021-132276,2/23/2020,Lindsay Castell,Office Supplies,0,6.72,6,26.88,East
US-2021-132276,2/23/2020,Lindsay Castell,Office Supplies,0.2,3.8136,2,10.896,East
US-2021-154900,2/25/2020,Sung Shariari,Office Supplies,0,1.512,1,3.15,East
US-2021-154900,2/25/2020,Sung Shariari,Office Supplies,0,10.224,4,22.72,East
US-2021-104129,2/27/2020,Erin Smith,Furniture,0.3,-28.224,7,493.92,East
US-2021-104129,2/27/2020,Erin Smith,Technology,0,1.0598,2,105.98,East
US-2021-111325,2/27/2020,Bill Tyler,Office Supplies,0.2,2.2044,6,16.032,East
US-2021-111325,2/27/2020,Bill Tyler,Office Supplies,0.7,-3.3879,3,4.419,East
US-2021-138485,2/27/2020,Nora Paige,Technology,0,80.838,9,538.92,West
US-2021-145436,2/28/2020,Valerie Dominguez,Furniture,0.2,43.8408,8,389.696,South
US-2021-145436,2/28/2020,Valerie Dominguez,Furniture,0.2,-28.2744,2,161.568,South
US-2021-102316,3/1/2020,Dave Hallsten,Furniture,0.2,-20.7846,3,184.752,West
US-2021-102316,3/1/2020,Dave Hallsten,Technology,0.2,1.1988,2,15.984,West
US-2021-104052,3/1/2020,Tracy Poddar,Technology,0.2,34.742,4,95.84,Central
US-2021-133494,3/1/2020,Resi Pölking,Office Supplies,0.2,0.444,2,3.552,East
US-2021-133585,3/1/2020,Craig Molinari,Furniture,0.32,-36.1176,6,1227.9984,Central
US-2021-133585,3/1/2020,Craig Molinari,Office Supplies,0.2,6.2244,2,55.328,Central
US-2021-153325,3/1/2020,Shui Tom,Office Supplies,0,27.0112,4,58.72,South
US-2021-105970,3/2/2020,Pete Armstrong,Office Supplies,0,2.6416,1,10.16,Central
US-2021-105970,3/2/2020,Pete Armstrong,Office Supplies,0,50.94,6,101.88,Central
US-2021-110457,3/2/2020,Dave Kipp,Furniture,0,165.3813,3,787.53,West
US-2021-109001,3/5/2020,Katherine Nockton,Office Supplies,0.7,-1.7892,3,2.556,East
US-2021-109001,3/5/2020,Katherine Nockton,Technology,0.2,-1.289,1,10.312,East
US-2021-109001,3/5/2020,Katherine Nockton,Technology,0.4,-93.2316,7,466.158,East
US-2021-109512,3/5/2020,Luke Foster,Furniture,0.1,63.9345,7,383.607,East
US-2021-109512,3/5/2020,Luke Foster,Office Supplies,0,14.67,3,29.34,East
US-2021-109512,3/5/2020,Luke Foster,Office Supplies,0,67.608,4,563.4,East
US-2021-120320,3/5/2020,Mike Vittorini,Technology,0.2,2.394,2,31.92,Central
US-2021-125185,3/5/2020,Alan Haines,Furniture,0.3,-7.098,2,99.372,East
US-2021-125185,3/5/2020,Alan Haines,Furniture,0.2,-5.4548,2,33.568,East
US-2021-140221,3/5/2020,Maribeth Schnelling,Furniture,0.6,-1.8848,2,4.712,Central
US-2021-140221,3/5/2020,Maribeth Schnelling,Office Supplies,0.8,-470.548,5,180.98,Central
US-2021-140221,3/5/2020,Maribeth Schnelling,Office Supplies,0.8,-16.818,2,11.212,Central
US-2021-140221,3/5/2020,Maribeth Schnelling,Office Supplies,0.2,6.0416,2,60.416,Central
US-2021-151785,3/5/2020,Jennifer Jackson,Office Supplies,0.2,2.4864,6,7.104,Central
US-2021-153108,3/5/2020,Sarah Foster,Office Supplies,0,16.3863,7,60.69,Central
US-2021-153108,3/5/2020,Sarah Foster,Technology,0,6.6976,2,23.92,Central
US-2021-142944,3/6/2020,John Lucas,Furniture,0,95.7572,7,435.26,West
US-2021-142944,3/6/2020,John Lucas,Technology,0.2,377.9946,2,1119.984,West
US-2021-146255,3/7/2020,Eugene Moren,Office Supplies,0,14.9156,2,30.44,East
US-2021-146255,3/7/2020,Eugene Moren,Office Supplies,0,33.2544,2,69.28,East
US-2021-146255,3/7/2020,Eugene Moren,Technology,0,52.734,3,119.85,East
US-2021-146255,3/7/2020,Eugene Moren,Technology,0,170.5113,3,587.97,East
US-2021-105627,3/8/2020,Dana Kaydos,Furniture,0,97.4586,3,512.94,Central
US-2021-105627,3/8/2020,Dana Kaydos,Furniture,0,189.4046,7,860.93,Central
US-2021-105627,3/8/2020,Dana Kaydos,Furniture,0,82.0776,6,373.08,Central
US-2021-105627,3/8/2020,Dana Kaydos,Office Supplies,0,4.494,1,14.98,Central
US-2021-105627,3/8/2020,Dana Kaydos,Technology,0,223.2855,5,769.95,Central
US-2021-107741,3/8/2020,Fred Chung,Office Supplies,0.2,0.8946,1,3.408,West
US-2021-132136,3/8/2020,Frank Olsen,Office Supplies,0.8,-14.5656,3,8.568,Central
US-2021-160213,3/8/2020,Anthony Rawles,Office Supplies,0,9.3312,3,19.44,East
US-2021-110345,3/9/2020,Toby Gnade,Office Supplies,0.2,1.6704,2,4.608,South
US-2021-123155,3/9/2020,Noel Staavos,Technology,0.2,29.799,5,113.52,Central
US-2021-123155,3/9/2020,Noel Staavos,Technology,0.2,22.4925,3,359.88,Central
US-2021-118906,3/10/2020,Ken Black,Office Supplies,0,25.1496,6,89.82,East
US-2021-146829,3/10/2020,Toby Swindell,Office Supplies,0.8,-1.8904,2,1.112,Central
US-2021-128083,3/12/2020,Edward Becker,Furniture,0.2,1.4418,3,6.408,South
US-2021-128083,3/12/2020,Edward Becker,Furniture,0.2,3.86,4,30.88,South
US-2021-128083,3/12/2020,Edward Becker,Office Supplies,0.2,2.9322,3,8.688,South
US-2021-148705,3/12/2020,Evan Bailliet,Office Supplies,0.2,1.764,2,5.04,South
US-2021-114237,3/13/2020,Marc Crier,Furniture,0,39.7488,2,141.96,West
US-2021-139675,3/13/2020,Nicole Fjeld,Furniture,0.2,102.9528,4,915.136,West
US-2021-139675,3/13/2020,Nicole Fjeld,Furniture,0,91.7728,8,327.76,West
US-2021-163587,3/14/2020,Emily Phan,Office Supplies,0,315.8118,3,671.94,East
US-2021-163587,3/14/2020,Emily Phan,Office Supplies,0,7.5992,4,16.52,East
US-2021-167479,3/14/2020,Arianne Irving,Office Supplies,0,9.3312,3,19.44,West
US-2021-155124,3/15/2020,Karen Seio,Technology,0.2,1.6776,3,16.776,West
US-2021-112116,3/16/2020,Jeremy Ellison,Furniture,0,44.7096,2,171.96,West
US-2021-134257,3/16/2020,Maurice Satty,Office Supplies,0,3.3948,2,7.38,South
US-2021-134257,3/16/2020,Maurice Satty,Office Supplies,0,240.8595,5,491.55,South
US-2021-144722,3/16/2020,Monica Federle,Furniture,0,18.1146,1,43.13,West
US-2021-145352,3/16/2020,Christopher Martinez,Office Supplies,0,0.7398,1,2.74,South
US-2021-145352,3/16/2020,Christopher Martinez,Office Supplies,0,2.1684,3,8.34,South
US-2021-145352,3/16/2020,Christopher Martinez,Office Supplies,0,3177.475,5,6354.95,South
US-2021-145352,3/16/2020,Christopher Martinez,Office Supplies,0,11.685,3,46.74,South
US-2021-150231,3/16/2020,Jim Kriz,Office Supplies,0,6.3072,3,17.52,East
US-2021-153906,3/16/2020,Michael Stewart,Technology,0,2.577,2,85.9,East
US-2021-110632,3/17/2020,Harold Ryan,Office Supplies,0,9.1314,2,33.82,East
US-2021-110632,3/17/2020,Harold Ryan,Technology,0,2.7036,1,15.02,East
US-2021-111829,3/19/2020,Fred Hopkins,Office Supplies,0,100.656,2,209.7,West
US-2021-111829,3/19/2020,Fred Hopkins,Office Supplies,0,349.3392,3,1247.64,West
US-2021-111829,3/19/2020,Fred Hopkins,Technology,0,1480.4671,7,3149.93,West
US-2021-113110,3/19/2020,Berenike Kampe,Office Supplies,0.2,6.3684,2,17.568,West
US-2021-113110,3/19/2020,Berenike Kampe,Office Supplies,0,6.8714,2,14.62,West
US-2021-113110,3/19/2020,Berenike Kampe,Office Supplies,0,19.6686,6,40.14,West
US-2021-113110,3/19/2020,Berenike Kampe,Office Supplies,0,8.6736,4,33.36,West
US-2021-132101,3/19/2020,Jesus Ocampo,Technology,0.2,39.6879,3,453.576,West
US-2021-143532,3/19/2020,Dan Campbell,Office Supplies,0.2,4.8924,3,14.496,South
US-2021-149993,3/19/2020,Guy Armstrong,Office Supplies,0,3.597,5,10.9,West
US-2021-163104,3/19/2020,Mike Caudle,Office Supplies,0,5.8604,2,11.96,West
US-2021-168088,3/19/2020,Corinna Mitchell,Furniture,0.32,-67.6704,4,383.4656,Central
US-2021-168088,3/19/2020,Corinna Mitchell,Office Supplies,0.2,23.7742,2,65.584,Central
US-2021-106565,3/20/2020,Bart Watters,Office Supplies,0,24.8832,8,51.84,Central
US-2021-127607,3/20/2020,Joe Kamberova,Office Supplies,0.8,-4.396,2,2.512,Central
US-2021-127607,3/20/2020,Joe Kamberova,Office Supplies,0.2,6.1308,9,18.864,Central
US-2021-159534,3/20/2020,Dave Hallsten,Office Supplies,0.2,353.5792,8,1087.936,East
US-2021-159534,3/20/2020,Dave Hallsten,Office Supplies,0.2,16.8237,3,49.848,East
US-2021-159534,3/20/2020,Dave Hallsten,Office Supplies,0,11.995,1,23.99,East
US-2021-159534,3/20/2020,Dave Hallsten,Office Supplies,0,20.1408,4,83.92,East
US-2021-159534,3/20/2020,Dave Hallsten,Technology,0,53.9946,2,199.98,East
US-2021-165813,3/20/2020,Bryan Mills,Office Supplies,0.2,2.5641,3,29.304,West
US-2021-120621,3/21/2020,Julia West,Office Supplies,0.2,156.338,4,962.08,South
US-2021-120621,3/21/2020,Julia West,Office Supplies,0.7,-9.8463,3,12.843,South
US-2021-120621,3/21/2020,Julia West,Office Supplies,0.2,96.0232,14,295.456,South
US-2021-117884,3/22/2020,Debra Catini,Office Supplies,0.2,-33.8418,9,150.408,South
US-2021-117884,3/22/2020,Debra Catini,Technology,0.2,89.5888,7,447.944,South
US-2021-121552,3/22/2020,Fred Wasserman,Office Supplies,0,5.4768,4,19.56,South
US-2021-157812,3/22/2020,Dean Braden,Office Supplies,0.8,-21.168,9,14.112,Central
US-2021-157812,3/22/2020,Dean Braden,Office Supplies,0.2,-25.9136,2,129.568,Central
US-2021-157812,3/22/2020,Dean Braden,Technology,0.2,5.2877,1,18.392,Central
US-2021-163279,3/22/2020,Justin Deggeller,Furniture,0,15.6332,2,91.96,West
US-2021-163279,3/22/2020,Justin Deggeller,Office Supplies,0,48.5392,4,105.52,West
US-2021-163279,3/22/2020,Justin Deggeller,Technology,0.2,185.997,3,1487.976,West
US-2021-163440,3/22/2020,Ruben Dartt,Technology,0.2,1.1988,2,15.984,West
US-2021-107944,3/23/2020,Alice McCarthy,Office Supplies,0,92.5056,11,192.72,West
US-2021-107944,3/23/2020,Alice McCarthy,Technology,0,86.3892,3,239.97,West
US-2021-125374,3/23/2020,Julia Dunbar,Furniture,0.3,-29.2524,2,107.772,Central
US-2021-130218,3/23/2020,Sheri Gordon,Office Supplies,0,14.202,4,31.56,South
US-2021-130218,3/23/2020,Sheri Gordon,Office Supplies,0,0.5584,4,27.92,South
US-2021-138219,3/23/2020,Bart Pistole,Office Supplies,0,16.68,4,33.36,West
US-2021-112508,3/24/2020,Ben Peterman,Office Supplies,0.2,0.5244,2,6.992,South
US-2021-118423,3/24/2020,Dennis Pardue,Furniture,0.3,-35.9058,3,359.058,Central
US-2021-145457,3/24/2020,Cathy Prescott,Furniture,0,13.132,5,46.9,West
US-2021-103793,3/26/2020,Benjamin Venier,Office Supplies,0.2,23.235,3,74.352,South
US-2021-116981,3/26/2020,Suzanne McNair,Office Supplies,0,3.4086,3,13.11,East
US-2021-116981,3/26/2020,Suzanne McNair,Office Supplies,0,282.2092,7,1085.42,East
US-2021-164301,3/26/2020,Ellis Ballard,Furniture,0,610.8624,8,3393.68,West
US-2021-167374,3/26/2020,Gene McClure,Office Supplies,0.2,12.51,6,40.032,East
US-2021-167374,3/26/2020,Gene McClure,Technology,0.2,5.0328,3,16.776,East
US-2021-132948,3/27/2020,Mark Van Huff,Office Supplies,0,3.348,5,83.7,West
US-2021-131534,3/28/2020,Alan Barnes,Office Supplies,0,16.032,5,33.4,West
US-2021-131534,3/28/2020,Alan Barnes,Technology,0,24.936,1,166.24,West
US-2021-133536,3/28/2020,John Huston,Office Supplies,0,11.2308,3,22.92,East
US-2021-135363,3/28/2020,Chloris Kastensmidt,Office Supplies,0.2,1.7004,1,5.232,East
US-2021-135363,3/28/2020,Chloris Kastensmidt,Office Supplies,0.2,5.4432,3,15.552,East
US-2021-103996,3/29/2020,Richard Bierner,Furniture,0,9.5616,3,19.92,West
US-2021-103996,3/29/2020,Richard Bierner,Office Supplies,0,4.5402,3,9.87,West
US-2021-103996,3/29/2020,Richard Bierner,Office Supplies,0,99.9408,6,212.64,West
US-2021-103996,3/29/2020,Richard Bierner,Technology,0,20.7675,3,53.25,West
US-2021-105361,3/29/2020,Chad McGuire,Office Supplies,0,8.1144,4,17.64,East
US-2021-121272,3/29/2020,Denny Ordway,Office Supplies,0,21.2512,4,73.28,West
US-2021-150749,3/29/2020,Alan Shonely,Office Supplies,0,1.4456,2,5.56,South
US-2021-153549,3/29/2020,Sara Luxemburg,Furniture,0.2,131.2785,5,1166.92,South
US-2021-104871,3/30/2020,Daniel Raglin,Furniture,0.3,-110.0232,4,366.744,Central
US-2021-121405,3/30/2020,Fred Chung,Office Supplies,0.2,8.526,5,23.52,Central
US-2021-121405,3/30/2020,Fred Chung,Technology,0.2,13.572,5,180.96,Central
US-2021-128125,3/31/2020,Ed Braxton,Furniture,0.6,-7.833,3,22.38,Central
US-2021-128125,3/31/2020,Ed Braxton,Office Supplies,0.2,35.6613,3,98.376,Central
US-2021-137106,3/31/2020,Scott Cohen,Technology,0.2,27.986,5,79.96,South
US-2021-122140,4/2/2020,Michael Oakman,Office Supplies,0.8,-80.48,2,32.192,Central
US-2021-122140,4/2/2020,Michael Oakman,Technology,0.2,-0.6265,7,50.12,Central
US-2021-122140,4/2/2020,Michael Oakman,Technology,0.2,1.7991,3,47.976,Central
US-2021-136378,4/2/2020,Cari Sayre,Office Supplies,0.8,-13.734,3,9.156,Central
US-2021-142811,4/2/2020,John Lucas,Technology,0.2,32.925,5,87.8,West
US-2021-159513,4/2/2020,John Dryer,Technology,0.2,24.2919,3,71.976,West
US-2021-110667,4/4/2020,Nicole Fjeld,Furniture,0,22.764,2,108.4,East
US-2021-110667,4/4/2020,Nicole Fjeld,Office Supplies,0,4.3524,2,11.16,East
US-2021-110667,4/4/2020,Nicole Fjeld,Office Supplies,0.2,27.7911,3,82.344,East
US-2021-110667,4/4/2020,Nicole Fjeld,Office Supplies,0.2,3.2944,4,9.088,East
US-2021-112452,4/4/2020,Nat Carroll,Office Supplies,0.1,107.346,2,644.076,Central
US-2021-112452,4/4/2020,Nat Carroll,Office Supplies,0,5.8696,2,12.76,Central
US-2021-112452,4/4/2020,Nat Carroll,Office Supplies,0,2.628,2,5.84,Central
US-2021-112452,4/4/2020,Nat Carroll,Technology,0,209.993,2,599.98,Central
US-2021-112452,4/4/2020,Nat Carroll,Technology,0,0.438,1,10.95,Central
US-2021-102855,4/5/2020,Jennifer Ferguson,Office Supplies,0,6.4368,8,23.84,West
US-2021-102855,4/5/2020,Jennifer Ferguson,Technology,0,26.3934,6,239.94,West
US-2021-119942,4/5/2020,Ted Trevino,Office Supplies,0.2,7.7688,6,23.904,East
US-2021-136476,4/5/2020,Greg Guthrie,Office Supplies,0.7,-115.7156,1,157.794,South
US-2021-161452,4/5/2020,Carol Adams,Furniture,0.2,89.2224,3,892.224,West
US-2021-167010,4/5/2020,Valerie Takahito,Furniture,0.5,-211.47,5,352.45,East
US-2021-167010,4/5/2020,Valerie Takahito,Furniture,0.2,2.37,1,7.584,East
US-2021-167010,4/5/2020,Valerie Takahito,Furniture,0.2,-68.392,4,547.136,East
US-2021-167010,4/5/2020,Valerie Takahito,Office Supplies,0.2,18.396,7,98.112,East
US-2021-167010,4/5/2020,Valerie Takahito,Office Supplies,0.7,-6.952,4,10.428,East
US-2021-167010,4/5/2020,Valerie Takahito,Office Supplies,0.2,21.1428,4,563.808,East
US-2021-167010,4/5/2020,Valerie Takahito,Technology,0.4,-3.2175,5,14.85,East
US-2021-167010,4/5/2020,Valerie Takahito,Technology,0.4,-9.7972,2,41.988,East
US-2021-100888,4/6/2020,Mark Hamilton,Office Supplies,0.2,16.1838,3,47.952,South
US-2021-124541,4/6/2020,Thomas Thornton,Office Supplies,0.2,5.256,9,42.048,Central
US-2021-124541,4/6/2020,Thomas Thornton,Office Supplies,0.8,-16.884,6,9.648,Central
US-2021-124541,4/6/2020,Thomas Thornton,Office Supplies,0.8,-12.075,3,6.9,Central
US-2021-124541,4/6/2020,Thomas Thornton,Office Supplies,0.2,2.8884,2,7.968,Central
US-2021-124541,4/6/2020,Thomas Thornton,Technology,0.2,4.4604,2,25.488,Central
US-2021-130554,4/7/2020,Frank Merwin,Office Supplies,0.2,1.0269,3,11.736,East
US-2021-140025,4/7/2020,Peter Fuller,Office Supplies,0.8,-1181.2824,8,463.248,Central
US-2021-140025,4/7/2020,Peter Fuller,Technology,0.2,47.994,6,383.952,Central
US-2021-166492,4/7/2020,Resi Pölking,Office Supplies,0,12.4416,4,25.92,East
US-2021-166492,4/7/2020,Resi Pölking,Office Supplies,0,5.8708,2,22.58,East
US-2021-101000,4/9/2020,Ivan Gibson,Office Supplies,0,144.3546,3,370.14,East
US-2021-116512,4/9/2020,Mick Crebagga,Office Supplies,0,3.0498,3,17.94,East
US-2021-142027,4/9/2020,Jay Kimmel,Furniture,0.2,-13.8717,3,369.912,West
US-2021-134201,4/10/2020,Eugene Hildebrand,Office Supplies,0,6.0147,3,14.67,East
US-2021-134201,4/10/2020,Eugene Hildebrand,Office Supplies,0,38.3508,4,142.04,East
US-2021-168767,4/10/2020,Dario Medina,Office Supplies,0.2,4.3308,2,12.832,West
US-2021-111164,4/11/2020,Sanjit Engle,Office Supplies,0,113.848,5,406.6,East
US-2021-111164,4/11/2020,Sanjit Engle,Technology,0,34.9074,3,85.14,East
US-2021-111164,4/11/2020,Sanjit Engle,Technology,0,10.5552,1,21.99,East
US-2021-125563,4/11/2020,Patrick Ryan,Furniture,0.2,14.3136,3,54.528,South
US-2021-125563,4/11/2020,Patrick Ryan,Furniture,0.2,10.104,2,67.36,South
US-2021-136987,4/11/2020,Andy Reiter,Office Supplies,0,24.2696,2,52.76,West
US-2021-136987,4/11/2020,Andy Reiter,Technology,0.2,215.9892,4,639.968,West
US-2021-145415,4/12/2020,Robert Dilbeck,Office Supplies,0,0.4074,3,40.74,West
US-2021-100216,4/13/2020,Heather Jas,Office Supplies,0.2,10.8864,6,31.104,West
US-2021-100216,4/13/2020,Heather Jas,Office Supplies,0.2,17.8152,3,54.816,West
US-2021-106257,4/13/2020,Eugene Barchas,Furniture,0.2,-15.098,2,241.568,West
US-2021-106257,4/13/2020,Eugene Barchas,Technology,0.2,41.993,2,479.92,West
US-2021-120502,4/13/2020,Bill Tyler,Furniture,0,15.8256,2,37.68,West
US-2021-120502,4/13/2020,Bill Tyler,Office Supplies,0,29.5776,2,75.84,West
US-2021-120502,4/13/2020,Bill Tyler,Technology,0.2,19.3932,2,258.576,West
US-2021-120551,4/13/2020,Sonia Sunley,Office Supplies,0,8.0178,3,17.43,Central
US-2021-133452,4/13/2020,Zuschuss Carroll,Furniture,0.2,-97.7394,3,710.832,West
US-2021-133452,4/13/2020,Zuschuss Carroll,Technology,0,69.986,4,199.96,West
US-2021-133837,4/13/2020,Thea Hendricks,Office Supplies,0.2,0.8058,1,10.744,West
US-2021-149678,4/13/2020,Anthony Witt,Office Supplies,0,0.3864,1,12.88,West
US-2021-168704,4/13/2020,Frank Preis,Furniture,0.3,-113.282,4,609.98,Central
US-2021-168704,4/13/2020,Frank Preis,Furniture,0.3,-45.294,2,211.372,Central
US-2021-168704,4/13/2020,Frank Preis,Technology,0.2,17.9982,3,239.976,Central
US-2021-116841,4/14/2020,Theone Pippenger,Office Supplies,0.2,2.6406,1,35.208,West
US-2021-106215,4/16/2020,Brad Norvell,Office Supplies,0.2,4.0872,4,12.576,East
US-2021-137974,4/16/2020,Lauren Leatherbury,Furniture,0,125.5824,9,523.26,South
US-2021-137974,4/16/2020,Lauren Leatherbury,Furniture,0,119.686,7,1196.86,South
US-2021-137974,4/16/2020,Lauren Leatherbury,Office Supplies,0,4.57,1,9.14,South
US-2021-137974,4/16/2020,Lauren Leatherbury,Technology,0,148.1064,2,569.64,South
US-2021-142734,4/16/2020,Denise Monton,Furniture,0.1,2.8392,2,127.764,East
US-2021-146675,4/16/2020,Sarah Brown,Technology,0.2,-4.9005,3,43.56,Central
US-2021-146675,4/16/2020,Sarah Brown,Technology,0.2,485.9892,4,1439.968,Central
US-2021-161263,4/16/2020,Theresa Swint,Office Supplies,0.2,4.5216,3,45.216,East
US-2021-161263,4/16/2020,Theresa Swint,Office Supplies,0.2,1.2792,3,7.872,East
US-2021-161263,4/16/2020,Theresa Swint,Office Supplies,0.7,-46.225,5,55.47,East
US-2021-161263,4/16/2020,Theresa Swint,Office Supplies,0.2,0.2353,1,1.448,East
US-2021-161263,4/16/2020,Theresa Swint,Office Supplies,0.2,-2.2134,7,10.416,East
US-2021-161263,4/16/2020,Theresa Swint,Technology,0.4,-27.7158,3,118.782,East
US-2021-148712,4/17/2020,Jessica Myrick,Office Supplies,0,2.7846,3,10.71,East
US-2021-148712,4/17/2020,Jessica Myrick,Office Supplies,0.2,21.0249,13,62.296,East
US-2021-148712,4/17/2020,Jessica Myrick,Technology,0,36.852,1,99.6,East
US-2021-155306,4/17/2020,George Ashbrook,Office Supplies,0,419.8185,5,1447.65,West
US-2021-155306,4/17/2020,George Ashbrook,Office Supplies,0,2.224,2,5.56,West
US-2021-155306,4/17/2020,George Ashbrook,Office Supplies,0,5.8604,2,11.96,West
US-2021-155306,4/17/2020,George Ashbrook,Technology,0,129.348,3,323.37,West
US-2021-155306,4/17/2020,George Ashbrook,Technology,0.2,68.5965,5,783.96,West
US-2021-102722,4/18/2020,Kelly Williams,Technology,0,41.535,6,106.5,South
US-2021-113593,4/18/2020,Nathan Cano,Office Supplies,0,30.0144,3,115.44,West
US-2021-115742,4/18/2020,Darren Powers,Furniture,0,17.0981,1,89.99,Central
US-2021-115742,4/18/2020,Darren Powers,Furniture,0,2.9568,2,6.16,Central
US-2021-115742,4/18/2020,Darren Powers,Office Supplies,0,17.9634,6,38.22,Central
US-2021-115742,4/18/2020,Darren Powers,Office Supplies,0,35.3346,6,75.18,Central
US-2021-134271,4/18/2020,Roland Fjeld,Office Supplies,0,10.3071,3,21.93,East
US-2021-142601,4/18/2020,Deanra Eno,Office Supplies,0,27.882,2,61.96,West
US-2021-142601,4/18/2020,Deanra Eno,Office Supplies,0,9.4717,7,947.17,West
US-2021-163433,4/18/2020,Michael Paige,Furniture,0.3,-20.245,1,56.686,Central
US-2021-163433,4/18/2020,Michael Paige,Office Supplies,0.2,6.5058,3,74.352,Central
US-2021-163433,4/18/2020,Michael Paige,Office Supplies,0.2,0.8856,3,7.872,Central
US-2021-163433,4/18/2020,Michael Paige,Office Supplies,0.8,-2.2878,1,1.476,Central
US-2021-163433,4/18/2020,Michael Paige,Office Supplies,0.8,-6.8992,2,4.312,Central
US-2021-163433,4/18/2020,Michael Paige,Office Supplies,0.2,5.4432,3,15.552,Central
US-2021-163433,4/18/2020,Michael Paige,Technology,0.2,8.2848,2,41.424,Central
US-2021-163433,4/18/2020,Michael Paige,Technology,0.2,6.123,2,97.968,Central
US-2021-163433,4/18/2020,Michael Paige,Technology,0.2,24.4768,4,244.768,Central
US-2021-155369,4/19/2020,Patrick Gardner,Office Supplies,0.8,-52.8336,2,19.568,Central
US-2021-155369,4/19/2020,Patrick Gardner,Office Supplies,0.8,-512.1468,4,310.392,Central
US-2021-109169,4/20/2020,Olvera Toch,Office Supplies,0,81.432,2,180.96,Central
US-2021-142433,4/20/2020,Erica Smith,Office Supplies,0.2,44.046,3,117.456,Central
US-2021-149342,4/20/2020,Theresa Swint,Furniture,0,297.69,6,595.38,South
US-2021-149342,4/20/2020,Theresa Swint,Office Supplies,0,6.2208,2,12.96,South
US-2021-149342,4/20/2020,Theresa Swint,Technology,0,77.7519,3,287.97,South
US-2021-107678,4/21/2020,Juliana Krohn,Furniture,0,51.8292,2,191.96,South
US-2021-107678,4/21/2020,Juliana Krohn,Furniture,0,35.6796,3,209.88,South
US-2021-107678,4/21/2020,Juliana Krohn,Office Supplies,0,9.798,3,21.3,South
US-2021-107678,4/21/2020,Juliana Krohn,Technology,0,131.586,5,469.95,South
US-2021-151253,4/22/2020,Annie Zypern,Office Supplies,0,16.6764,3,64.14,West
US-2021-151253,4/22/2020,Annie Zypern,Technology,0.2,7.7679,3,88.776,West
US-2021-118227,4/24/2020,Deborah Brumfield,Office Supplies,0,7.5371,1,25.99,East
US-2021-112557,4/25/2020,John Lucas,Office Supplies,0,90.8292,3,206.43,East
US-2021-115420,4/25/2020,Linda Southworth,Office Supplies,0,9.8164,2,21.34,West
US-2021-130365,4/25/2020,Zuschuss Carroll,Furniture,0.3,-23.7822,3,128.058,Central
US-2021-130365,4/25/2020,Zuschuss Carroll,Office Supplies,0.2,-55.256,2,221.024,Central
US-2021-143602,4/25/2020,Jill Stevenson,Office Supplies,0.2,4.5318,3,13.944,West
US-2021-153878,4/25/2020,Trudy Schmidt,Office Supplies,0,76.272,5,272.4,Central
US-2021-153878,4/25/2020,Trudy Schmidt,Office Supplies,0,16.17,5,57.75,Central
US-2021-114839,4/26/2020,Pierre Wener,Furniture,0.3,-5.8346,2,408.422,Central
US-2021-122266,4/26/2020,Sue Ann Reed,Furniture,0.45,-76.6062,1,191.5155,South
US-2021-122266,4/26/2020,Sue Ann Reed,Office Supplies,0.2,0.4264,1,2.624,South
US-2021-134026,4/26/2020,Joel Eaton,Furniture,0.2,-114.3912,8,831.936,South
US-2021-134026,4/26/2020,Joel Eaton,Furniture,0.2,1.213,2,97.04,South
US-2021-134026,4/26/2020,Joel Eaton,Office Supplies,0.2,-18.196,1,72.784,South
US-2021-137302,4/26/2020,Bart Watters,Furniture,0.2,6.3936,3,63.936,West
US-2021-137302,4/26/2020,Bart Watters,Office Supplies,0,15.4752,3,59.52,West
US-2021-137302,4/26/2020,Bart Watters,Office Supplies,0.2,17.6232,3,50.352,West
US-2021-137302,4/26/2020,Bart Watters,Technology,0.2,38.997,3,311.976,West
US-2021-124450,4/27/2020,Greg Tran,Furniture,0,316.8825,3,1267.53,East
US-2021-124450,4/27/2020,Greg Tran,Office Supplies,0,8.8686,3,22.74,East
US-2021-124450,4/27/2020,Greg Tran,Technology,0,648.5624,8,1379.92,East
US-2021-151841,4/27/2020,Tony Chapman,Office Supplies,0.2,3.267,5,43.56,West
US-2021-151841,4/27/2020,Tony Chapman,Office Supplies,0.2,0.73,2,5.84,West
US-2021-120782,4/28/2020,Shirley Daniels,Office Supplies,0.1,41.496,1,186.732,Central
US-2021-120782,4/28/2020,Shirley Daniels,Office Supplies,0,1906.485,3,3812.97,Central
US-2021-130792,4/28/2020,Russell Applegate,Office Supplies,0.8,-20.3322,3,8.652,Central
US-2021-130792,4/28/2020,Russell Applegate,Office Supplies,0.8,-18.8728,4,12.176,Central
US-2021-130792,4/28/2020,Russell Applegate,Office Supplies,0.2,2.6811,3,23.832,Central
US-2021-157434,4/29/2020,Jim Kriz,Office Supplies,0.2,2.8884,2,7.968,East
US-2021-103716,4/30/2020,Ken Black,Office Supplies,0,9.702,3,34.65,West
US-2021-103716,4/30/2020,Ken Black,Technology,0.2,1.7325,5,19.8,West
US-2021-115238,4/30/2020,Jane Waco,Furniture,0,10.449,5,24.3,East
US-2021-115238,4/30/2020,Jane Waco,Furniture,0,3.792,1,9.48,East
US-2021-115238,4/30/2020,Jane Waco,Furniture,0,13.188,5,31.4,East
US-2021-115238,4/30/2020,Jane Waco,Office Supplies,0,3.1104,1,6.48,East
US-2021-115238,4/30/2020,Jane Waco,Technology,0,58.66,10,209.5,East
US-2021-135174,4/30/2020,Benjamin Patterson,Technology,0.4,-255.7425,5,1022.97,East
US-2021-164175,4/30/2020,Paul Stevenson,Furniture,0.3,-15.2225,5,213.115,Central
US-2021-104486,5/1/2020,Patrick O'Brill,Office Supplies,0.2,4.4138,1,12.176,West
US-2021-104486,5/1/2020,Patrick O'Brill,Office Supplies,0,10.4496,3,37.32,West
US-2021-104486,5/1/2020,Patrick O'Brill,Office Supplies,0,10.518,2,35.06,West
US-2021-145821,5/1/2020,Jennifer Braxton,Technology,0.2,11.094,3,88.752,West
US-2021-161998,5/1/2020,David Bremer,Furniture,0.2,14.2992,3,63.552,South
US-2021-161998,5/1/2020,David Bremer,Office Supplies,0.2,10.794,6,172.704,South
US-2021-161998,5/1/2020,David Bremer,Office Supplies,0.2,4.6548,3,41.376,South
US-2021-116687,5/2/2020,Noah Childs,Office Supplies,0.2,2.9889,3,8.856,Central
US-2021-116687,5/2/2020,Noah Childs,Technology,0.2,13.8579,3,158.376,Central
US-2021-107937,5/3/2020,Julia Barnett,Furniture,0,106.5408,6,665.88,West
US-2021-112130,5/3/2020,Stewart Visinsky,Furniture,0.3,-36.1764,6,844.116,East
US-2021-112130,5/3/2020,Stewart Visinsky,Office Supplies,0.2,6.5164,2,23.696,East
US-2021-112130,5/3/2020,Stewart Visinsky,Office Supplies,0.2,2.0475,7,18.2,East
US-2021-112130,5/3/2020,Stewart Visinsky,Office Supplies,0.2,14.2272,2,59.904,East
US-2021-112130,5/3/2020,Stewart Visinsky,Office Supplies,0.2,2.8884,2,7.968,East
US-2021-112130,5/3/2020,Stewart Visinsky,Office Supplies,0.2,-9.594,3,76.752,East
US-2021-112130,5/3/2020,Stewart Visinsky,Technology,0.2,-0.3444,3,27.552,East
US-2021-150770,5/3/2020,Lena Cacioppo,Office Supplies,0,2.5578,3,8.82,West
US-2021-150770,5/3/2020,Lena Cacioppo,Office Supplies,0.2,17.3488,2,49.568,West
US-2021-150770,5/3/2020,Lena Cacioppo,Office Supplies,0.2,21.8736,2,62.496,West
US-2021-150770,5/3/2020,Lena Cacioppo,Technology,0,122.3856,4,339.96,West
US-2021-160864,5/3/2020,Nicole Fjeld,Office Supplies,0.2,5.193,3,13.848,West
US-2021-110548,5/4/2020,Anna Häberlin,Technology,0.2,118.293,7,946.344,Central
US-2021-129700,5/4/2020,Laura Armstrong,Furniture,0.6,-8.9152,7,22.288,Central
US-2021-144253,5/4/2020,Alan Schoenberger,Furniture,0,12.864,2,26.8,East
US-2021-146290,5/4/2020,Stuart Van,Office Supplies,0,35.2604,7,125.93,Central
US-2021-137512,5/7/2020,Anna Gayman,Furniture,0.3,-31.3722,2,244.006,Central
US-2021-137512,5/7/2020,Anna Gayman,Office Supplies,0.2,5.3784,4,15.936,Central
US-2021-147879,5/7/2020,Chris Cortes,Office Supplies,0,21.0128,2,45.68,South
US-2021-109939,5/8/2020,Allen Armold,Office Supplies,0.2,0.5904,2,5.248,West
US-2021-113971,5/8/2020,Claudia Bergmann,Furniture,0.2,1.2528,6,8.352,East
US-2021-136798,5/8/2020,Daniel Lacy,Furniture,0,11.1564,3,123.96,Central
US-2021-136798,5/8/2020,Daniel Lacy,Office Supplies,0,21.99,2,43.98,Central
US-2021-136798,5/8/2020,Daniel Lacy,Technology,0,105.8316,3,377.97,Central
US-2021-142055,5/8/2020,Alejandro Ballentine,Office Supplies,0,18.2112,2,37.94,East
US-2021-160857,5/8/2020,Natalie Webber,Furniture,0.1,21.294,2,127.764,East
US-2021-160857,5/8/2020,Natalie Webber,Furniture,0,30.1872,3,79.44,East
US-2021-160857,5/8/2020,Natalie Webber,Office Supplies,0,9.3312,3,19.44,East
US-2021-160857,5/8/2020,Natalie Webber,Office Supplies,0,7.1586,3,357.93,East
US-2021-160857,5/8/2020,Natalie Webber,Technology,0.2,1014.9797,7,2799.944,East
US-2021-155635,5/9/2020,Max Engle,Office Supplies,0,23.9169,3,48.81,South
US-2021-129217,5/10/2020,Dennis Pardue,Office Supplies,0.8,-191.619,5,70.97,Central
US-2021-129217,5/10/2020,Dennis Pardue,Office Supplies,0.2,3.6784,2,36.784,Central
US-2021-144043,5/10/2020,Alan Barnes,Technology,0.2,-2.918,4,46.688,West
US-2021-135727,5/11/2020,Paul Stevenson,Furniture,0.2,16.7972,7,191.968,West
US-2021-122910,5/12/2020,Larry Tron,Technology,0.2,20.1584,2,201.584,West
US-2021-130876,5/12/2020,Annie Zypern,Office Supplies,0,9.8901,3,36.63,East
US-2021-131856,5/12/2020,James Galang,Furniture,0.6,-15.9268,4,21.968,Central
US-2021-131856,5/12/2020,James Galang,Office Supplies,0.2,41.5688,7,127.904,Central
US-2021-131856,5/12/2020,James Galang,Technology,0.2,69.6546,6,619.152,Central
US-2021-159380,5/12/2020,Cindy Stewart,Office Supplies,0,5.778,3,12.84,West
US-2021-159380,5/12/2020,Cindy Stewart,Office Supplies,0,11.556,6,25.68,West
US-2021-162607,5/12/2020,Rose O'Brian,Office Supplies,0.2,4.9248,3,14.592,West
US-2021-145835,5/13/2020,Ben Ferrer,Office Supplies,0.2,5.6,4,16,Central
US-2021-145835,5/13/2020,Ben Ferrer,Technology,0.2,16.6788,2,222.384,Central
US-2021-100146,5/14/2020,Claudia Bergmann,Furniture,0.15,41.9965,5,509.9575,West
US-2021-100146,5/14/2020,Claudia Bergmann,Furniture,0.2,-6.098,2,97.568,West
US-2021-100146,5/14/2020,Claudia Bergmann,Furniture,0.2,81.2646,3,722.352,West
US-2021-100146,5/14/2020,Claudia Bergmann,Furniture,0,34.4148,3,122.91,West
US-2021-119291,5/14/2020,Jesus Ocampo,Office Supplies,0.2,0.8088,1,2.696,East
US-2021-119291,5/14/2020,Jesus Ocampo,Office Supplies,0.2,17.3488,8,198.272,East
US-2021-119291,5/14/2020,Jesus Ocampo,Office Supplies,0.7,-13.6312,2,18.588,East
US-2021-119291,5/14/2020,Jesus Ocampo,Office Supplies,0.7,-3.4272,3,4.896,East
US-2021-119291,5/14/2020,Jesus Ocampo,Office Supplies,0.2,62.8075,7,200.984,East
US-2021-119291,5/14/2020,Jesus Ocampo,Office Supplies,0.2,17.76,4,47.36,East
US-2021-119291,5/14/2020,Jesus Ocampo,Office Supplies,0.2,31.7512,4,97.696,East
US-2021-165162,5/14/2020,Hunter Glantz,Office Supplies,0,55.896,4,1117.92,West
US-2021-138492,5/15/2020,Fred Chung,Office Supplies,0.2,-10.3936,2,51.968,East
US-2021-166604,5/15/2020,Anna Häberlin,Office Supplies,0,8.7906,3,17.94,South
US-2021-100769,5/16/2020,Tracy Hopkins,Technology,0.2,31.996,4,255.968,South
US-2021-100251,5/17/2020,Dianna Vittorini,Office Supplies,0,15.12,10,31.5,East
US-2021-100251,5/17/2020,Dianna Vittorini,Office Supplies,0,16.124,4,55.6,East
US-2021-117184,5/17/2020,Odella Nelson,Office Supplies,0.8,-49.92,5,33.28,Central
US-2021-117184,5/17/2020,Odella Nelson,Office Supplies,0.2,4.9308,3,14.088,Central
US-2021-165554,5/18/2020,Anthony Jacobs,Office Supplies,0,5.3214,2,10.86,West
US-2021-153535,5/20/2020,Sheri Gordon,Furniture,0.2,20.392,4,163.136,South
US-2021-153535,5/20/2020,Sheri Gordon,Office Supplies,0.7,-4.9128,4,6.408,South
US-2021-102806,5/21/2020,Henry Goldwyn,Office Supplies,0.7,-18.0312,2,24.588,East
US-2021-168914,5/21/2020,Joel Eaton,Office Supplies,0.8,-52.9584,8,20.768,Central
US-2021-169278,5/21/2020,Michelle Ellison,Office Supplies,0.2,8.7672,4,26.976,West
US-2021-149846,5/22/2020,Sarah Brown,Office Supplies,0,3.7996,2,8.26,West
US-2021-149846,5/22/2020,Sarah Brown,Office Supplies,0,29.3412,7,104.79,West
US-2021-149846,5/22/2020,Sarah Brown,Technology,0.2,334.4985,7,2973.32,West
US-2021-149846,5/22/2020,Sarah Brown,Technology,0.2,58.1796,6,775.728,West
US-2021-110569,5/23/2020,Emily Burns,Office Supplies,0.2,13.7016,4,121.792,West
US-2021-110569,5/23/2020,Emily Burns,Office Supplies,0.7,-12.796,7,19.194,West
US-2021-119102,5/23/2020,Kristen Hastings,Office Supplies,0,13.8915,3,51.45,East
US-2021-136805,5/23/2020,Nathan Mautz,Furniture,0,19.5858,9,75.33,Central
US-2021-136805,5/23/2020,Nathan Mautz,Office Supplies,0.1,245.7,5,850.5,Central
US-2021-154921,5/23/2020,Erin Ashbrook,Office Supplies,0,87.7443,3,186.69,South
US-2021-165512,5/24/2020,Vivek Sundaresam,Furniture,0.3,-163.5767,7,602.651,Central
US-2021-165512,5/24/2020,Vivek Sundaresam,Office Supplies,0.8,-13.0152,6,7.656,Central
US-2021-109708,5/25/2020,Craig Yedwab,Technology,0.2,58.38,4,467.04,South
US-2021-132941,5/25/2020,Muhammed MacIntyre,Office Supplies,0.2,11.7334,7,32.368,Central
US-2021-132941,5/25/2020,Muhammed MacIntyre,Office Supplies,0.2,1.6776,2,22.368,Central
US-2021-132941,5/25/2020,Muhammed MacIntyre,Technology,0.2,36.3972,2,207.984,Central
US-2021-138898,5/25/2020,Justin Hirsh,Office Supplies,0.2,84.5728,13,845.728,West
US-2021-141768,5/25/2020,Nora Pelletier,Furniture,0,4.8609,3,14.73,West
US-2021-152128,5/25/2020,Nathan Mautz,Office Supplies,0,8.0712,3,21.24,Central
US-2021-152128,5/25/2020,Nathan Mautz,Office Supplies,0,60.1412,2,127.96,Central
US-2021-113327,5/26/2020,Ben Ferrer,Office Supplies,0.2,4.4312,2,12.224,South
US-2021-113327,5/26/2020,Ben Ferrer,Office Supplies,0.2,53.8048,4,153.728,South
US-2021-113327,5/26/2020,Ben Ferrer,Office Supplies,0.2,5.9384,1,18.272,South
US-2021-113327,5/26/2020,Ben Ferrer,Technology,0.2,50.3832,7,167.944,South
US-2021-143147,5/26/2020,Pamela Stobb,Furniture,0.3,-28.6862,1,105.686,Central
US-2021-143147,5/26/2020,Pamela Stobb,Furniture,0.3,-4.497,5,104.93,Central
US-2021-143147,5/26/2020,Pamela Stobb,Technology,0.4,-79.908,2,399.54,Central
US-2021-148964,5/26/2020,Ruben Dartt,Furniture,0,7.8936,1,20.24,West
US-2021-118948,5/28/2020,Neil Knudson,Office Supplies,0,1.7901,3,6.63,West
US-2021-131758,5/28/2020,Karl Braun,Office Supplies,0,14.346,3,47.82,East
US-2021-131758,5/28/2020,Karl Braun,Office Supplies,0,6.003,5,13.05,East
US-2021-135020,5/28/2020,Maxwell Schwartz,Office Supplies,0.2,2.0574,2,6.096,East
US-2021-135020,5/28/2020,Maxwell Schwartz,Office Supplies,0,21.7728,7,45.36,East
US-2021-135020,5/28/2020,Maxwell Schwartz,Office Supplies,0,160.623,3,535.41,East
US-2021-135020,5/28/2020,Maxwell Schwartz,Technology,0,13.3371,1,45.99,East
US-2021-149601,5/28/2020,Trudy Brown,Office Supplies,0,21.714,5,77.55,East
US-2021-149601,5/28/2020,Trudy Brown,Office Supplies,0,2.436,1,16.24,East
US-2021-104297,5/29/2020,Chad Cunningham,Office Supplies,0.2,28.7064,3,85.056,East
US-2021-111339,5/29/2020,Victoria Pisteka,Furniture,0.3,-86.0586,3,317.058,East
US-2021-111339,5/29/2020,Victoria Pisteka,Furniture,0.2,-4.1568,4,41.568,East
US-2021-111339,5/29/2020,Victoria Pisteka,Office Supplies,0.2,2.9145,5,8.04,East
US-2021-120880,5/29/2020,John Lucas,Office Supplies,0.2,62.91,5,167.76,West
US-2021-120880,5/29/2020,John Lucas,Office Supplies,0,15.552,5,32.4,West
US-2021-120880,5/29/2020,John Lucas,Office Supplies,0,140.5482,3,540.57,West
US-2021-168277,5/29/2020,Karl Braun,Office Supplies,0,5.6994,3,12.39,Central
US-2021-103177,5/30/2020,Edward Nazzal,Office Supplies,0,44.8896,2,160.32,East
US-2021-103177,5/30/2020,Edward Nazzal,Technology,0,3.8655,3,128.85,East
US-2021-103177,5/30/2020,Edward Nazzal,Technology,0,2.3997,3,239.97,East
US-2021-163923,5/30/2020,Brendan Dodson,Technology,0,36.4704,4,151.96,South
US-2021-100818,5/31/2020,Janet Molinari,Furniture,0.6,-61.872,2,51.56,Central
US-2021-100818,5/31/2020,Janet Molinari,Office Supplies,0.8,-6.237,3,3.564,Central
US-2021-100818,5/31/2020,Janet Molinari,Office Supplies,0.2,1.9926,2,5.904,Central
US-2021-100818,5/31/2020,Janet Molinari,Office Supplies,0.2,54.215,7,173.488,Central
US-2021-120677,5/31/2020,Bill Donatelli,Furniture,0,770.352,8,2567.84,Central
US-2021-124919,5/31/2020,Stephanie Phelps,Office Supplies,0,26.271,7,58.38,West
US-2021-124919,5/31/2020,Stephanie Phelps,Office Supplies,0,48.5392,4,105.52,West
US-2021-124919,5/31/2020,Stephanie Phelps,Office Supplies,0,21.0288,6,80.88,West
US-2021-133627,5/31/2020,Sample Company A,Furniture,0,9.102,6,22.2,East
US-2021-136224,5/31/2020,Muhammed Lee,Office Supplies,0.2,1.1556,3,10.272,South
US-2021-147788,5/31/2020,Tamara Manning,Furniture,0,140.686,7,1406.86,West
US-2021-147788,5/31/2020,Tamara Manning,Office Supplies,0,7.56,5,15.75,West
US-2021-147788,5/31/2020,Tamara Manning,Office Supplies,0,61.389,2,323.1,West
US-2021-149748,5/31/2020,Elizabeth Moffitt,Furniture,0,2.9808,2,8.28,East
US-2021-149748,5/31/2020,Elizabeth Moffitt,Office Supplies,0,134.652,5,274.8,East
US-2021-149748,5/31/2020,Elizabeth Moffitt,Office Supplies,0,16.7886,1,62.18,East
US-2021-156153,5/31/2020,Carl Weiss,Office Supplies,0,0.3024,6,7.56,East
US-2021-132836,6/1/2020,Ashley Jarboe,Office Supplies,0,181.656,6,403.68,Central
US-2021-132836,6/1/2020,Ashley Jarboe,Office Supplies,0,13.2986,7,28.91,Central
US-2021-132836,6/1/2020,Ashley Jarboe,Technology,0,83.9944,2,299.98,Central
US-2021-132836,6/1/2020,Ashley Jarboe,Technology,0,11.732,2,41.9,Central
US-2021-161242,6/1/2020,Catherine Glotzbach,Office Supplies,0,5.7624,2,11.76,West
US-2021-163685,6/1/2020,Katrina Edelman,Office Supplies,0.8,-9.1648,8,5.728,Central
US-2021-163685,6/1/2020,Katrina Edelman,Office Supplies,0.2,13.2,10,42.24,Central
US-2021-142020,6/4/2020,Tracy Collins,Furniture,0,11.9952,3,35.28,East
US-2021-142020,6/4/2020,Tracy Collins,Office Supplies,0,14.3068,4,30.44,East
US-2021-158491,6/4/2020,Becky Pak,Technology,0,35.994,2,119.98,West
US-2021-158491,6/4/2020,Becky Pak,Technology,0,395.988,3,989.97,West
US-2021-164833,6/4/2020,Lauren Leatherbury,Office Supplies,0,3.0558,2,9.26,West
US-2021-164833,6/4/2020,Lauren Leatherbury,Office Supplies,0,3.4686,2,7.38,West
US-2021-115168,6/5/2020,Brenda Bowman,Office Supplies,0,4.752,2,10.56,Central
US-2021-166947,6/5/2020,Edward Becker,Furniture,0.1,169.182,9,1522.638,East
US-2021-142041,6/7/2020,Eleni McCrary,Office Supplies,0.2,2.632,5,7.52,West
US-2021-157343,6/7/2020,Harold Dahlen,Office Supplies,0.2,1.002,3,8.016,East
US-2021-157343,6/7/2020,Harold Dahlen,Office Supplies,0.7,-12.208,4,18.312,East
US-2021-157343,6/7/2020,Harold Dahlen,Office Supplies,0.2,9.072,5,25.92,East
US-2021-162201,6/8/2020,Andrew Gjertsen,Furniture,0.2,45.4671,7,173.208,South
US-2021-162201,6/8/2020,Andrew Gjertsen,Office Supplies,0.2,0.3336,2,4.448,South
US-2021-162201,6/8/2020,Andrew Gjertsen,Office Supplies,0.7,-13.3936,2,18.264,South
US-2021-162201,6/8/2020,Andrew Gjertsen,Office Supplies,0.2,3.15,3,9,South
US-2021-162201,6/8/2020,Andrew Gjertsen,Office Supplies,0.2,13.2,10,42.24,South
US-2021-162201,6/8/2020,Andrew Gjertsen,Office Supplies,0.2,54.215,7,173.488,South
US-2021-162201,6/8/2020,Andrew Gjertsen,Office Supplies,0.2,-6.462,4,516.96,South
US-2021-164007,6/8/2020,Maureen Gnade,Office Supplies,0.8,-393.602,2,143.128,Central
US-2021-164007,6/8/2020,Maureen Gnade,Technology,0.2,0.7425,3,2.376,Central
US-2021-101868,6/9/2020,Max Jones,Office Supplies,0.7,-26.964,3,38.52,South
US-2021-101868,6/9/2020,Max Jones,Office Supplies,0.7,-42.8,5,64.2,South
US-2021-101868,6/9/2020,Max Jones,Technology,0.2,-8.1675,5,72.6,South
US-2021-110947,6/9/2020,Anthony Garverick,Office Supplies,0,56.55,3,113.1,South
US-2021-141012,6/9/2020,Trudy Glocke,Furniture,0,92.3936,4,355.36,West
US-2021-141012,6/9/2020,Trudy Glocke,Technology,0.2,8.7735,3,140.376,West
US-2021-144190,6/9/2020,Nathan Cano,Office Supplies,0,6.2208,2,12.96,Central
US-2021-121720,6/11/2020,Jim Epp,Furniture,0.2,-182.637,5,1123.92,South
US-2021-121720,6/11/2020,Jim Epp,Furniture,0.2,7.3008,3,48.672,South
US-2021-121720,6/11/2020,Jim Epp,Office Supplies,0.2,7.596,2,60.768,South
US-2021-121720,6/11/2020,Jim Epp,Office Supplies,0.7,-3.14,2,3.768,South
US-2021-121720,6/11/2020,Jim Epp,Office Supplies,0.7,-62.88,5,78.6,South
US-2021-121720,6/11/2020,Jim Epp,Office Supplies,0.2,51.8312,2,1036.624,South
US-2021-121720,6/11/2020,Jim Epp,Office Supplies,0.2,21.1428,4,563.808,South
US-2021-121720,6/11/2020,Jim Epp,Technology,0.2,31.198,2,249.584,South
US-2021-123960,6/11/2020,Brian Dahlen,Furniture,0,10.7892,2,29.16,South
US-2021-123960,6/11/2020,Brian Dahlen,Office Supplies,0,15.764,2,56.3,South
US-2021-123960,6/11/2020,Brian Dahlen,Office Supplies,0,16.6796,7,36.26,South
US-2021-123960,6/11/2020,Brian Dahlen,Office Supplies,0,15.552,5,32.4,South
US-2021-123960,6/11/2020,Brian Dahlen,Technology,0,10.203,6,53.7,South
US-2021-104115,6/12/2020,Jonathan Howell,Technology,0.2,4.1988,2,55.984,South
US-2021-131779,6/12/2020,Laurel Elliston,Office Supplies,0,5.083,5,29.9,East
US-2021-136105,6/12/2020,Sam Zeldin,Office Supplies,0,6.8768,2,24.56,Central
US-2021-139850,6/12/2020,Giulietta Baptist,Furniture,0.2,4.3296,2,43.296,East
US-2021-139850,6/12/2020,Giulietta Baptist,Office Supplies,0.2,7.2576,4,20.736,East
US-2021-104059,6/13/2020,Frank Carlisle,Office Supplies,0.2,0.2996,1,3.424,East
US-2021-104941,6/13/2020,Dave Hallsten,Office Supplies,0,6.9384,6,24.78,South
US-2021-104941,6/13/2020,Dave Hallsten,Office Supplies,0,8.8044,3,19.14,South
US-2021-104941,6/13/2020,Dave Hallsten,Office Supplies,0,15.552,5,32.4,South
US-2021-104941,6/13/2020,Dave Hallsten,Technology,0,314.9895,3,899.97,South
US-2021-127418,6/13/2020,Jennifer Jackson,Office Supplies,0.2,13.734,3,36.624,West
US-2021-137281,6/13/2020,Barbara Fisher,Office Supplies,0,3.1104,1,6.48,South
US-2021-155054,6/13/2020,Penelope Sewall,Office Supplies,0,13.428,2,29.84,East
US-2021-155054,6/13/2020,Penelope Sewall,Office Supplies,0,3.8822,2,8.26,East
US-2021-155054,6/13/2020,Penelope Sewall,Technology,0,14.9556,2,67.98,East
US-2021-120439,6/14/2020,Alan Dominguez,Furniture,0.2,5.1072,6,51.072,East
US-2021-106495,6/15/2020,Amy Cox,Technology,0.2,-0.7295,1,11.672,South
US-2021-129896,6/15/2020,Peter Fuller,Furniture,0.2,11.0704,4,40.256,West
US-2021-129896,6/15/2020,Peter Fuller,Furniture,0.2,-36.4704,6,364.704,West
US-2021-129896,6/15/2020,Peter Fuller,Office Supplies,0.2,2.99,2,9.568,West
US-2021-129896,6/15/2020,Peter Fuller,Office Supplies,0.2,-19.5624,2,82.368,West
US-2021-164567,6/15/2020,Grace Kelly,Technology,0.2,22.5576,3,225.576,West
US-2021-118955,6/16/2020,Lycoris Saunders,Furniture,0.3,-25.3764,2,197.372,Central
US-2021-118955,6/16/2020,Lycoris Saunders,Office Supplies,0.2,9.3444,3,28.752,Central
US-2021-118955,6/16/2020,Lycoris Saunders,Office Supplies,0.2,9.8658,3,27.216,Central
US-2021-163825,6/16/2020,Lena Creighton,Office Supplies,0.2,1143.891,3,3050.376,East
US-2021-163825,6/16/2020,Lena Creighton,Technology,0,33.495,2,133.98,East
US-2021-167269,6/16/2020,Philip Brown,Office Supplies,0.2,2.1728,2,6.208,East
US-2021-122287,6/18/2020,Skye Norling,Furniture,0.2,20.724,5,75.36,West
US-2021-122287,6/18/2020,Skye Norling,Office Supplies,0.7,-6.104,2,9.156,West
US-2021-122287,6/18/2020,Skye Norling,Office Supplies,0.7,-3.3264,7,4.536,West
US-2021-122287,6/18/2020,Skye Norling,Office Supplies,0.2,4.3326,3,11.952,West
US-2021-133242,6/18/2020,Keith Herrera,Furniture,0,19.4688,3,60.84,South
US-2021-133242,6/18/2020,Keith Herrera,Office Supplies,0,16.608,2,34.6,South
US-2021-133242,6/18/2020,Keith Herrera,Office Supplies,0,15.8496,2,33.02,South
US-2021-133242,6/18/2020,Keith Herrera,Office Supplies,0,58.5052,2,450.04,South
US-2021-133242,6/18/2020,Keith Herrera,Technology,0,140.391,3,467.97,South
US-2021-147011,6/18/2020,Harold Ryan,Office Supplies,0.2,3.5784,4,13.632,South
US-2021-154200,6/18/2020,Bruce Geld,Office Supplies,0,15.0742,2,51.98,West
US-2021-156734,6/18/2020,Benjamin Venier,Furniture,0.2,56.2744,4,643.136,South
US-2021-156734,6/18/2020,Benjamin Venier,Office Supplies,0.7,-4.4946,3,6.129,South
US-2021-156734,6/18/2020,Benjamin Venier,Office Supplies,0.2,7.2576,4,20.736,South
US-2021-111864,6/19/2020,Paul Prost,Office Supplies,0.2,1.9926,2,5.904,East
US-2021-121965,6/19/2020,Logan Haushalter,Furniture,0,4.0192,2,12.56,West
US-2021-121965,6/19/2020,Logan Haushalter,Office Supplies,0,87.7443,3,186.69,West
US-2021-121965,6/19/2020,Logan Haushalter,Office Supplies,0,3.1104,1,6.48,West
US-2021-144302,6/19/2020,Maria Etezadi,Office Supplies,0.8,-9.5568,2,5.792,Central
US-2021-163734,6/19/2020,Katherine Murray,Office Supplies,0.2,14.3075,5,228.92,Central
US-2021-136427,6/20/2020,Justin MacKendrick,Technology,0.2,15.743,7,125.944,West
US-2021-140144,6/20/2020,Stewart Carmichael,Furniture,0,100.4796,6,257.64,West
US-2021-140144,6/20/2020,Stewart Carmichael,Technology,0.2,47.241,3,125.976,West
US-2021-158351,6/20/2020,Becky Castell,Technology,0.2,91.9954,2,319.984,East
US-2021-123330,6/21/2020,Emily Phan,Technology,0.2,37.7916,3,107.976,South
US-2021-124975,6/22/2020,Michael Grace,Furniture,0.5,-525.6405,7,796.425,Central
US-2021-128167,6/22/2020,Ken Lonsdale,Office Supplies,0,2.3312,4,4.96,West
US-2021-153423,6/22/2020,Shaun Weien,Office Supplies,0.2,456.588,2,1217.568,East
US-2021-106187,6/23/2020,Randy Ferguson,Furniture,0,9.3228,3,27.42,South
US-2021-106187,6/23/2020,Randy Ferguson,Office Supplies,0,74.691,1,165.98,South
US-2021-106187,6/23/2020,Randy Ferguson,Technology,0,18,3,75,South
US-2021-122826,6/23/2020,Rick Duston,Technology,0.2,22.6764,4,201.568,West
US-2021-139164,6/23/2020,Christine Sundaresam,Office Supplies,0,1.7919,3,5.43,West
US-2021-139164,6/23/2020,Christine Sundaresam,Technology,0.2,19.0386,2,217.584,West
US-2021-139164,6/23/2020,Christine Sundaresam,Technology,0.2,8.9985,3,143.976,West
US-2021-115945,6/25/2020,Alan Barnes,Office Supplies,0,5.24,2,20.96,West
US-2021-115945,6/25/2020,Alan Barnes,Office Supplies,0.2,27.735,3,88.752,West
US-2021-115945,6/25/2020,Alan Barnes,Office Supplies,0,9.1269,3,304.23,West
US-2021-119690,6/25/2020,Mark Van Huff,Furniture,0.6,-20.7306,9,75.384,Central
US-2021-119690,6/25/2020,Mark Van Huff,Office Supplies,0.8,-1.476,2,0.984,Central
US-2021-119690,6/25/2020,Mark Van Huff,Office Supplies,0.2,1.6704,2,4.608,Central
US-2021-119690,6/25/2020,Mark Van Huff,Office Supplies,0.2,16.1838,3,47.952,Central
US-2021-127110,6/25/2020,Cathy Hwang,Office Supplies,0.2,10.8864,6,31.104,East
US-2021-127110,6/25/2020,Cathy Hwang,Office Supplies,0.2,-17.6076,2,78.256,East
US-2021-137750,6/25/2020,Jill Fjeld,Furniture,0,57.358,5,204.85,West
US-2021-115938,6/26/2020,Sue Ann Reed,Furniture,0,79.9056,3,332.94,South
US-2021-115938,6/26/2020,Sue Ann Reed,Office Supplies,0,21.0896,8,43.04,South
US-2021-115938,6/26/2020,Sue Ann Reed,Office Supplies,0,69.1008,4,143.96,South
US-2021-115938,6/26/2020,Sue Ann Reed,Office Supplies,0,4.1634,1,15.42,South
US-2021-125395,6/26/2020,Laura Armstrong,Technology,0,8.799,2,41.9,Central
US-2021-143882,6/26/2020,Dennis Bolton,Office Supplies,0.2,15.6078,9,43.056,East
US-2021-166583,6/26/2020,Valerie Dominguez,Technology,0.2,109.3365,3,971.88,Central
US-2021-103772,6/28/2020,Mark Packer,Office Supplies,0,42.225,5,140.75,South
US-2021-103772,6/28/2020,Mark Packer,Office Supplies,0,54.9976,2,119.56,South
US-2021-112144,6/28/2020,Craig Yedwab,Furniture,0.2,46.632,4,621.76,West
US-2021-112144,6/28/2020,Craig Yedwab,Office Supplies,0.2,1.9926,2,5.904,West
US-2021-162950,6/28/2020,Dorothy Wardle,Furniture,0.5,-376.6932,6,482.94,East
US-2021-162950,6/28/2020,Dorothy Wardle,Office Supplies,0.2,5.4432,3,15.552,East
US-2021-100069,6/29/2020,Neil Französisch,Technology,0,72.8946,2,269.98,Central
US-2021-128860,6/29/2020,Steven Cartwright,Furniture,0.2,1.7591,1,20.104,East
US-2021-141684,6/29/2020,Michelle Moray,Office Supplies,0,11.232,4,24.96,East
US-2021-165799,6/29/2020,Sheri Gordon,Furniture,0.1,1.3098,1,117.882,East
US-2021-111703,7/2/2020,Karl Braun,Office Supplies,0.2,4.0338,3,11.952,South
US-2021-111703,7/2/2020,Karl Braun,Office Supplies,0.2,5.6376,3,15.552,South
US-2021-120397,7/2/2020,Richard Bierner,Office Supplies,0.8,-85.2384,4,32.784,Central
US-2021-140718,7/2/2020,Frank Atkinson,Furniture,0.2,45.954,10,159.84,South
US-2021-140718,7/2/2020,Frank Atkinson,Office Supplies,0.7,-2.3136,2,2.892,South
US-2021-140718,7/2/2020,Frank Atkinson,Office Supplies,0.2,3.2872,2,9.392,South
US-2021-140718,7/2/2020,Frank Atkinson,Technology,0.2,8.352,1,74.24,South
US-2021-150196,7/2/2020,Steven Roelle,Office Supplies,0,9.3312,3,19.44,East
US-2021-157322,7/2/2020,Rob Haberlin,Furniture,0.3,-92.7996,6,382.116,Central
US-2021-157322,7/2/2020,Rob Haberlin,Furniture,0.3,-5.8346,2,408.422,Central
US-2021-157322,7/2/2020,Rob Haberlin,Office Supplies,0.2,3.7692,2,11.168,Central
US-2021-157322,7/2/2020,Rob Haberlin,Office Supplies,0.2,48.9942,3,435.504,Central
US-2021-157322,7/2/2020,Rob Haberlin,Office Supplies,0.2,6.0025,5,68.6,Central
US-2021-128139,7/3/2020,Bruce Degenhardt,Furniture,0,4.9686,1,70.98,South
US-2021-128139,7/3/2020,Bruce Degenhardt,Office Supplies,0,144.5157,3,294.93,South
US-2021-153500,7/3/2020,Deirdre Greer,Furniture,0.2,-29.4812,2,168.464,East
US-2021-153500,7/3/2020,Deirdre Greer,Furniture,0.2,56.5776,9,282.888,East
US-2021-153500,7/3/2020,Deirdre Greer,Office Supplies,0.2,2.436,2,6.72,East
US-2021-124268,7/4/2020,Alan Dominguez,Office Supplies,0,4.4892,3,15.48,East
US-2021-152513,7/4/2020,Julie Prescott,Office Supplies,0.2,7.4256,2,22.848,West
US-2021-154956,7/4/2020,Irene Maddox,Technology,0,285.9896,4,1099.96,Central
US-2021-116750,7/5/2020,Barbara Fisher,Furniture,0.2,0.7392,2,4.928,South
US-2021-116750,7/5/2020,Barbara Fisher,Office Supplies,0.7,-5.784,5,7.23,South
US-2021-130610,7/5/2020,Victor Preis,Office Supplies,0,8.93,5,19,Central
US-2021-158911,7/5/2020,Roland Schwarz,Furniture,0.2,0.7392,2,4.928,South
US-2021-158911,7/5/2020,Roland Schwarz,Office Supplies,0.2,4.2717,3,11.784,South
US-2021-164336,7/5/2020,Mitch Webber,Office Supplies,0.2,-2.436,3,38.976,East
US-2021-164336,7/5/2020,Mitch Webber,Technology,0.2,2.175,3,34.8,East
US-2021-108665,7/6/2020,Kalyca Meade,Furniture,0,63.8862,3,155.82,East
US-2021-108665,7/6/2020,Kalyca Meade,Furniture,0,6.7008,2,13.96,East
US-2021-108665,7/6/2020,Kalyca Meade,Office Supplies,0,156.429,5,601.65,East
US-2021-108665,7/6/2020,Kalyca Meade,Technology,0,2.499,5,124.95,East
US-2021-116260,7/6/2020,Barbara Fisher,Office Supplies,0,2.8912,4,11.12,East
US-2021-146087,7/6/2020,Paul Prost,Furniture,0,60.392,2,301.96,East
US-2021-161627,7/6/2020,Sarah Jordon,Furniture,0.2,-17.0352,3,170.352,West
US-2021-129392,7/8/2020,Darrin Martin,Office Supplies,0.2,6.6,5,21.12,Central
US-2021-111094,7/9/2020,Claudia Bergmann,Office Supplies,0,59.0112,3,122.94,East
US-2021-111094,7/9/2020,Claudia Bergmann,Office Supplies,0,3.0268,2,6.58,East
US-2021-123456,7/9/2020,Kean Nguyen,Office Supplies,0.8,-121.58,2,48.632,Central
US-2021-132626,7/9/2020,Brian Thompson,Furniture,0,20.0156,2,181.96,East
US-2021-132626,7/9/2020,Brian Thompson,Office Supplies,0,32.5376,4,79.36,East
US-2021-132626,7/9/2020,Brian Thompson,Office Supplies,0,21.4032,6,43.68,East
US-2021-132626,7/9/2020,Brian Thompson,Office Supplies,0,42.045,3,84.09,East
US-2021-132626,7/9/2020,Brian Thompson,Office Supplies,0,70.5456,9,153.36,East
US-2021-132626,7/9/2020,Brian Thompson,Office Supplies,0,5.056,4,15.8,East
US-2021-132626,7/9/2020,Brian Thompson,Office Supplies,0,5.6994,3,12.39,East
US-2021-132626,7/9/2020,Brian Thompson,Office Supplies,0,28.4809,7,98.21,East
US-2021-132626,7/9/2020,Brian Thompson,Technology,0,209.2365,3,464.97,East
US-2021-135314,7/9/2020,Matt Collins,Technology,0.4,40.4973,3,269.982,East
US-2021-153626,7/9/2020,Emily Burns,Office Supplies,0.2,0.8385,3,5.16,South
US-2021-107020,7/10/2020,Mike Vittorini,Office Supplies,0.2,12.974,2,39.92,West
US-2021-149384,7/10/2020,Eric Hoffmann,Office Supplies,0.7,-2.244,3,3.366,West
US-2021-136469,7/11/2020,Todd Sumrall,Furniture,0.3,-37.1124,4,199.836,East
US-2021-136469,7/11/2020,Todd Sumrall,Office Supplies,0,103.8982,7,221.06,East
US-2021-136469,7/11/2020,Todd Sumrall,Technology,0,193.32,2,716,East
US-2021-142237,7/11/2020,Clytie Kelty,Furniture,0.3,-73.176,8,341.488,East
US-2021-142237,7/11/2020,Clytie Kelty,Furniture,0.2,3.4848,6,25.344,East
US-2021-142237,7/11/2020,Clytie Kelty,Furniture,0.2,36.225,7,289.8,East
US-2021-142237,7/11/2020,Clytie Kelty,Office Supplies,0.2,0.834,5,11.12,East
US-2021-142237,7/11/2020,Clytie Kelty,Office Supplies,0.7,-4.752,4,6.48,East
US-2021-142237,7/11/2020,Clytie Kelty,Office Supplies,0.7,-2.0016,3,2.502,East
US-2021-142419,7/11/2020,Shahid Collister,Office Supplies,0.2,34.4232,3,98.352,West
US-2021-142419,7/11/2020,Shahid Collister,Office Supplies,0,13.4865,3,29.97,West
US-2021-112711,7/12/2020,Fred McMath,Technology,0.2,30.7168,4,307.168,Central
US-2021-126557,7/12/2020,Rob Lucas,Furniture,0.3,-5.4801,9,383.607,Central
US-2021-126557,7/12/2020,Rob Lucas,Furniture,0.6,-2.134,1,7.76,Central
US-2021-126557,7/12/2020,Rob Lucas,Office Supplies,0.2,0.6912,3,6.912,Central
US-2021-126557,7/12/2020,Rob Lucas,Office Supplies,0.8,-2.9884,2,1.928,Central
US-2021-126557,7/12/2020,Rob Lucas,Technology,0.2,53.7544,7,537.544,Central
US-2021-126557,7/12/2020,Rob Lucas,Technology,0.2,16.704,2,148.48,Central
US-2021-126557,7/12/2020,Rob Lucas,Technology,0.2,49.4376,4,659.168,Central
US-2021-107349,7/13/2020,Sara Luxemburg,Office Supplies,0.8,-66.5088,6,41.568,Central
US-2021-114069,7/13/2020,Natalie DeCherney,Furniture,0.1,321.84,9,1931.04,East
US-2021-114069,7/13/2020,Natalie DeCherney,Office Supplies,0.2,4.2804,2,11.808,East
US-2021-114069,7/13/2020,Natalie DeCherney,Office Supplies,0,4.6812,2,9.96,East
US-2021-140851,7/13/2020,Neil Ducich,Office Supplies,0,18.6624,6,38.88,South
US-2021-143364,7/14/2020,Toby Gnade,Furniture,0.7,-191.646,6,127.764,West
US-2021-143364,7/14/2020,Toby Gnade,Furniture,0.2,49.716,2,441.92,West
US-2021-143364,7/14/2020,Toby Gnade,Office Supplies,0.2,6.7048,4,18.496,West
US-2021-143364,7/14/2020,Toby Gnade,Office Supplies,0.2,-64.7748,3,272.736,West
US-2021-113404,7/16/2020,Eleni McCrary,Furniture,0.2,-219.1644,6,1348.704,West
US-2021-113404,7/16/2020,Eleni McCrary,Furniture,0.2,78.7671,3,700.152,West
US-2021-146948,7/16/2020,Michael Granlund,Furniture,0,43.7842,1,150.98,East
US-2021-146948,7/16/2020,Michael Granlund,Office Supplies,0,63.135,9,137.25,East
US-2021-146948,7/16/2020,Michael Granlund,Office Supplies,0,5.4144,4,11.52,East
US-2021-166520,7/16/2020,Katrina Edelman,Office Supplies,0,39.6312,3,80.88,East
US-2021-166520,7/16/2020,Katrina Edelman,Technology,0,191.968,10,599.9,East
US-2021-121132,7/17/2020,Victoria Brennan,Office Supplies,0.2,3.4276,4,14.432,Central
US-2021-121132,7/17/2020,Victoria Brennan,Office Supplies,0.2,2.0358,3,6.264,Central
US-2021-138534,7/17/2020,Jessica Myrick,Furniture,0.15,-13.7976,2,195.466,West
US-2021-149629,7/17/2020,Michael Paige,Furniture,0.2,5.798,5,231.92,South
US-2021-111206,7/18/2020,Roland Fjeld,Technology,0,176.7864,4,519.96,West
US-2021-122973,7/18/2020,Pauline Johnson,Furniture,0,2.1402,1,7.38,East
US-2021-122973,7/18/2020,Pauline Johnson,Office Supplies,0.2,1.2064,2,3.328,East
US-2021-122973,7/18/2020,Pauline Johnson,Technology,0,36.7173,1,135.99,East
US-2021-159590,7/18/2020,Karen Carlisle,Office Supplies,0,1.6128,2,5.76,East
US-2021-160150,7/19/2020,Thais Sissman,Office Supplies,0.7,-1.35,1,2.025,West
US-2021-122784,7/20/2020,Russell Applegate,Furniture,0.3,-52.196,5,913.43,Central
US-2021-122784,7/20/2020,Russell Applegate,Furniture,0.3,-126.4816,4,384.944,Central
US-2021-122784,7/20/2020,Russell Applegate,Office Supplies,0.8,-4.464,5,2.88,Central
US-2021-122784,7/20/2020,Russell Applegate,Technology,0.2,13.4386,2,153.584,Central
US-2021-160472,7/20/2020,Ralph Kennedy,Office Supplies,0,49.105,7,106.75,Central
US-2021-160472,7/20/2020,Ralph Kennedy,Office Supplies,0,11.88,5,26.4,Central
US-2021-160472,7/20/2020,Ralph Kennedy,Office Supplies,0,45.9754,2,97.82,Central
US-2021-160472,7/20/2020,Ralph Kennedy,Office Supplies,0,9.7328,1,34.76,Central
US-2021-160472,7/20/2020,Ralph Kennedy,Office Supplies,0,38.178,5,141.4,Central
US-2021-160472,7/20/2020,Ralph Kennedy,Technology,0,124.68,5,831.2,Central
US-2021-120810,7/23/2020,Tracy Hopkins,Furniture,0,50.2398,3,128.82,East
US-2021-120810,7/23/2020,Tracy Hopkins,Office Supplies,0,20.682,3,68.94,East
US-2021-124044,7/23/2020,Melanie Seite,Office Supplies,0.2,3.6792,3,10.512,East
US-2021-103135,7/24/2020,Shirley Schmidt,Furniture,0,6.0726,3,20.94,South
US-2021-103135,7/24/2020,Shirley Schmidt,Office Supplies,0,62.1414,9,135.09,South
US-2021-103135,7/24/2020,Shirley Schmidt,Office Supplies,0,41.4276,6,90.06,South
US-2021-103135,7/24/2020,Shirley Schmidt,Technology,0,64.3678,14,279.86,South
US-2021-139248,7/25/2020,Russell D'Ascenzo,Technology,0.2,38.9975,5,623.96,West
US-2021-148635,7/25/2020,Michelle Huthwaite,Furniture,0,56.392,5,704.9,West
US-2021-148635,7/25/2020,Michelle Huthwaite,Furniture,0.2,28.0784,2,561.568,West
US-2021-148635,7/25/2020,Michelle Huthwaite,Office Supplies,0,0.471,2,9.42,West
US-2021-148635,7/25/2020,Michelle Huthwaite,Office Supplies,0,6.2208,2,12.96,West
US-2021-150161,7/25/2020,Ross Baird,Office Supplies,0.7,-18.4624,4,25.176,East
US-2021-154291,7/25/2020,Yana Sorensen,Furniture,0,39.4438,2,358.58,South
US-2021-154291,7/25/2020,Yana Sorensen,Office Supplies,0,49.23,9,98.46,South
US-2021-127754,7/26/2020,Cyma Kinney,Furniture,0.2,13.3176,3,266.352,West
US-2021-136735,7/26/2020,Helen Andreada,Office Supplies,0,78.8942,2,167.86,West
US-2021-140200,7/26/2020,Cynthia Arntzen,Furniture,0.5,-204.4458,3,393.165,West
US-2021-143700,7/26/2020,Alan Shonely,Office Supplies,0.2,3.6288,2,10.368,East
US-2021-148180,7/26/2020,Bart Pistole,Office Supplies,0,25.792,5,99.2,West
US-2021-148180,7/26/2020,Bart Pistole,Office Supplies,0.2,3.0861,3,9.144,West
US-2021-148180,7/26/2020,Bart Pistole,Office Supplies,0.2,8.3868,6,23.136,West
US-2021-129553,7/27/2020,Patrick Gardner,Technology,0,0.2997,3,29.97,South
US-2021-132507,7/30/2020,Corey Catlett,Office Supplies,0.2,6.1792,4,61.792,Central
US-2021-155334,7/30/2020,Helen Andreada,Furniture,0,2.3232,3,5.28,West
US-2021-155334,7/30/2020,Helen Andreada,Office Supplies,0.2,4.095,3,10.92,West
US-2021-155334,7/30/2020,Helen Andreada,Technology,0,92.3692,7,209.93,West
US-2021-164966,7/30/2020,Gary Hansen,Furniture,0,38.97,6,155.88,Central
US-2021-111017,7/31/2020,Steve Chapman,Office Supplies,0,15.777,3,52.59,Central
US-2021-124891,7/31/2020,Rick Hansen,Furniture,0.4,-290.8752,7,1090.782,East
US-2021-124891,7/31/2020,Rick Hansen,Office Supplies,0,9.3312,3,19.44,East
US-2021-124891,7/31/2020,Rick Hansen,Technology,0,762.1845,7,2309.65,East
US-2021-164427,7/31/2020,Allen Rosenblatt,Technology,0,105.468,6,239.7,South
US-2021-153388,8/1/2020,Pauline Chand,Furniture,0.2,-175.8708,6,1004.976,West
US-2021-153388,8/1/2020,Pauline Chand,Office Supplies,0,3.36,4,6.72,West
US-2021-112767,8/2/2020,Darren Koutras,Furniture,0.5,-188.7,4,277.5,West
US-2021-122406,8/2/2020,Brad Eason,Furniture,0,15.5372,1,110.98,East
US-2021-122406,8/2/2020,Brad Eason,Office Supplies,0,4.116,2,8.4,East
US-2021-122406,8/2/2020,Brad Eason,Technology,0,83.9916,2,199.98,East
US-2021-122406,8/2/2020,Brad Eason,Technology,0,3.8655,3,128.85,East
US-2021-147501,8/2/2020,Corey-Lock,Office Supplies,0.2,2.1492,2,6.368,West
US-2021-147501,8/2/2020,Corey-Lock,Technology,0.2,41.88,2,558.4,West
US-2021-112214,8/5/2020,Anna Häberlin,Furniture,0.6,-11.439,5,14.76,Central
US-2021-112214,8/5/2020,Anna Häberlin,Office Supplies,0.8,-2.1792,1,1.362,Central
US-2021-112214,8/5/2020,Anna Häberlin,Office Supplies,0.2,-1.2558,7,33.488,Central
US-2021-112214,8/5/2020,Anna Häberlin,Office Supplies,0.2,-4.896,3,23.04,Central
US-2021-135251,8/6/2020,Rachel Payne,Furniture,0.32,-114.0174,3,369.1992,Central
US-2021-135251,8/6/2020,Rachel Payne,Office Supplies,0.8,-9.6565,5,6.23,Central
US-2021-135251,8/6/2020,Rachel Payne,Office Supplies,0.2,13.32,3,35.52,Central
US-2021-135251,8/6/2020,Rachel Payne,Office Supplies,0.2,19.1376,2,56.704,Central
US-2021-160794,8/6/2020,Michael Stewart,Office Supplies,0.2,9.8658,3,27.216,Central
US-2021-117492,8/7/2020,Noel Staavos,Office Supplies,0,20.1708,9,77.58,East
US-2021-124219,8/7/2020,Kelly Williams,Furniture,0,34.0704,3,212.94,Central
US-2021-124219,8/7/2020,Kelly Williams,Office Supplies,0,13.064,4,28.4,Central
US-2021-138331,8/7/2020,Jim Karlsson,Office Supplies,0.2,10.68,10,106.8,East
US-2021-141936,8/7/2020,Parhena Norris,Office Supplies,0.2,6.4638,3,19.152,West
US-2021-163237,8/7/2020,Eudokia Martin,Office Supplies,0,11.7782,2,25.06,South
US-2021-163237,8/7/2020,Eudokia Martin,Technology,0,148.491,3,494.97,South
US-2021-163895,8/7/2020,Noel Staavos,Office Supplies,0.2,1.1151,1,3.304,West
US-2021-127544,8/8/2020,Rob Dowd,Technology,0,28.7964,1,79.99,East
US-2021-129322,8/8/2020,Denny Blanton,Office Supplies,0,33.0368,2,113.92,East
US-2021-129322,8/8/2020,Denny Blanton,Office Supplies,0,11.898,2,39.66,East
US-2021-129322,8/8/2020,Denny Blanton,Office Supplies,0,210.4942,7,447.86,East
US-2021-168564,8/8/2020,Thomas Thornton,Furniture,0.2,10.8588,1,144.784,West
US-2021-168564,8/8/2020,Thomas Thornton,Office Supplies,0.2,2.73,2,7.28,West
US-2021-168564,8/8/2020,Thomas Thornton,Office Supplies,0.2,2.2302,2,6.608,West
US-2021-103954,8/9/2020,Hallie Redmond,Furniture,0,48.118,5,687.4,Central
US-2021-128013,8/9/2020,Monica Federle,Furniture,0,4.4088,3,10.02,East
US-2021-128013,8/9/2020,Monica Federle,Office Supplies,0,69.1776,3,144.12,East
US-2021-131338,8/9/2020,Naresj Patel,Furniture,0,2.9568,2,6.16,East
US-2021-131338,8/9/2020,Naresj Patel,Furniture,0,18.3456,3,47.04,East
US-2021-131338,8/9/2020,Naresj Patel,Furniture,0.4,-153.1224,9,382.806,East
US-2021-131338,8/9/2020,Naresj Patel,Office Supplies,0.2,456.588,2,1217.568,East
US-2021-131338,8/9/2020,Naresj Patel,Office Supplies,0,5.0055,3,10.65,East
US-2021-131338,8/9/2020,Naresj Patel,Office Supplies,0,68.976,3,143.7,East
US-2021-131338,8/9/2020,Naresj Patel,Office Supplies,0,2.9372,2,41.96,East
US-2021-131338,8/9/2020,Naresj Patel,Technology,0,34.692,4,247.8,East
US-2021-131338,8/9/2020,Naresj Patel,Technology,0,274.386,5,979.95,East
US-2021-131338,8/9/2020,Naresj Patel,Technology,0,89.3142,2,307.98,East
US-2021-155453,8/9/2020,Ruben Ausman,Office Supplies,0.2,1.6704,2,4.608,South
US-2021-163055,8/9/2020,David Smith,Furniture,0,136.939,5,622.45,Central
US-2021-163055,8/9/2020,David Smith,Office Supplies,0,0.968,1,2.2,Central
US-2021-163055,8/9/2020,David Smith,Office Supplies,0,0.2198,1,21.98,Central
US-2021-121699,8/10/2020,Bill Donatelli,Office Supplies,0,29.1375,5,64.75,Central
US-2021-130022,8/10/2020,Julie Kriz,Office Supplies,0,12.5118,3,29.79,Central
US-2021-130022,8/10/2020,Julie Kriz,Office Supplies,0,19.872,4,41.4,Central
US-2021-130022,8/10/2020,Julie Kriz,Office Supplies,0,1.8,1,3.75,Central
US-2021-156496,8/10/2020,William Brown,Office Supplies,0.2,15.0156,4,133.472,West
US-2021-156496,8/10/2020,William Brown,Technology,0.2,38.3572,4,438.368,West
US-2021-156496,8/10/2020,William Brown,Technology,0.2,-31.4874,7,139.944,West
US-2021-119634,8/11/2020,Barry Weirich,Furniture,0.2,12.1149,3,46.152,South
US-2021-156797,8/11/2020,Philisse Overcash,Office Supplies,0,3.1096,2,11.96,East
US-2021-156797,8/11/2020,Philisse Overcash,Technology,0,34.5,2,138,East
US-2021-112014,8/13/2020,Odella Nelson,Office Supplies,0,13.208,5,50.8,West
US-2021-120516,8/13/2020,Clytie Kelty,Office Supplies,0,2.7072,3,5.64,South
US-2021-133396,8/13/2020,Grace Kelly,Office Supplies,0.2,8.085,7,64.68,South
US-2021-148495,8/13/2020,Sandra Flanagan,Furniture,0,10.4148,3,31.56,West
US-2021-150441,8/13/2020,Ralph Arnett,Office Supplies,0,5.5664,4,11.36,Central
US-2021-169656,8/13/2020,Ed Jacobs,Office Supplies,0.2,15.8571,3,422.856,East
US-2021-142454,8/15/2020,Richard Eichhorn,Furniture,0,28.1421,7,104.23,West
US-2021-142454,8/15/2020,Richard Eichhorn,Office Supplies,0,18.9702,3,70.26,West
US-2021-162369,8/15/2020,Tim Taslimi,Office Supplies,0,61.389,2,323.1,West
US-2021-126753,8/16/2020,Sung Pak,Furniture,0.2,0,3,254.352,East
US-2021-126753,8/16/2020,Sung Pak,Office Supplies,0.7,-2.7588,3,3.762,East
US-2021-126753,8/16/2020,Sung Pak,Office Supplies,0.7,-1.9068,2,2.724,East
US-2021-126753,8/16/2020,Sung Pak,Office Supplies,0.2,3.21,3,10.272,East
US-2021-126753,8/16/2020,Sung Pak,Office Supplies,0.2,3.6288,2,10.368,East
US-2021-126753,8/16/2020,Sung Pak,Technology,0.2,-5.4558,3,31.176,East
US-2021-126753,8/16/2020,Sung Pak,Technology,0.4,-112.6216,4,519.792,East
US-2021-128090,8/16/2020,John Murray,Office Supplies,0.2,0.2592,1,2.304,West
US-2021-128090,8/16/2020,John Murray,Office Supplies,0.2,1.764,2,5.04,West
US-2021-128090,8/16/2020,John Murray,Office Supplies,0.2,105.6456,8,313.024,West
US-2021-128090,8/16/2020,John Murray,Technology,0.2,211.4955,5,1879.96,West
US-2021-164238,8/16/2020,Joni Wasserman,Furniture,0.5,-204.9996,3,301.47,East
US-2021-164238,8/16/2020,Joni Wasserman,Office Supplies,0.2,3.3516,7,44.688,East
US-2021-111297,8/17/2020,Shaun Chance,Office Supplies,0,23.49,9,52.2,East
US-2021-119627,8/17/2020,Steven Cartwright,Office Supplies,0.2,1.1556,3,10.272,West
US-2021-119627,8/17/2020,Steven Cartwright,Office Supplies,0.2,12.7008,7,36.288,West
US-2021-119627,8/17/2020,Steven Cartwright,Technology,0.2,-31.6,4,252.8,West
US-2021-119627,8/17/2020,Steven Cartwright,Technology,0.2,-5.264,2,30.08,West
US-2021-122168,8/21/2020,Henry Goldwyn,Office Supplies,0,10.0128,12,35.76,South
US-2021-122168,8/21/2020,Henry Goldwyn,Office Supplies,0,8.2344,3,17.52,South
US-2021-130456,8/21/2020,David Smith,Furniture,0.15,34.494,6,586.398,West
US-2021-130456,8/21/2020,David Smith,Office Supplies,0,3.2392,1,80.98,West
US-2021-130512,8/21/2020,Sean Miller,Office Supplies,0.7,-82.99,2,99.588,East
US-2021-130512,8/21/2020,Sean Miller,Office Supplies,0.2,15.49,2,49.568,East
US-2021-130512,8/21/2020,Sean Miller,Office Supplies,0.2,-165.768,6,663.072,East
US-2021-130512,8/21/2020,Sean Miller,Office Supplies,0.2,-0.6976,2,3.488,East
US-2021-130512,8/21/2020,Sean Miller,Technology,0.2,3.8024,4,21.728,East
US-2021-144267,8/21/2020,Nick Zandusky,Furniture,0.2,40.8006,3,544.008,West
US-2021-144267,8/21/2020,Nick Zandusky,Office Supplies,0,28.1718,3,59.94,West
US-2021-144267,8/21/2020,Nick Zandusky,Office Supplies,0,11.7208,4,23.92,West
US-2021-144267,8/21/2020,Nick Zandusky,Office Supplies,0,1.926,1,4.28,West
US-2021-154823,8/21/2020,Katherine Nockton,Furniture,0.3,-42.747,3,598.458,East
US-2021-154823,8/21/2020,Katherine Nockton,Furniture,0.2,-3.8976,1,25.984,East
US-2021-154823,8/21/2020,Katherine Nockton,Office Supplies,0.7,-8.9796,2,12.828,East
US-2021-129854,8/22/2020,Roger Barcio,Office Supplies,0,7.5992,4,16.52,East
US-2021-132080,8/22/2020,Dave Poirier,Office Supplies,0.2,16.2864,6,50.112,East
US-2021-114468,8/23/2020,Tamara Dahlen,Office Supplies,0.8,-13.5548,2,5.768,Central
US-2021-114468,8/23/2020,Tamara Dahlen,Office Supplies,0.2,2.256,8,12.032,Central
US-2021-114468,8/23/2020,Tamara Dahlen,Office Supplies,0.2,3.6288,2,10.368,Central
US-2021-114468,8/23/2020,Tamara Dahlen,Office Supplies,0.2,2.772,4,31.68,Central
US-2021-165624,8/23/2020,Fred Harton,Office Supplies,0,152.0232,3,542.94,South
US-2021-165624,8/23/2020,Fred Harton,Office Supplies,0,6.7236,3,25.86,South
US-2021-165624,8/23/2020,Fred Harton,Office Supplies,0,4.2336,3,8.64,South
US-2021-165624,8/23/2020,Fred Harton,Office Supplies,0,94.962,5,193.8,South
US-2021-165624,8/23/2020,Fred Harton,Office Supplies,0,48.94,2,97.88,South
US-2021-165624,8/23/2020,Fred Harton,Office Supplies,0,9.63,5,21.4,South
US-2021-165624,8/23/2020,Fred Harton,Technology,0,47.8629,9,251.91,South
US-2021-102491,8/24/2020,Katrina Willman,Technology,0,18.3908,4,79.96,South
US-2021-102491,8/24/2020,Katrina Willman,Technology,0,1416.8,7,3080,South
US-2021-102491,8/24/2020,Katrina Willman,Technology,0,170.5113,3,587.97,South
US-2021-113740,8/24/2020,Shahid Collister,Furniture,0,4.6221,3,14.91,East
US-2021-123939,8/24/2020,Maurice Satty,Office Supplies,0.2,2.5056,3,6.912,East
US-2021-123939,8/24/2020,Maurice Satty,Office Supplies,0.2,48.9942,3,435.504,East
US-2021-123939,8/24/2020,Maurice Satty,Technology,0.4,4.0473,3,26.982,East
US-2021-139584,8/24/2020,Eleni McCrary,Furniture,0.4,-75.8304,2,284.364,East
US-2021-139584,8/24/2020,Eleni McCrary,Technology,0,11.7,2,26,East
US-2021-146563,8/24/2020,Cassandra Brandow,Furniture,0.3,-118.1295,5,918.785,Central
US-2021-146563,8/24/2020,Cassandra Brandow,Office Supplies,0.8,-4.2222,3,2.724,Central
US-2021-146563,8/24/2020,Cassandra Brandow,Office Supplies,0.2,124.929,7,999.432,Central
US-2021-146563,8/24/2020,Cassandra Brandow,Office Supplies,0.2,-135.765,14,724.08,Central
US-2021-169299,8/24/2020,Denny Ordway,Office Supplies,0.2,0.7152,3,7.152,West
US-2021-139759,8/25/2020,Nancy Lomonaco,Furniture,0.2,4.5882,1,40.784,West
US-2021-139759,8/25/2020,Nancy Lomonaco,Office Supplies,0,29.6688,4,105.96,West
US-2021-168809,8/25/2020,Mick Crebagga,Furniture,0.6,-16.5858,2,20.104,Central
US-2021-168809,8/25/2020,Mick Crebagga,Furniture,0.6,-3.94,5,7.88,Central
US-2021-168809,8/25/2020,Mick Crebagga,Office Supplies,0.8,-6.0768,1,3.798,Central
US-2021-101707,8/27/2020,Philip Fox,Office Supplies,0,1.4784,1,3.08,West
US-2021-101707,8/27/2020,Philip Fox,Office Supplies,0,52.532,5,114.2,West
US-2021-101707,8/27/2020,Philip Fox,Office Supplies,0,9.2232,3,32.94,West
US-2021-113040,8/27/2020,Chad Cunningham,Office Supplies,0.2,1.6588,1,5.104,West
US-2021-126445,8/27/2020,Ryan Akin,Office Supplies,0,92.0835,3,484.65,West
US-2021-100377,8/28/2020,Todd Sumrall,Technology,0.2,874.9875,5,2799.96,Central
US-2021-107902,8/28/2020,Suzanne McNair,Office Supplies,0,122.2936,11,470.36,East
US-2021-121188,8/28/2020,Cassandra Brandow,Furniture,0.15,28.9568,2,307.666,West
US-2021-121188,8/28/2020,Cassandra Brandow,Furniture,0,1.7472,2,4.16,West
US-2021-121188,8/28/2020,Cassandra Brandow,Office Supplies,0.2,13.959,5,41.36,West
US-2021-121188,8/28/2020,Cassandra Brandow,Office Supplies,0,29.1528,9,728.82,West
US-2021-121188,8/28/2020,Cassandra Brandow,Office Supplies,0,267.705,5,892.35,West
US-2021-121188,8/28/2020,Cassandra Brandow,Technology,0.2,15.1116,3,43.176,West
US-2021-166219,8/28/2020,Ben Peterman,Furniture,0.3,-16.2613,1,103.481,Central
US-2021-166219,8/28/2020,Ben Peterman,Technology,0.2,82.497,5,1099.96,Central
US-2021-108532,8/29/2020,Chad Cunningham,Technology,0,11.452,7,114.52,Central
US-2021-108532,8/29/2020,Chad Cunningham,Technology,0,35.6346,2,131.98,Central
US-2021-111514,8/31/2020,Scott Cohen,Furniture,0.15,200.9546,7,1552.831,West
US-2021-111514,8/31/2020,Scott Cohen,Office Supplies,0.2,46.3185,5,137.24,West
US-2021-111514,8/31/2020,Scott Cohen,Technology,0,15.6993,1,36.51,West
US-2021-111514,8/31/2020,Scott Cohen,Technology,0.2,80.9919,3,239.976,West
US-2021-112319,8/31/2020,Andrew Roberts,Office Supplies,0,27.9936,9,58.32,West
US-2021-142139,8/31/2020,Shirley Daniels,Office Supplies,0.2,6.812,4,20.96,Central
US-2021-157805,8/31/2020,Rick Huthwaite,Technology,0.2,41.697,5,555.96,West
US-2021-104626,9/1/2020,Daniel Raglin,Furniture,0,15.185,1,60.74,East
US-2021-104626,9/1/2020,Daniel Raglin,Furniture,0,27.3592,2,124.36,East
US-2021-104626,9/1/2020,Daniel Raglin,Office Supplies,0,51.57,5,114.6,East
US-2021-104626,9/1/2020,Daniel Raglin,Office Supplies,0,315.7404,6,1088.76,East
US-2021-137946,9/1/2020,Doug Bickford,Office Supplies,0.2,1.6038,1,4.752,West
US-2021-137946,9/1/2020,Doug Bickford,Office Supplies,0.2,4.49,4,14.368,West
US-2021-137946,9/1/2020,Doug Bickford,Technology,0.2,335.9944,2,959.984,West
US-2021-104185,9/3/2020,Jennifer Braxton,Office Supplies,0,31.2858,1,120.33,East
US-2021-113215,9/3/2020,Cathy Prescott,Furniture,0.2,89.307,3,238.152,West
US-2021-121608,9/3/2020,Jennifer Braxton,Office Supplies,0,60.5528,2,137.62,East
US-2021-121608,9/3/2020,Jennifer Braxton,Technology,0,25.1225,1,100.49,East
US-2021-130204,9/3/2020,David Bremer,Office Supplies,0,8.4888,3,31.44,West
US-2021-130204,9/3/2020,David Bremer,Technology,0,3.401,2,17.9,West
US-2021-130204,9/3/2020,David Bremer,Technology,0,46.602,5,129.45,West
US-2021-138303,9/3/2020,Mike Gockenbach,Office Supplies,0.2,19.692,6,52.512,East
US-2021-138303,9/3/2020,Mike Gockenbach,Office Supplies,0.2,-7.2672,3,36.336,East
US-2021-138303,9/3/2020,Mike Gockenbach,Office Supplies,0.2,-149.9058,1,666.248,East
US-2021-146745,9/3/2020,Ann Steele,Furniture,0.2,-12.9568,2,129.568,West
US-2021-146745,9/3/2020,Ann Steele,Office Supplies,0.2,2.1492,2,6.368,West
US-2021-149734,9/3/2020,Julie Creighton,Office Supplies,0.2,62.8075,7,200.984,South
US-2021-169537,9/3/2020,John Huston,Office Supplies,0,3.6,2,7.5,Central
US-2021-101924,9/4/2020,Ken Black,Office Supplies,0.7,-6.8334,2,9.762,West
US-2021-113523,9/4/2020,Shaun Chance,Office Supplies,0.7,-6.1248,4,7.656,East
US-2021-142755,9/4/2020,Christine Sundaresam,Office Supplies,0,7.4872,2,15.28,South
US-2021-142755,9/4/2020,Christine Sundaresam,Office Supplies,0,2.0492,2,4.36,South
US-2021-142755,9/4/2020,Christine Sundaresam,Office Supplies,0,137.151,5,279.9,South
US-2021-142755,9/4/2020,Christine Sundaresam,Technology,0,111.591,5,619.95,South
US-2021-159863,9/4/2020,David Smith,Technology,0.2,6.7188,3,134.376,Central
US-2021-105158,9/5/2020,Sung Pak,Furniture,0,2.9568,2,6.16,Central
US-2021-105158,9/5/2020,Sung Pak,Office Supplies,0,17.3148,3,36.84,Central
US-2021-130785,9/5/2020,Arthur Gainer,Furniture,0.15,-4.8392,4,411.332,West
US-2021-130785,9/5/2020,Arthur Gainer,Furniture,0.15,-20.6964,3,293.199,West
US-2021-130785,9/5/2020,Arthur Gainer,Office Supplies,0.2,9.7038,6,28.752,West
US-2021-135510,9/5/2020,Tamara Willingham,Furniture,0,12.2328,4,67.96,South
US-2021-162621,9/5/2020,Cathy Armstrong,Office Supplies,0.8,-25.2185,5,16.27,Central
US-2021-162621,9/5/2020,Cathy Armstrong,Office Supplies,0.8,-7.8225,3,4.47,Central
US-2021-162621,9/5/2020,Cathy Armstrong,Office Supplies,0.2,-14.688,9,69.12,Central
US-2021-109015,9/6/2020,Brendan Sweed,Office Supplies,0,2.0975,1,8.39,East
US-2021-109015,9/6/2020,Brendan Sweed,Technology,0,101.394,2,337.98,East
US-2021-133977,9/6/2020,Alyssa Tate,Office Supplies,0.7,-2.5256,1,3.444,South
US-2021-138002,9/6/2020,Beth Thompson,Furniture,0,74.8098,3,191.82,West
US-2021-138002,9/6/2020,Beth Thompson,Office Supplies,0.2,2.1336,2,6.096,West
US-2021-143238,9/6/2020,Lori Olson,Technology,0,18.0648,4,46.32,West
US-2021-150791,9/6/2020,Chuck Clark,Furniture,0.1,60.392,2,271.764,East
US-2021-151435,9/6/2020,Shaun Weien,Furniture,0,22.3548,1,85.98,South
US-2021-160696,9/6/2020,Cyma Kinney,Office Supplies,0.2,1.1765,5,7.24,South
US-2021-169572,9/6/2020,Andy Gerbode,Office Supplies,0,21.4452,9,46.62,South
US-2021-102876,9/7/2020,Lisa Ryan,Office Supplies,0.7,-3.9384,3,4.923,East
US-2021-102876,9/7/2020,Lisa Ryan,Office Supplies,0.7,-6.9828,1,9.522,East
US-2021-102876,9/7/2020,Lisa Ryan,Technology,0.4,-131.994,6,791.964,East
US-2021-105599,9/7/2020,Marc Crier,Furniture,0.4,-14.1639,3,27.414,East
US-2021-105599,9/7/2020,Marc Crier,Office Supplies,0,0.2792,2,13.96,East
US-2021-110744,9/7/2020,Helen Andreada,Office Supplies,0,20.1579,7,671.93,West
US-2021-122623,9/7/2020,Charles Crestani,Furniture,0.3,-2.0364,2,47.516,Central
US-2021-140557,9/7/2020,Tanja Norvell,Technology,0,167.979,7,559.93,East
US-2021-161445,9/7/2020,Corey Catlett,Office Supplies,0.2,12.3144,4,140.736,South
US-2021-164084,9/7/2020,Andy Gerbode,Furniture,0.4,-120.294,2,481.176,East
US-2021-164084,9/7/2020,Andy Gerbode,Office Supplies,0.2,2.0574,2,6.096,East
US-2021-164084,9/7/2020,Andy Gerbode,Office Supplies,0,2.3892,4,7.24,East
US-2021-164084,9/7/2020,Andy Gerbode,Office Supplies,0,18.9702,3,70.26,East
US-2021-164084,9/7/2020,Andy Gerbode,Technology,0,16.2,5,90,East
US-2021-151624,9/8/2020,Victoria Wilson,Furniture,0,8.1168,8,21.36,South
US-2021-162166,9/8/2020,Neoma Murray,Office Supplies,0,11.88,5,26.4,West
US-2021-162166,9/8/2020,Neoma Murray,Office Supplies,0,0.8376,6,41.88,West
US-2021-108672,9/10/2020,Frank Atkinson,Furniture,0,33.0708,6,106.68,West
US-2021-117772,9/10/2020,Matt Collins,Office Supplies,0,17.694,6,353.88,West
US-2021-132906,9/10/2020,Charles Crestani,Office Supplies,0,1.5456,4,51.52,West
US-2021-136658,9/10/2020,Bobby Odegard,Office Supplies,0,2.0672,2,6.08,East
US-2021-139374,9/10/2020,Alex Russell,Furniture,0.3,-2.5698,1,179.886,Central
US-2021-147242,9/10/2020,Edward Hooks,Furniture,0,83.2508,2,361.96,East
US-2021-147242,9/10/2020,Edward Hooks,Office Supplies,0,16.1096,2,61.96,East
US-2021-147242,9/10/2020,Edward Hooks,Office Supplies,0,125.469,9,278.82,East
US-2021-168186,9/10/2020,Aimee Bixby,Office Supplies,0,7.0218,3,14.94,Central
US-2021-125934,9/11/2020,Skye Norling,Furniture,0,3.9248,4,8.92,East
US-2021-125934,9/11/2020,Skye Norling,Office Supplies,0,29.9808,4,111.04,East
US-2021-125934,9/11/2020,Skye Norling,Office Supplies,0,96.416,4,209.6,East
US-2021-125934,9/11/2020,Skye Norling,Office Supplies,0,14.904,3,31.05,East
US-2021-125934,9/11/2020,Skye Norling,Office Supplies,0,18.6624,6,38.88,East
US-2021-126186,9/11/2020,George Bell,Furniture,0.2,4.004,4,24.64,West
US-2021-132465,9/11/2020,Don Miller,Furniture,0,50.5632,2,210.68,East
US-2021-132465,9/11/2020,Don Miller,Office Supplies,0,108.1752,4,772.68,East
US-2021-132465,9/11/2020,Don Miller,Office Supplies,0,1.576,1,78.8,East
US-2021-132465,9/11/2020,Don Miller,Technology,0,6.7966,1,19.99,East
US-2021-153794,9/11/2020,Sean Braxton,Office Supplies,0,79.758,7,265.86,West
US-2021-165057,9/11/2020,Steven Cartwright,Office Supplies,0,48.9645,9,181.35,West
US-2021-165057,9/11/2020,Steven Cartwright,Office Supplies,0,4.2336,3,8.64,West
US-2021-102016,9/12/2020,Tamara Manning,Office Supplies,0,3.0558,2,9.26,East
US-2021-102016,9/12/2020,Tamara Manning,Office Supplies,0,12.7746,1,27.18,East
US-2021-102016,9/12/2020,Tamara Manning,Office Supplies,0,0.5828,1,1.24,East
US-2021-102016,9/12/2020,Tamara Manning,Office Supplies,0,9.936,2,20.7,East
US-2021-102016,9/12/2020,Tamara Manning,Office Supplies,0,14.161,5,28.9,East
US-2021-102016,9/12/2020,Tamara Manning,Office Supplies,0,4.2392,2,105.98,East
US-2021-128993,9/12/2020,Craig Carreira,Technology,0,8.5722,2,21.98,West
US-2021-166464,9/12/2020,Paul Gonzalez,Office Supplies,0,6.048,4,12.6,East
US-2021-166464,9/12/2020,Paul Gonzalez,Technology,0.2,59.998,2,479.984,East
US-2021-115567,9/13/2020,Zuschuss Carroll,Furniture,0,394.212,7,1516.2,Central
US-2021-115567,9/13/2020,Zuschuss Carroll,Technology,0,15.9968,4,199.96,Central
US-2021-118843,9/13/2020,Jonathan Howell,Furniture,0,12.993,3,129.93,South
US-2021-118843,9/13/2020,Jonathan Howell,Office Supplies,0,31.4685,7,69.93,South
US-2021-129007,9/13/2020,Ken Dana,Furniture,0.2,71.772,3,717.72,West
US-2021-129007,9/13/2020,Ken Dana,Furniture,0,24.882,5,207.35,West
US-2021-129007,9/13/2020,Ken Dana,Furniture,0,12.0609,3,44.67,West
US-2021-129007,9/13/2020,Ken Dana,Furniture,0,55.3896,7,131.88,West
US-2021-129007,9/13/2020,Ken Dana,Office Supplies,0.2,7.8225,3,25.032,West
US-2021-129007,9/13/2020,Ken Dana,Office Supplies,0,100.656,2,209.7,West
US-2021-136728,9/13/2020,Arthur Gainer,Furniture,0.3,-12.148,4,170.072,Central
US-2021-136728,9/13/2020,Arthur Gainer,Office Supplies,0.2,2.934,1,7.824,Central
US-2021-138457,9/13/2020,Anne McFarland,Office Supplies,0.7,-10.0372,4,13.092,South
US-2021-161347,9/13/2020,Harry Greene,Office Supplies,0.7,-2.01,1,2.412,East
US-2021-115924,9/14/2020,Brad Eason,Office Supplies,0,12.691,5,25.9,Central
US-2021-120362,9/14/2020,Christina Anderson,Furniture,0,118.6575,5,912.75,West
US-2021-128027,9/14/2020,Christopher Martinez,Office Supplies,0,5.3898,3,269.49,South
US-2021-131597,9/14/2020,Stefania Perrino,Furniture,0.2,-8.5068,3,170.136,West
US-2021-140984,9/14/2020,Craig Carroll,Office Supplies,0.2,4.536,9,12.96,East
US-2021-140984,9/14/2020,Craig Carroll,Office Supplies,0,257.712,6,991.2,East
US-2021-140984,9/14/2020,Craig Carroll,Technology,0.2,329.994,2,879.984,East
US-2021-100734,9/15/2020,Ann Chong,Office Supplies,0.7,-2.8608,4,3.576,East
US-2021-100734,9/15/2020,Ann Chong,Office Supplies,0.2,-29.4368,2,147.184,East
US-2021-102582,9/15/2020,Natalie Webber,Furniture,0,306.4894,7,1056.86,South
US-2021-102582,9/15/2020,Natalie Webber,Furniture,0,200.49,2,801.96,South
US-2021-102582,9/15/2020,Natalie Webber,Technology,0,0,3,59.97,South
US-2021-105102,9/15/2020,Brendan Murry,Furniture,0.2,1.1596,1,46.384,East
US-2021-105102,9/15/2020,Brendan Murry,Office Supplies,0.2,29.952,3,79.872,East
US-2021-105102,9/15/2020,Brendan Murry,Office Supplies,0,6.2208,2,12.96,East
US-2021-130519,9/15/2020,Nat Gilpin,Furniture,0.2,2.5532,4,15.712,South
US-2021-130519,9/15/2020,Nat Gilpin,Furniture,0.2,-2.0988,1,55.968,South
US-2021-130519,9/15/2020,Nat Gilpin,Office Supplies,0.2,5.4432,3,15.552,South
US-2021-130519,9/15/2020,Nat Gilpin,Office Supplies,0.2,2.1588,2,24.672,South
US-2021-145849,9/15/2020,Carol Triggs,Office Supplies,0,8.2688,8,24.32,Central
US-2021-145849,9/15/2020,Carol Triggs,Office Supplies,0,11.4516,2,190.86,Central
US-2021-167696,9/16/2020,Bradley Drucker,Office Supplies,0,14.6264,4,31.12,South
US-2021-126977,9/17/2020,Peter Fuller,Furniture,0.2,-25.049,5,2003.92,East
US-2021-126977,9/17/2020,Peter Fuller,Furniture,0.2,158.5764,6,4228.704,East
US-2021-126977,9/17/2020,Peter Fuller,Furniture,0.1,8.8784,2,199.764,East
US-2021-126977,9/17/2020,Peter Fuller,Office Supplies,0,41.2237,7,87.71,East
US-2021-126977,9/17/2020,Peter Fuller,Office Supplies,0,53.2608,2,110.96,East
US-2021-126977,9/17/2020,Peter Fuller,Office Supplies,0,1.043,5,14.9,East
US-2021-126977,9/17/2020,Peter Fuller,Office Supplies,0,27.434,4,94.6,East
US-2021-126977,9/17/2020,Peter Fuller,Technology,0,217.767,2,659.9,East
US-2021-126977,9/17/2020,Peter Fuller,Technology,0,1.356,4,67.8,East
US-2021-126977,9/17/2020,Peter Fuller,Technology,0,58.7916,3,209.97,East
US-2021-133025,9/17/2020,Meg O'Connel,Office Supplies,0,15.552,5,32.4,West
US-2021-138716,9/17/2020,Cari Sayre,Office Supplies,0.2,7.8225,3,25.032,West
US-2021-138919,9/17/2020,Lindsay Shagiari,Furniture,0.4,-103.266,2,344.22,East
US-2021-141145,9/17/2020,Denny Blanton,Technology,0.2,10.896,3,87.168,South
US-2021-143077,9/17/2020,Sylvia Foulston,Furniture,0.6,-10.4196,2,21.936,Central
US-2021-143077,9/17/2020,Sylvia Foulston,Office Supplies,0.8,-10.2114,3,6.588,Central
US-2021-150630,9/17/2020,Tracy Blumstein,Furniture,0.5,-1665.0522,7,3083.43,East
US-2021-150630,9/17/2020,Tracy Blumstein,Furniture,0.2,15.525,3,124.2,East
US-2021-150630,9/17/2020,Tracy Blumstein,Office Supplies,0.2,3.546,2,15.76,East
US-2021-150630,9/17/2020,Tracy Blumstein,Office Supplies,0.2,9.7092,6,86.304,East
US-2021-150630,9/17/2020,Tracy Blumstein,Office Supplies,0.7,-7.0532,2,9.618,East
US-2021-150630,9/17/2020,Tracy Blumstein,Office Supplies,0.7,-5.715,6,6.858,East
US-2021-150630,9/17/2020,Tracy Blumstein,Office Supplies,0.2,1.1016,2,3.264,East
US-2021-101154,9/18/2020,Charlotte Melton,Office Supplies,0,8.8784,4,443.92,West
US-2021-109575,9/18/2020,Ken Heidel,Office Supplies,0,31.8892,4,65.08,East
US-2021-109575,9/18/2020,Ken Heidel,Office Supplies,0,0,7,636.86,East
US-2021-109575,9/18/2020,Ken Heidel,Office Supplies,0,7.9724,2,41.96,East
US-2021-109575,9/18/2020,Ken Heidel,Technology,0,129.9974,1,499.99,East
US-2021-109575,9/18/2020,Ken Heidel,Technology,0,327.5818,7,1259.93,East
US-2021-142202,9/18/2020,Justin Ritter,Technology,0.2,152.388,9,717.12,South
US-2021-149713,9/18/2020,Trudy Glocke,Office Supplies,0,9.7608,4,19.92,West
US-2021-149713,9/18/2020,Trudy Glocke,Office Supplies,0,78.7528,14,160.72,West
US-2021-149713,9/18/2020,Trudy Glocke,Office Supplies,0,2.19,2,7.3,West
US-2021-150511,9/18/2020,Adam Bellavance,Office Supplies,0,8.7138,2,18.54,West
US-2021-167745,9/18/2020,George Bell,Furniture,0,10.248,2,24.4,West
US-2021-167745,9/18/2020,George Bell,Office Supplies,0,5.4896,2,11.68,West
US-2021-167745,9/18/2020,George Bell,Office Supplies,0,5.07,2,16.9,West
US-2021-115847,9/19/2020,Tracy Collins,Furniture,0,4.3372,2,61.96,South
US-2021-132815,9/19/2020,Rick Wilson,Office Supplies,0,11.2504,2,22.96,West
US-2021-135489,9/19/2020,Giulietta Weimer,Technology,0,134.3328,14,279.86,East
US-2021-137603,9/19/2020,Marc Harrigan,Office Supplies,0,2.184,5,8.4,West
US-2021-147102,9/19/2020,Nicole Hansen,Technology,0,23.226,4,66.36,South
US-2021-149517,9/19/2020,Frank Carlisle,Furniture,0,19.4688,3,60.84,West
US-2021-126970,9/20/2020,Theone Pippenger,Office Supplies,0.8,-4.4928,3,2.808,Central
US-2021-141565,9/20/2020,Barry Gonzalez,Office Supplies,0.7,-913.176,6,1369.764,South
US-2021-141565,9/20/2020,Barry Gonzalez,Office Supplies,0.2,-58.8736,4,294.368,South
US-2021-151470,9/20/2020,Anne McFarland,Office Supplies,0.2,16.5242,11,45.584,West
US-2021-153738,9/20/2020,Alejandro Grove,Office Supplies,0,16.956,6,37.68,East
US-2021-156013,9/20/2020,Tamara Chand,Office Supplies,0.2,8.8624,2,24.448,East
US-2021-156013,9/20/2020,Tamara Chand,Office Supplies,0,28.858,5,61.4,East
US-2021-102036,9/21/2020,Chad Sievert,Office Supplies,0,47.9376,6,199.74,West
US-2021-117800,9/21/2020,Tracy Hopkins,Furniture,0,141.1644,3,542.94,East
US-2021-117800,9/21/2020,Tracy Hopkins,Technology,0,147.475,2,589.9,East
US-2021-126697,9/21/2020,Stuart Van,Furniture,0.6,-1.4784,4,4.928,Central
US-2021-126697,9/21/2020,Stuart Van,Technology,0.2,32.13,3,151.2,Central
US-2021-126697,9/21/2020,Stuart Van,Technology,0.2,118.293,7,946.344,Central
US-2021-127593,9/21/2020,Duane Huffman,Furniture,0,14.501,2,85.3,East
US-2021-149972,9/21/2020,Cynthia Delaney,Furniture,0.2,0,4,601.536,West
US-2021-149972,9/21/2020,Cynthia Delaney,Office Supplies,0,2.528,2,7.9,West
US-2021-158421,9/21/2020,Giulietta Baptist,Furniture,0,422.51,4,1690.04,South
US-2021-158421,9/21/2020,Giulietta Baptist,Office Supplies,0,6.862,2,14.6,South
US-2021-158421,9/21/2020,Giulietta Baptist,Office Supplies,0,57.3212,2,121.96,South
US-2021-158421,9/21/2020,Giulietta Baptist,Office Supplies,0,11.7208,4,23.92,South
US-2021-158421,9/21/2020,Giulietta Baptist,Office Supplies,0,6.396,2,63.96,South
US-2021-158421,9/21/2020,Giulietta Baptist,Office Supplies,0,24.0688,7,85.96,South
US-2021-158421,9/21/2020,Giulietta Baptist,Office Supplies,0,17.7568,8,887.84,South
US-2021-158421,9/21/2020,Giulietta Baptist,Technology,0,176.386,5,629.95,South
US-2021-158421,9/21/2020,Giulietta Baptist,Technology,0,32.9817,3,113.73,South
US-2021-168480,9/21/2020,Dario Medina,Furniture,0,31.0912,4,194.32,Central
US-2021-168480,9/21/2020,Dario Medina,Office Supplies,0,7.5371,1,25.99,Central
US-2021-102260,9/22/2020,Sanjit Jacobs,Office Supplies,0.2,0.3168,2,2.816,South
US-2021-102260,9/22/2020,Sanjit Jacobs,Office Supplies,0.7,-2.5632,2,3.204,South
US-2021-102260,9/22/2020,Sanjit Jacobs,Office Supplies,0.2,4.2,4,12,South
US-2021-102260,9/22/2020,Sanjit Jacobs,Office Supplies,0.2,-4.767,1,25.424,South
US-2021-102260,9/22/2020,Sanjit Jacobs,Office Supplies,0.2,-63.0056,4,720.064,South
US-2021-112571,9/22/2020,Daniel Lacy,Furniture,0,53.196,2,204.6,West
US-2021-115343,9/22/2020,Frank Olsen,Office Supplies,0.2,6.255,5,55.6,East
US-2021-115343,9/22/2020,Frank Olsen,Technology,0.2,-7.7247,3,617.976,East
US-2021-134992,9/22/2020,Michael Grace,Furniture,0,11.0354,2,47.98,South
US-2021-134992,9/22/2020,Michael Grace,Office Supplies,0,15.552,5,32.4,South
US-2021-168760,9/22/2020,Muhammed MacIntyre,Office Supplies,0,16.5888,3,61.44,West
US-2021-103835,9/24/2020,Shaun Chance,Furniture,0,4.6221,3,14.91,West
US-2021-103835,9/24/2020,Shaun Chance,Office Supplies,0,335.8548,4,1158.12,West
US-2021-105508,9/24/2020,Jamie Frazer,Office Supplies,0,17.991,1,39.98,East
US-2021-106873,9/24/2020,Kunst Miller,Office Supplies,0.2,1.8522,7,16.464,West
US-2021-106873,9/24/2020,Kunst Miller,Office Supplies,0.2,2.3686,2,14.576,West
US-2021-106873,9/24/2020,Kunst Miller,Technology,0.2,1.45,2,23.2,West
US-2021-113131,9/24/2020,Maria Bertelson,Office Supplies,0.2,1.926,5,17.12,East
US-2021-113131,9/24/2020,Maria Bertelson,Office Supplies,0.7,-4.488,6,6.732,East
US-2021-113131,9/24/2020,Maria Bertelson,Office Supplies,0.2,5.544,2,15.84,East
US-2021-113131,9/24/2020,Maria Bertelson,Office Supplies,0.2,7.9378,1,24.424,East
US-2021-113131,9/24/2020,Maria Bertelson,Office Supplies,0.2,1.6784,2,33.568,East
US-2021-143119,9/24/2020,Marc Crier,Furniture,0,155.25,6,517.5,South
US-2021-147816,9/24/2020,Carlos Meador,Technology,0.2,13.17,2,35.12,West
US-2021-153381,9/24/2020,Deanra Eno,Furniture,0,394.268,10,1408.1,Central
US-2021-153381,9/24/2020,Deanra Eno,Office Supplies,0,6.858,4,15.24,Central
US-2021-161466,9/24/2020,Odella Nelson,Office Supplies,0.2,0.5992,2,6.848,East
US-2021-161830,9/24/2020,Max Engle,Office Supplies,0,10.4284,2,35.96,West
US-2021-161830,9/24/2020,Max Engle,Office Supplies,0.2,5.4201,3,14.952,West
US-2021-164308,9/24/2020,Steve Carroll,Technology,0,213.7044,6,821.94,Central
US-2021-100573,9/25/2020,Anne McFarland,Office Supplies,0,8.2156,2,17.48,West
US-2021-103933,9/25/2020,Dan Reichenbach,Technology,0,395.9604,9,899.91,East
US-2021-106320,9/25/2020,Emily Burns,Furniture,0,240.2649,3,1044.63,West
US-2021-120845,9/25/2020,Marina Lichtenstein,Office Supplies,0.7,-4.6464,4,6.336,South
US-2021-120845,9/25/2020,Marina Lichtenstein,Office Supplies,0.7,-2.2848,2,3.264,South
US-2021-120845,9/25/2020,Marina Lichtenstein,Office Supplies,0.7,-1.8106,1,2.469,South
US-2021-120845,9/25/2020,Marina Lichtenstein,Office Supplies,0.2,3.799,1,10.48,South
US-2021-139738,9/25/2020,Dana Kaydos,Office Supplies,0.2,12.8744,7,128.744,Central
US-2021-149083,9/25/2020,Sally Hughsby,Furniture,0.2,-11.5176,4,307.136,West
US-2021-149083,9/25/2020,Sally Hughsby,Office Supplies,0,5.796,2,12.6,West
US-2021-149083,9/25/2020,Sally Hughsby,Technology,0,57.5928,2,159.98,West
US-2021-151869,9/25/2020,Carlos Soltero,Furniture,0.1,6.8388,1,102.582,East
US-2021-151869,9/25/2020,Carlos Soltero,Office Supplies,0,9.6192,3,20.04,East
US-2021-156335,9/25/2020,Phillina Ober,Office Supplies,0,7.0854,3,14.46,East
US-2021-156335,9/25/2020,Phillina Ober,Technology,0,19.8276,4,63.96,East
US-2021-156335,9/25/2020,Phillina Ober,Technology,0,52.49,2,104.98,East
US-2021-156510,9/25/2020,Erica Hackney,Office Supplies,0,2.211,1,6.7,East
US-2021-156510,9/25/2020,Erica Hackney,Office Supplies,0,5.1648,2,10.76,East
US-2021-156510,9/25/2020,Erica Hackney,Office Supplies,0,21.0128,2,45.68,East
US-2021-159779,9/25/2020,Sarah Brown,Office Supplies,0,32.2514,2,68.62,East
US-2021-160787,9/25/2020,Bryan Mills,Office Supplies,0.7,-2.0622,2,2.946,East
US-2021-111458,9/26/2020,Philip Fox,Technology,0,12,2,50,East
US-2021-120341,9/26/2020,Sarah Foster,Office Supplies,0.7,-100.92,6,121.104,East
US-2021-120341,9/26/2020,Sarah Foster,Technology,0.4,-9.1788,1,45.894,East
US-2021-122371,9/26/2020,Bryan Spruell,Office Supplies,0,58.4962,2,124.46,West
US-2021-122371,9/26/2020,Bryan Spruell,Office Supplies,0,18.6093,3,64.17,West
US-2021-124800,9/26/2020,Rick Wilson,Office Supplies,0.2,14.4096,2,60.672,West
US-2021-124800,9/26/2020,Rick Wilson,Office Supplies,0.7,-48.392,2,72.588,West
US-2021-124800,9/26/2020,Rick Wilson,Office Supplies,0.7,-59.0571,9,77.031,West
US-2021-124800,9/26/2020,Rick Wilson,Office Supplies,0.2,31.2736,4,86.272,West
US-2021-124800,9/26/2020,Rick Wilson,Office Supplies,0.2,-1.4988,6,119.904,West
US-2021-124800,9/26/2020,Rick Wilson,Office Supplies,0.2,-86.3664,4,363.648,West
US-2021-124800,9/26/2020,Rick Wilson,Technology,0.2,23.0965,5,263.96,West
US-2021-127173,9/26/2020,Gene McClure,Office Supplies,0.2,28.6578,9,79.056,East
US-2021-127173,9/26/2020,Gene McClure,Office Supplies,0,16.1868,3,34.44,East
US-2021-127173,9/26/2020,Gene McClure,Technology,0,296.0671,7,629.93,East
US-2021-130883,9/26/2020,Tracy Blumstein,Office Supplies,0.2,47.844,5,141.76,West
US-2021-130883,9/26/2020,Tracy Blumstein,Office Supplies,0.2,10.8864,6,31.104,West
US-2021-130883,9/26/2020,Tracy Blumstein,Technology,0.2,47.96,5,239.8,West
US-2021-161991,9/26/2020,Steven Cartwright,Office Supplies,0.8,-3.432,5,2.08,Central
US-2021-161991,9/26/2020,Steven Cartwright,Technology,0.2,376.11,7,1114.4,Central
US-2021-100531,9/27/2020,Neoma Murray,Furniture,0.6,-12.7512,3,24.288,Central
US-2021-100531,9/27/2020,Neoma Murray,Office Supplies,0.8,-22.62,2,15.08,Central
US-2021-103072,9/27/2020,Helen Wasserman,Office Supplies,0,4.756,5,16.4,Central
US-2021-103072,9/27/2020,Helen Wasserman,Office Supplies,0,12.4416,4,25.92,Central
US-2021-125976,9/27/2020,Jamie Kunitz,Office Supplies,0,69.705,5,154.9,South
US-2021-125976,9/27/2020,Jamie Kunitz,Technology,0,561.564,12,1871.88,South
US-2021-143616,9/27/2020,Saphhira Shifley,Office Supplies,0,25.792,5,99.2,West
US-2021-167255,9/27/2020,Rick Huthwaite,Office Supplies,0,73.41,3,146.82,West
US-2021-167255,9/27/2020,Rick Huthwaite,Office Supplies,0,6.2208,2,12.96,West
US-2021-167255,9/27/2020,Rick Huthwaite,Office Supplies,0,4.3428,1,15.51,West
US-2021-106978,9/28/2020,Zuschuss Carroll,Office Supplies,0.7,-0.792,2,1.08,West
US-2021-106978,9/28/2020,Zuschuss Carroll,Office Supplies,0.2,4.2309,1,12.536,West
US-2021-106978,9/28/2020,Zuschuss Carroll,Office Supplies,0.2,0.846,3,4.512,West
US-2021-120915,9/28/2020,Jennifer Jackson,Office Supplies,0,76.3152,6,293.52,East
US-2021-120915,9/28/2020,Jennifer Jackson,Technology,0,89.3142,2,307.98,East
US-2021-129546,9/28/2020,Roy Phan,Office Supplies,0,55.845,3,186.15,West
US-2021-129546,9/28/2020,Roy Phan,Office Supplies,0.2,26.5824,6,81.792,West
US-2021-129546,9/28/2020,Roy Phan,Office Supplies,0,13.6851,3,47.19,West
US-2021-129546,9/28/2020,Roy Phan,Technology,0.2,-8.2764,2,36.784,West
US-2021-169201,9/28/2020,Henry Goldwyn,Office Supplies,0,14.2758,3,43.26,West
US-2021-169201,9/28/2020,Henry Goldwyn,Office Supplies,0,15.246,2,43.56,West
US-2021-115392,10/1/2020,Robert Marley,Office Supplies,0,10.327,5,22.45,East
US-2021-115392,10/1/2020,Robert Marley,Technology,0,93.594,2,311.98,East
US-2021-148873,10/1/2020,Eric Murdock,Office Supplies,0.8,-4.488,4,2.992,Central
US-2021-148873,10/1/2020,Eric Murdock,Technology,0.2,2.7192,4,108.768,Central
US-2021-156566,10/1/2020,Eric Murdock,Technology,0.2,50.12,2,572.8,West
US-2021-166135,10/1/2020,Shaun Chance,Office Supplies,0.2,17.428,4,139.424,West
US-2021-104493,10/2/2020,Ed Braxton,Office Supplies,0.2,20.1264,6,57.504,West
US-2021-119312,10/2/2020,Christopher Schild,Office Supplies,0,75.6952,14,270.34,West
US-2021-125696,10/2/2020,Nora Pelletier,Office Supplies,0.7,-5.412,5,7.38,South
US-2021-128356,10/2/2020,Resi Pölking,Office Supplies,0.2,0.9576,2,10.944,West
US-2021-129917,10/2/2020,Henry MacAllister,Office Supplies,0.2,4.1328,3,11.808,West
US-2021-129917,10/2/2020,Henry MacAllister,Office Supplies,0.2,19.4184,4,53.568,West
US-2021-129917,10/2/2020,Henry MacAllister,Technology,0.2,50.396,5,503.96,West
US-2021-137008,10/2/2020,Jennifer Patt,Office Supplies,0,23.004,4,51.12,East
US-2021-137008,10/2/2020,Jennifer Patt,Office Supplies,0,45.528,5,94.85,East
US-2021-137008,10/2/2020,Jennifer Patt,Technology,0,32.4,1,90,East
US-2021-140375,10/2/2020,Sheri Gordon,Office Supplies,0,3.6162,1,7.38,East
US-2021-140375,10/2/2020,Sheri Gordon,Office Supplies,0,9.3312,3,19.44,East
US-2021-144771,10/2/2020,Chloris Kastensmidt,Furniture,0.2,3.0338,1,11.032,West
US-2021-144771,10/2/2020,Chloris Kastensmidt,Technology,0.2,-4.641,3,53.04,West
US-2021-145121,10/2/2020,Michael Paige,Office Supplies,0,13.181,5,26.9,East
US-2021-125178,10/3/2020,Mary Zewe,Office Supplies,0.2,1.5008,2,15.008,East
US-2021-126137,10/3/2020,Bruce Stewart,Furniture,0.15,18.4548,2,120.666,West
US-2021-157014,10/3/2020,Bryan Mills,Furniture,0.5,-15.6156,1,35.49,East
US-2021-157014,10/3/2020,Bryan Mills,Office Supplies,0.7,-22.449,5,32.07,East
US-2021-157014,10/3/2020,Bryan Mills,Technology,0.2,0.5998,2,47.984,East
US-2021-157014,10/3/2020,Bryan Mills,Technology,0.2,-2.7,2,24,East
US-2021-121391,10/4/2020,Alex Avila,Office Supplies,0,7.0096,2,26.96,West
US-2021-134859,10/4/2020,Julie Kriz,Furniture,0.2,6.4944,3,64.944,East
US-2021-134859,10/4/2020,Julie Kriz,Office Supplies,0.2,7.2576,4,20.736,East
US-2021-168004,10/4/2020,Denny Joy,Furniture,0,43.2234,3,392.94,South
US-2021-115091,10/5/2020,Joel Jenkins,Office Supplies,0,9.5172,2,28.84,South
US-2021-115091,10/5/2020,Joel Jenkins,Office Supplies,0,12.936,4,46.2,South
US-2021-133445,10/5/2020,Jeremy Farry,Furniture,0.7,-103.8606,1,66.294,West
US-2021-133445,10/5/2020,Jeremy Farry,Furniture,0.2,-14.5584,4,291.168,West
US-2021-145828,10/5/2020,Maria Bertelson,Technology,0.2,-4.641,3,53.04,East
US-2021-151722,10/5/2020,Ivan Liston,Technology,0.2,57.6,4,288,East
US-2021-161214,10/5/2020,Sylvia Foulston,Office Supplies,0,21.714,5,77.55,East
US-2021-125710,10/8/2020,Brian Thompson,Office Supplies,0.2,0.559,2,3.44,Central
US-2021-131352,10/8/2020,Gene Hale,Furniture,0.6,-70.9605,3,72.78,Central
US-2021-168529,10/8/2020,Maria Bertelson,Furniture,0,62.737,5,145.9,West
US-2021-124107,10/9/2020,Brian Moss,Office Supplies,0.1,5.2272,3,29.403,Central
US-2021-124107,10/9/2020,Brian Moss,Office Supplies,0,27.2412,7,57.96,Central
US-2021-124107,10/9/2020,Brian Moss,Technology,0,111.591,5,619.95,Central
US-2021-124107,10/9/2020,Brian Moss,Technology,0,8.4564,3,29.16,Central
US-2021-124499,10/9/2020,Fred McMath,Furniture,0,35.0973,3,389.97,Central
US-2021-124499,10/9/2020,Fred McMath,Office Supplies,0.1,53.982,5,269.91,Central
US-2021-129098,10/9/2020,Dave Kipp,Office Supplies,0,8.3268,2,30.84,South
US-2021-141040,10/9/2020,Tim Brockman,Office Supplies,0,10.764,4,23.92,East
US-2021-141040,10/9/2020,Tim Brockman,Technology,0,303.3408,4,631.96,East
US-2021-162761,10/9/2020,Sonia Cooley,Office Supplies,0.2,7.4752,8,37.376,South
US-2021-162761,10/9/2020,Sonia Cooley,Office Supplies,0.7,-1.3104,2,1.872,South
US-2021-162761,10/9/2020,Sonia Cooley,Office Supplies,0.7,-8.5974,2,11.214,South
US-2021-109736,10/10/2020,Denny Joy,Office Supplies,0,21.7728,7,45.36,West
US-2021-112522,10/10/2020,David Philippe,Office Supplies,0.2,1.002,3,8.016,Central
US-2021-132388,10/10/2020,Katherine Nockton,Furniture,0.2,-54.3204,3,362.136,West
US-2021-132388,10/10/2020,Katherine Nockton,Office Supplies,0,14.904,3,31.05,West
US-2021-134719,10/10/2020,John Dryer,Office Supplies,0.2,-337.806,6,1801.632,South
US-2021-108966,10/11/2020,Sean O'Donnell,Furniture,0.45,-383.031,5,957.5775,South
US-2021-108966,10/11/2020,Sean O'Donnell,Office Supplies,0.2,2.5164,2,22.368,South
US-2021-112053,10/11/2020,Shahid Hopkins,Technology,0,2.2365,1,31.95,East
US-2021-102281,10/12/2020,Mark Packer,Furniture,0.2,46.9764,3,626.352,East
US-2021-102281,10/12/2020,Mark Packer,Furniture,0.2,112.392,4,899.136,East
US-2021-102281,10/12/2020,Mark Packer,Office Supplies,0,6.567,5,19.9,East
US-2021-102281,10/12/2020,Mark Packer,Office Supplies,0,24.8832,8,51.84,East
US-2021-102281,10/12/2020,Mark Packer,Technology,0,20.0928,6,71.76,East
US-2021-134747,10/12/2020,Daniel Lacy,Office Supplies,0,5.652,2,12.56,Central
US-2021-134747,10/12/2020,Daniel Lacy,Technology,0,71.2692,4,263.96,Central
US-2021-134747,10/12/2020,Daniel Lacy,Technology,0,35.2872,3,135.72,Central
US-2021-142993,10/12/2020,Kelly Andreada,Office Supplies,0,0,2,81.96,West
US-2021-142993,10/12/2020,Kelly Andreada,Technology,0,3.401,2,17.9,West
US-2021-159786,10/12/2020,Ralph Kennedy,Furniture,0.4,-13.978,1,209.67,East
US-2021-114300,10/13/2020,Art Foster,Furniture,0,77.7438,3,287.94,South
US-2021-114300,10/13/2020,Art Foster,Technology,0,23.4416,7,83.72,South
US-2021-118766,10/15/2020,Lindsay Shagiari,Office Supplies,0.8,-6.93,10,3.96,Central
US-2021-118766,10/15/2020,Lindsay Shagiari,Office Supplies,0.2,1.674,1,4.464,Central
US-2021-123918,10/15/2020,Claire Gute,Furniture,0.6,-95.2476,6,131.376,Central
US-2021-123918,10/15/2020,Claire Gute,Office Supplies,0.2,1.8704,1,5.344,Central
US-2021-126235,10/15/2020,Guy Armstrong,Furniture,0,6.1704,2,17.14,Central
US-2021-129476,10/15/2020,Pete Armstrong,Technology,0.2,67.992,5,339.96,Central
US-2021-139731,10/15/2020,Joel Eaton,Furniture,0.3,-350.49,5,2453.43,Central
US-2021-139731,10/15/2020,Joel Eaton,Technology,0.2,42.8805,3,263.88,Central
US-2021-110765,10/16/2020,Michael Paige,Technology,0,214.4922,3,824.97,East
US-2021-152527,10/17/2020,Charlotte Melton,Office Supplies,0,3.894,2,77.88,West
US-2021-105613,10/18/2020,Kristina Nunn,Office Supplies,0.8,-186.5682,6,73.164,Central
US-2021-105613,10/18/2020,Kristina Nunn,Technology,0.2,3.462,3,27.696,Central
US-2021-127824,10/18/2020,John Castell,Furniture,0,3.2352,3,10.11,West
US-2021-127824,10/18/2020,John Castell,Office Supplies,0,8.7906,3,17.94,West
US-2021-127824,10/18/2020,John Castell,Technology,0.2,15.599,2,249.584,West
US-2021-113901,10/19/2020,Nicole Hansen,Office Supplies,0,17.6088,6,38.28,Central
US-2021-113901,10/19/2020,Nicole Hansen,Technology,0,44.985,5,149.95,Central
US-2021-131128,10/19/2020,Tracy Blumstein,Office Supplies,0,17.22,3,34.44,East
US-2021-150413,10/19/2020,Cari Schnelling,Office Supplies,0.8,-2.838,1,1.72,Central
US-2021-160171,10/19/2020,Robert Marley,Office Supplies,0,459.396,5,1640.7,West
US-2021-160171,10/19/2020,Robert Marley,Technology,0,97.2,3,270,West
US-2021-149097,10/20/2020,Stewart Visinsky,Furniture,0,23.9232,7,74.76,West
US-2021-149097,10/20/2020,Stewart Visinsky,Furniture,0.2,27.3582,3,364.776,West
US-2021-160563,10/20/2020,Noel Staavos,Furniture,0,6.0876,6,16.02,West
US-2021-160563,10/20/2020,Noel Staavos,Technology,0,86.3892,3,239.97,West
US-2021-164623,10/20/2020,Maxwell Schwartz,Office Supplies,0,11.5432,2,24.56,East
US-2021-104430,10/22/2020,Liz Thompson,Office Supplies,0.8,-7.764,4,5.176,Central
US-2021-169733,10/22/2020,Gene McClure,Office Supplies,0.2,0.9952,1,9.952,South
US-2021-109190,10/23/2020,Craig Carroll,Office Supplies,0.8,-10.336,1,6.08,Central
US-2021-109190,10/23/2020,Craig Carroll,Office Supplies,0.2,20.4984,8,60.736,Central
US-2021-109190,10/23/2020,Craig Carroll,Technology,0.2,161.9919,3,479.976,Central
US-2021-110877,10/23/2020,Joe Elijah,Office Supplies,0.2,12.7008,7,36.288,Central
US-2021-110877,10/23/2020,Joe Elijah,Technology,0.2,15.0384,2,150.384,Central
US-2021-132486,10/23/2020,Jay Fein,Furniture,0.2,42.1176,3,842.352,West
US-2021-132486,10/23/2020,Jay Fein,Furniture,0.2,27.0882,1,240.784,West
US-2021-132486,10/23/2020,Jay Fein,Furniture,0.2,16.7972,7,191.968,West
US-2021-132486,10/23/2020,Jay Fein,Office Supplies,0,5.664,4,11.8,West
US-2021-132486,10/23/2020,Jay Fein,Office Supplies,0,5.6644,2,11.56,West
US-2021-132486,10/23/2020,Jay Fein,Technology,0,63.7776,9,148.32,West
US-2021-142692,10/23/2020,Andrew Gjertsen,Office Supplies,0.2,1.1225,1,3.592,West
US-2021-155068,10/23/2020,Ralph Arnett,Office Supplies,0.2,2.2712,2,10.688,South
US-2021-155068,10/23/2020,Ralph Arnett,Technology,0.2,-13.2867,7,55.944,South
US-2021-155068,10/23/2020,Ralph Arnett,Technology,0.2,1.0346,2,11.824,South
US-2021-118738,10/24/2020,Andrew Gjertsen,Furniture,0.3,-69.4722,7,347.361,Central
US-2021-118738,10/24/2020,Andrew Gjertsen,Office Supplies,0.2,3.6288,2,10.368,Central
US-2021-118738,10/24/2020,Andrew Gjertsen,Office Supplies,0.2,5.4432,3,15.552,Central
US-2021-149650,10/24/2020,Robert Dilbeck,Furniture,0.2,-73.8192,8,454.272,West
US-2021-156608,10/24/2020,Michelle Tran,Office Supplies,0.8,-6.286,4,3.592,Central
US-2021-105844,10/25/2020,Jennifer Ferguson,Office Supplies,0,23.808,4,79.36,West
US-2021-109862,10/25/2020,Heather Kirkland,Furniture,0,75.686,5,291.1,East
US-2021-109862,10/25/2020,Heather Kirkland,Technology,0,41.3374,1,158.99,East
US-2021-130848,10/25/2020,Deirdre Greer,Furniture,0.2,-29.1168,8,582.336,West
US-2021-152891,10/25/2020,Trudy Brown,Furniture,0.2,-31.647,3,253.176,West
US-2021-152891,10/25/2020,Trudy Brown,Office Supplies,0,16.3215,3,60.45,West
US-2021-139290,10/26/2020,Maribeth Yedwab,Office Supplies,0,2.6496,2,5.76,West
US-2021-150714,10/26/2020,Kristen Hastings,Office Supplies,0.2,20.388,5,203.88,West
US-2021-150714,10/26/2020,Kristen Hastings,Office Supplies,0.7,-10.4874,7,14.301,West
US-2021-150714,10/26/2020,Kristen Hastings,Office Supplies,0.2,47.6268,6,146.544,West
US-2021-150714,10/26/2020,Kristen Hastings,Office Supplies,0.2,47.8152,3,131.904,West
US-2021-150714,10/26/2020,Kristen Hastings,Office Supplies,0.2,-161.694,10,718.64,West
US-2021-156146,10/26/2020,Andrew Gjertsen,Technology,0.2,-14.603,2,68.72,West
US-2021-156146,10/26/2020,Andrew Gjertsen,Technology,0.2,9.2386,2,105.584,West
US-2021-162537,10/28/2020,Rob Dowd,Furniture,0,12.9129,7,33.11,South
US-2021-162537,10/28/2020,Rob Dowd,Furniture,0,9.158,5,24.1,South
US-2021-162537,10/28/2020,Rob Dowd,Office Supplies,0,4.9082,1,10.67,South
US-2021-162537,10/28/2020,Rob Dowd,Office Supplies,0,9.8901,3,36.63,South
US-2021-110289,10/29/2020,Nona Balk,Office Supplies,0,103.3116,4,210.84,West
US-2021-110289,10/29/2020,Nona Balk,Office Supplies,0,16.032,5,33.4,West
US-2021-123673,10/30/2020,Cathy Hwang,Technology,0,74.975,2,299.9,Central
US-2021-131359,10/30/2020,Frank Atkinson,Furniture,0.2,3.6784,4,15.488,West
US-2021-131359,10/30/2020,Frank Atkinson,Technology,0.2,164.997,1,439.992,West
US-2021-131359,10/30/2020,Frank Atkinson,Technology,0.7,-45.9954,2,59.994,West
US-2021-131359,10/30/2020,Frank Atkinson,Technology,0.2,30.786,5,87.96,West
US-2021-132318,10/30/2020,Thomas Thornton,Office Supplies,0,53.0439,3,182.91,South
US-2021-145758,10/30/2020,Barry Französisch,Technology,0,269.308,4,1035.8,East
US-2021-122259,10/31/2020,Harold Pawlan,Office Supplies,0,21.036,4,70.12,Central
US-2021-131457,10/31/2020,Mary Zewe,Office Supplies,0,6.7116,7,14.28,West
US-2021-132570,10/31/2020,Kean Thornton,Office Supplies,0,0.7228,2,2.78,East
US-2021-132570,10/31/2020,Kean Thornton,Office Supplies,0,35.982,2,79.96,East
US-2021-164448,10/31/2020,Damala Kotsonis,Office Supplies,0.2,3.2832,2,9.728,West
US-2021-164448,10/31/2020,Damala Kotsonis,Office Supplies,0.2,9.3125,5,29.8,West
US-2021-164448,10/31/2020,Damala Kotsonis,Office Supplies,0,7.08,5,14.75,West
US-2021-164448,10/31/2020,Damala Kotsonis,Office Supplies,0,196.6132,14,427.42,West
US-2021-164882,10/31/2020,Sandra Glassco,Furniture,0.15,20.0392,1,425.833,West
US-2021-164882,10/31/2020,Sandra Glassco,Furniture,0.2,20.196,4,323.136,West
US-2021-164882,10/31/2020,Sandra Glassco,Office Supplies,0,1.26,3,5.04,West
US-2021-164882,10/31/2020,Sandra Glassco,Office Supplies,0.2,124.485,3,398.352,West
US-2021-164882,10/31/2020,Sandra Glassco,Office Supplies,0,8.027,5,17.45,West
US-2021-164882,10/31/2020,Sandra Glassco,Office Supplies,0,9.3906,1,19.98,West
US-2021-164882,10/31/2020,Sandra Glassco,Office Supplies,0,12.6468,2,46.84,West
US-2021-164882,10/31/2020,Sandra Glassco,Office Supplies,0,8.019,3,29.7,West
US-2021-164882,10/31/2020,Sandra Glassco,Technology,0.2,145.782,4,1295.84,West
US-2021-105221,11/1/2020,Valerie Mitchum,Office Supplies,0.2,-0.7128,2,3.168,East
US-2021-105221,11/1/2020,Valerie Mitchum,Technology,0.2,-3.094,2,35.36,East
US-2021-108119,11/1/2020,MaryBeth Skach,Furniture,0,45.294,2,301.96,South
US-2021-110163,11/1/2020,Guy Armstrong,Office Supplies,0.2,1.773,1,7.88,West
US-2021-113145,11/1/2020,Valerie Dominguez,Furniture,0,106.477,5,259.7,East
US-2021-113145,11/1/2020,Valerie Dominguez,Office Supplies,0,6.2192,4,13.52,East
US-2021-113145,11/1/2020,Valerie Dominguez,Technology,0,601.9699,7,1399.93,East
US-2021-113145,11/1/2020,Valerie Dominguez,Technology,0,1.2885,1,42.95,East
US-2021-113145,11/1/2020,Valerie Dominguez,Technology,0,125.99,4,503.96,East
US-2021-126739,11/1/2020,Justin Hirsh,Furniture,0.1,21.8376,4,327.564,East
US-2021-130995,11/1/2020,Quincy Jones,Technology,0,1.3365,1,4.95,East
US-2021-141740,11/1/2020,Jeremy Farry,Furniture,0.1,13.6776,2,205.164,East
US-2021-100657,11/2/2020,Scot Wooten,Furniture,0.1,8.5372,2,109.764,East
US-2021-125416,11/2/2020,Kelly Collister,Technology,0,49.2723,9,447.93,West
US-2021-130890,11/2/2020,Jas O'Carroll,Furniture,0.2,51.942,5,1038.84,West
US-2021-138625,11/2/2020,Emily Grady,Office Supplies,0,55.3616,4,197.72,South
US-2021-141810,11/2/2020,Barry Blumstein,Office Supplies,0.8,-46.9952,7,29.372,Central
US-2021-141810,11/2/2020,Barry Blumstein,Technology,0.2,38.7792,2,344.704,Central
US-2021-160227,11/2/2020,Emily Ducich,Furniture,0.1,553.3902,11,2621.322,East
US-2021-168207,11/2/2020,Liz Thompson,Furniture,0.15,-30.147,3,512.499,West
US-2021-168207,11/2/2020,Liz Thompson,Furniture,0,33.936,6,96.96,West
US-2021-168207,11/2/2020,Liz Thompson,Office Supplies,0.2,41.1208,7,117.488,West
US-2021-168207,11/2/2020,Liz Thompson,Office Supplies,0.2,4.1832,3,11.952,West
US-2021-121041,11/3/2020,Chris Selesnick,Office Supplies,0.2,2.1476,2,6.608,Central
US-2021-140410,11/3/2020,Corinna Mitchell,Furniture,0,16.614,3,42.6,West
US-2021-140410,11/3/2020,Corinna Mitchell,Technology,0,37.7874,3,89.97,West
US-2021-140410,11/3/2020,Corinna Mitchell,Technology,0.2,106.1242,7,1212.848,West
US-2021-162047,11/3/2020,Fred Hopkins,Furniture,0.1,209.274,10,1448.82,East
US-2021-103961,11/5/2020,Nathan Gelder,Office Supplies,0.2,6.4428,6,19.824,Central
US-2021-118444,11/5/2020,Valerie Dominguez,Office Supplies,0.2,24.196,4,387.136,South
US-2021-131072,11/5/2020,Ken Lonsdale,Office Supplies,0.2,35.6526,3,98.352,West
US-2021-131422,11/5/2020,George Bell,Furniture,0.2,25.875,3,207,South
US-2021-136259,11/5/2020,Christy Brittain,Office Supplies,0.7,-5.5338,3,7.218,East
US-2021-136259,11/5/2020,Christy Brittain,Office Supplies,0.2,2.04,4,27.2,East
US-2021-144386,11/5/2020,Grant Thornton,Office Supplies,0.2,8.8704,6,25.344,East
US-2021-145485,11/5/2020,Justin MacKendrick,Office Supplies,0,15.7,4,62.8,West
US-2021-105312,11/6/2020,Meg Tillman,Office Supplies,0.7,-3.5208,3,4.401,West
US-2021-105312,11/6/2020,Meg Tillman,Office Supplies,0.2,2.478,3,7.08,West
US-2021-102848,11/7/2020,Karen Bern,Furniture,0.2,11.92,1,190.72,West
US-2021-105571,11/7/2020,Christine Phan,Office Supplies,0.7,-1031.5385,5,1345.485,South
US-2021-105571,11/7/2020,Christine Phan,Office Supplies,0.7,-12.9168,9,16.146,South
US-2021-126669,11/7/2020,Doug O'Connell,Office Supplies,0.2,26.824,2,76.64,Central
US-2021-134922,11/7/2020,Karen Bern,Office Supplies,0.2,7.93,2,24.4,East
US-2021-148432,11/7/2020,Mike Caudle,Office Supplies,0,0.5236,7,26.18,East
US-2021-148432,11/7/2020,Mike Caudle,Office Supplies,0,3.431,2,7.3,East
US-2021-162887,11/7/2020,Stewart Visinsky,Furniture,0,178.8,3,715.2,East
US-2021-163181,11/7/2020,Adrian Barton,Furniture,0.6,-84.448,5,64.96,Central
US-2021-163181,11/7/2020,Adrian Barton,Office Supplies,0.2,5.319,3,23.64,Central
US-2021-163181,11/7/2020,Adrian Barton,Office Supplies,0.8,-51.296,10,32.06,Central
US-2021-163181,11/7/2020,Adrian Barton,Office Supplies,0.2,-28.8678,2,177.648,Central
US-2021-163181,11/7/2020,Adrian Barton,Office Supplies,0.2,-16.9568,2,84.784,Central
US-2021-163181,11/7/2020,Adrian Barton,Technology,0.4,33.5895,3,287.91,Central
US-2021-105634,11/8/2020,Helen Abelman,Office Supplies,0,3.3785,5,11.65,East
US-2021-108259,11/8/2020,Noel Staavos,Furniture,0.2,1.4136,1,4.712,South
US-2021-108259,11/8/2020,Noel Staavos,Office Supplies,0.7,-29.2446,7,39.879,South
US-2021-108259,11/8/2020,Noel Staavos,Office Supplies,0.2,11.814,11,31.504,South
US-2021-108259,11/8/2020,Noel Staavos,Office Supplies,0.2,1.638,1,5.04,South
US-2021-109386,11/8/2020,Rob Haberlin,Furniture,0,41.0388,3,186.54,South
US-2021-109386,11/8/2020,Rob Haberlin,Office Supplies,0,18.6606,3,44.43,South
US-2021-109386,11/8/2020,Rob Haberlin,Office Supplies,0,6.975,5,27.9,South
US-2021-109386,11/8/2020,Rob Haberlin,Office Supplies,0,79.758,7,265.86,South
US-2021-109386,11/8/2020,Rob Haberlin,Technology,0,58.812,5,226.2,South
US-2021-111990,11/8/2020,Duane Benoit,Office Supplies,0.8,-17.2854,6,10.476,Central
US-2021-114811,11/8/2020,Keith Dawkins,Furniture,0.1,115.5528,2,577.764,East
US-2021-114811,11/8/2020,Keith Dawkins,Furniture,0,4.728,3,11.82,East
US-2021-114811,11/8/2020,Keith Dawkins,Office Supplies,0,16.7875,5,67.15,East
US-2021-114811,11/8/2020,Keith Dawkins,Technology,0,2229.024,4,4643.8,East
US-2021-114811,11/8/2020,Keith Dawkins,Technology,0,142.9948,2,549.98,East
US-2021-117086,11/8/2020,Quincy Jones,Furniture,0,1013.127,5,4404.9,East
US-2021-117611,11/8/2020,Maria Zettner,Office Supplies,0,2.4,1,5,West
US-2021-117611,11/8/2020,Maria Zettner,Technology,0,66.9546,3,371.97,West
US-2021-123568,11/8/2020,Sanjit Chand,Furniture,0,22.0077,3,66.69,West
US-2021-123568,11/8/2020,Sanjit Chand,Office Supplies,0.2,28.65,5,91.68,West
US-2021-123568,11/8/2020,Sanjit Chand,Office Supplies,0,0.2016,3,5.04,West
US-2021-123568,11/8/2020,Sanjit Chand,Office Supplies,0,41.823,3,92.94,West
US-2021-151407,11/8/2020,Rob Dowd,Technology,0,76.5484,4,263.96,Central
US-2021-154886,11/8/2020,Shaun Weien,Technology,0,43.164,2,119.9,West
US-2021-164441,11/8/2020,Amy Cox,Office Supplies,0.2,17.6418,11,52.272,East
US-2021-164441,11/8/2020,Amy Cox,Office Supplies,0,8.073,3,17.94,East
US-2021-113222,11/9/2020,Anthony Garverick,Office Supplies,0,5.1552,3,10.74,Central
US-2021-126466,11/9/2020,Jesus Ocampo,Office Supplies,0,1.1656,2,2.48,West
US-2021-127509,11/9/2020,Adam Shillingsburg,Furniture,0,215.1198,7,1024.38,Central
US-2021-127509,11/9/2020,Adam Shillingsburg,Office Supplies,0,7.9212,3,17.22,Central
US-2021-127509,11/9/2020,Adam Shillingsburg,Office Supplies,0,12.3234,3,26.22,Central
US-2021-127509,11/9/2020,Adam Shillingsburg,Office Supplies,0,8.4966,3,17.34,Central
US-2021-146486,11/9/2020,Dianna Vittorini,Office Supplies,0,5.7528,6,12.24,East
US-2021-146486,11/9/2020,Dianna Vittorini,Office Supplies,0,4.891,5,244.55,East
US-2021-146486,11/9/2020,Dianna Vittorini,Technology,0,6.0114,2,13.98,East
US-2021-146486,11/9/2020,Dianna Vittorini,Technology,0,53.997,5,899.95,East
US-2021-158554,11/9/2020,Charlotte Melton,Office Supplies,0.2,4.1151,3,11.352,East
US-2021-169796,11/9/2020,Dean percer,Office Supplies,0,3.0498,3,17.94,East
US-2021-169796,11/9/2020,Dean percer,Technology,0,1114.512,2,2321.9,East
US-2021-121783,11/10/2020,Philisse Overcash,Furniture,0,12.8568,3,29.22,Central
US-2021-121783,11/10/2020,Philisse Overcash,Office Supplies,0,178.91,2,715.64,Central
US-2021-121783,11/10/2020,Philisse Overcash,Office Supplies,0,34.3896,3,74.76,Central
US-2021-121783,11/10/2020,Philisse Overcash,Office Supplies,0,143.1918,3,795.51,Central
US-2021-121783,11/10/2020,Philisse Overcash,Technology,0,274.995,1,549.99,Central
US-2021-147690,11/10/2020,Sam Craven,Office Supplies,0.2,43.3188,6,577.584,East
US-2021-155040,11/10/2020,Alan Hwang,Technology,0,35.156,2,79.9,West
US-2021-158659,11/10/2020,Steve Chapman,Office Supplies,0,207.147,5,714.3,Central
US-2021-111948,11/11/2020,Andrew Gjertsen,Office Supplies,0.1,46.7908,2,123.858,Central
US-2021-111948,11/11/2020,Andrew Gjertsen,Office Supplies,0,117.1296,7,418.32,Central
US-2021-113628,11/12/2020,Anna Häberlin,Furniture,0.2,-72.039,5,523.92,South
US-2021-113628,11/12/2020,Anna Häberlin,Furniture,0.2,16.4403,3,146.136,South
US-2021-113628,11/12/2020,Anna Häberlin,Office Supplies,0.2,1.323,5,11.76,South
US-2021-113628,11/12/2020,Anna Häberlin,Office Supplies,0.7,-3.7296,3,4.662,South
US-2021-113628,11/12/2020,Anna Häberlin,Office Supplies,0.7,-4.0158,2,5.238,South
US-2021-113628,11/12/2020,Anna Häberlin,Technology,0.2,10.0792,1,100.792,South
US-2021-153220,11/12/2020,Yoseph Carroll,Office Supplies,0,7.065,5,15.7,West
US-2021-153283,11/12/2020,Eugene Barchas,Office Supplies,0,7.3132,2,15.56,East
US-2021-162964,11/12/2020,Monica Federle,Office Supplies,0.2,69.965,7,223.888,Central
US-2021-162964,11/12/2020,Monica Federle,Office Supplies,0.2,5.6376,3,15.552,Central
US-2021-162964,11/12/2020,Monica Federle,Office Supplies,0.2,-14.5764,1,64.784,Central
US-2021-104948,11/13/2020,Keith Herrera,Furniture,0.15,-40.196,4,683.332,West
US-2021-104948,11/13/2020,Keith Herrera,Office Supplies,0.2,3.4552,2,9.872,West
US-2021-104948,11/13/2020,Keith Herrera,Office Supplies,0,13.482,7,29.96,West
US-2021-111199,11/13/2020,Joe Kamberova,Office Supplies,0.2,40.3536,3,115.296,South
US-2021-114503,11/13/2020,Allen Armold,Office Supplies,0.2,6.372,6,84.96,South
US-2021-115798,11/13/2020,Ken Lonsdale,Furniture,0,56.9943,3,299.97,East
US-2021-115798,11/13/2020,Ken Lonsdale,Office Supplies,0,19.8716,7,42.28,East
US-2021-115798,11/13/2020,Ken Lonsdale,Technology,0,43.1904,2,89.98,East
US-2021-115798,11/13/2020,Ken Lonsdale,Technology,0,94.4925,3,377.97,East
US-2021-130183,11/13/2020,Patrick O'Brill,Furniture,0.32,-18.0588,3,613.9992,Central
US-2021-136147,11/13/2020,Fred McMath,Office Supplies,0.7,-100.92,6,121.104,South
US-2021-136147,11/13/2020,Fred McMath,Technology,0.2,-1.3995,5,111.96,South
US-2021-144519,11/13/2020,Arthur Wiediger,Furniture,0,21.7532,7,63.98,West
US-2021-144519,11/13/2020,Arthur Wiediger,Technology,0.2,42.495,5,339.96,West
US-2021-149909,11/13/2020,Russell Applegate,Office Supplies,0,28.6965,7,63.77,Central
US-2021-149909,11/13/2020,Russell Applegate,Office Supplies,0,46.1184,2,96.08,Central
US-2021-149909,11/13/2020,Russell Applegate,Technology,0,13.2522,3,50.97,Central
US-2021-153073,11/13/2020,Helen Abelman,Furniture,0.6,-7.4358,9,17.496,Central
US-2021-156867,11/13/2020,Lena Cacioppo,Furniture,0.2,-3.8385,3,102.36,West
US-2021-156867,11/13/2020,Lena Cacioppo,Office Supplies,0.7,-25.8174,3,36.882,West
US-2021-156867,11/13/2020,Lena Cacioppo,Technology,0.2,-26.8758,6,238.896,West
US-2021-111927,11/14/2020,Lycoris Saunders,Furniture,0,26.649,3,76.14,East
US-2021-111927,11/14/2020,Lycoris Saunders,Office Supplies,0,9.3812,2,19.96,East
US-2021-123141,11/14/2020,Gary Zandusky,Furniture,0.2,20.1558,3,230.352,West
US-2021-123141,11/14/2020,Gary Zandusky,Furniture,0.2,99.432,4,883.84,West
US-2021-137897,11/14/2020,Patrick Jones,Office Supplies,0,16.65,5,37,East
US-2021-137897,11/14/2020,Patrick Jones,Technology,0,23.96,2,59.9,East
US-2021-137897,11/14/2020,Patrick Jones,Technology,0,2.256,2,37.6,East
US-2021-138674,11/14/2020,Ken Black,Office Supplies,0.2,2.289,5,8.72,West
US-2021-138674,11/14/2020,Ken Black,Technology,0.2,4.5588,3,91.176,West
US-2021-138674,11/14/2020,Ken Black,Technology,0.2,29.994,4,159.968,West
US-2021-151043,11/14/2020,Maureen Gastineau,Technology,0.2,-1.1996,2,47.984,East
US-2021-154746,11/14/2020,Patrick Jones,Office Supplies,0,322.1829,3,826.11,South
US-2021-154746,11/14/2020,Patrick Jones,Office Supplies,0,16.98,2,33.96,South
US-2021-113173,11/15/2020,Dean Katz,Office Supplies,0.8,-17.046,3,11.364,Central
US-2021-113173,11/15/2020,Dean Katz,Office Supplies,0.2,15.642,9,250.272,Central
US-2021-113173,11/15/2020,Dean Katz,Office Supplies,0.2,-1.744,5,8.72,Central
US-2021-129525,11/15/2020,Victoria Pisteka,Office Supplies,0.7,-116.844,13,166.92,East
US-2021-138954,11/15/2020,Maya Herman,Office Supplies,0,35.712,6,119.04,East
US-2021-138954,11/15/2020,Maya Herman,Office Supplies,0.2,11.7936,6,34.944,East
US-2021-138954,11/15/2020,Maya Herman,Office Supplies,0,20.5755,3,70.95,East
US-2021-145324,11/15/2020,Duane Huffman,Furniture,0,14.3856,2,39.96,South
US-2021-120446,11/16/2020,John Grady,Office Supplies,0,8.694,3,18.9,West
US-2021-135685,11/16/2020,Mike Pelletier,Furniture,0,76.0878,6,185.58,Central
US-2021-135685,11/16/2020,Mike Pelletier,Furniture,0,111.1035,3,653.55,Central
US-2021-135685,11/16/2020,Mike Pelletier,Furniture,0,36.3987,3,214.11,Central
US-2021-135685,11/16/2020,Mike Pelletier,Office Supplies,0,84.5154,9,179.82,Central
US-2021-135685,11/16/2020,Mike Pelletier,Technology,0,229.9908,4,999.96,Central
US-2021-145394,11/16/2020,Matt Connell,Furniture,0.6,-15.5268,2,34.504,Central
US-2021-145394,11/16/2020,Matt Connell,Office Supplies,0.2,1.6116,2,21.488,Central
US-2021-145394,11/16/2020,Matt Connell,Technology,0.2,26.9973,3,239.976,Central
US-2021-150875,11/16/2020,Heather Kirkland,Furniture,0,160.1766,2,696.42,West
US-2021-150875,11/16/2020,Heather Kirkland,Technology,0.2,22.8582,3,304.776,West
US-2021-164539,11/16/2020,Philisse Overcash,Office Supplies,0,141.2775,5,523.25,East
US-2021-110863,11/17/2020,Anna Andreadi,Furniture,0,383.931,5,1323.9,Central
US-2021-110863,11/17/2020,Anna Andreadi,Office Supplies,0,49.9704,3,106.32,Central
US-2021-110863,11/17/2020,Anna Andreadi,Office Supplies,0,5.4124,4,541.24,Central
US-2021-126725,11/17/2020,Brian Stugart,Furniture,0.2,2.8196,2,225.568,West
US-2021-126725,11/17/2020,Brian Stugart,Furniture,0,15.372,3,36.6,West
US-2021-126725,11/17/2020,Brian Stugart,Furniture,0,29.1456,4,80.96,West
US-2021-126725,11/17/2020,Brian Stugart,Office Supplies,0,15.552,5,32.4,West
US-2021-126725,11/17/2020,Brian Stugart,Office Supplies,0,54.4047,7,777.21,West
US-2021-126725,11/17/2020,Brian Stugart,Office Supplies,0,6.098,5,304.9,West
US-2021-126725,11/17/2020,Brian Stugart,Technology,0.2,51.996,4,415.968,West
US-2021-163090,11/17/2020,Greg Hansen,Office Supplies,0.2,3.069,5,40.92,Central
US-2021-145814,11/19/2020,Katherine Ducich,Office Supplies,0.2,2.244,2,5.984,East
US-2021-145814,11/19/2020,Katherine Ducich,Technology,0,249.9104,4,861.76,East
US-2021-151680,11/19/2020,Tony Chapman,Furniture,0,22.7136,2,141.96,West
US-2021-166800,11/19/2020,Aleksandra Gannaway,Office Supplies,0,8.3916,4,31.08,West
US-2021-100454,11/20/2020,Brian Moss,Furniture,0.2,9.3024,4,186.048,East
US-2021-100454,11/20/2020,Brian Moss,Office Supplies,0,3.3408,4,11.52,East
US-2021-100454,11/20/2020,Brian Moss,Office Supplies,0,16.3215,3,60.45,East
US-2021-110891,11/20/2020,Phillina Ober,Furniture,0.3,-93.4724,4,344.372,East
US-2021-112305,11/20/2020,Katrina Bavinger,Furniture,0,6.4206,3,22.14,West
US-2021-112305,11/20/2020,Katrina Bavinger,Office Supplies,0,30.9504,6,119.04,West
US-2021-112305,11/20/2020,Katrina Bavinger,Technology,0,6.0114,2,13.98,West
US-2021-116484,11/20/2020,Jamie Kunitz,Furniture,0.2,9.5736,2,63.824,East
US-2021-116484,11/20/2020,Jamie Kunitz,Office Supplies,0.2,-26.541,3,141.552,East
US-2021-124058,11/20/2020,Lena Creighton,Furniture,0.2,35.76,3,572.16,West
US-2021-124058,11/20/2020,Lena Creighton,Technology,0.2,-15.4581,7,72.744,West
US-2021-136420,11/20/2020,Chris Selesnick,Office Supplies,0.2,33.636,4,89.696,West
US-2021-136420,11/20/2020,Chris Selesnick,Office Supplies,0,23.5564,4,50.12,West
US-2021-144652,11/20/2020,Skye Norling,Office Supplies,0,5.0596,7,19.46,West
US-2021-146465,11/20/2020,Patrick Bzostek,Office Supplies,0.2,7.56,9,24.192,West
US-2021-156524,11/20/2020,Dan Lawera,Office Supplies,0,9.039,3,19.65,East
US-2021-158589,11/20/2020,Kelly Williams,Furniture,0,8.01,3,32.04,West
US-2021-161767,11/20/2020,Grace Kelly,Technology,0.4,55.9986,2,479.988,Central
US-2021-163965,11/20/2020,Sung Shariari,Furniture,0.2,-36.294,3,290.352,South
US-2021-163965,11/20/2020,Sung Shariari,Office Supplies,0.7,-50.304,4,62.88,South
US-2021-163965,11/20/2020,Sung Shariari,Office Supplies,0.7,-5.784,5,7.23,South
US-2021-163965,11/20/2020,Sung Shariari,Office Supplies,0.2,1.308,2,17.44,South
US-2021-165743,11/20/2020,Michelle Moray,Furniture,0.7,-247.7988,6,145.764,West
US-2021-165743,11/20/2020,Michelle Moray,Office Supplies,0.7,-7.3692,6,9.612,West
US-2021-165743,11/20/2020,Michelle Moray,Office Supplies,0.7,-3.4272,3,4.896,West
US-2021-101511,11/21/2020,Joel Eaton,Furniture,0.3,-11.3372,7,396.802,East
US-2021-101511,11/21/2020,Joel Eaton,Office Supplies,0.2,-3.7715,5,15.88,East
US-2021-102778,11/21/2020,John Huston,Furniture,0.2,4.7712,1,18.176,South
US-2021-105690,11/21/2020,Carol Adams,Furniture,0.32,-76.0116,2,246.1328,Central
US-2021-105690,11/21/2020,Carol Adams,Office Supplies,0.2,3.9474,2,11.696,Central
US-2021-105690,11/21/2020,Carol Adams,Technology,0.2,164.997,1,439.992,Central
US-2021-107083,11/21/2020,Brenda Bowman,Office Supplies,0.8,-67.617,3,24.588,Central
US-2021-107083,11/21/2020,Brenda Bowman,Office Supplies,0.2,0.7348,2,5.344,Central
US-2021-107083,11/21/2020,Brenda Bowman,Office Supplies,0.8,-2.544,2,1.696,Central
US-2021-107083,11/21/2020,Brenda Bowman,Office Supplies,0.8,-13.167,5,7.98,Central
US-2021-109337,11/21/2020,Denise Leinenbach,Office Supplies,0,5.135,5,19.75,Central
US-2021-109337,11/21/2020,Denise Leinenbach,Office Supplies,0,4.914,6,10.92,Central
US-2021-109337,11/21/2020,Denise Leinenbach,Technology,0,165.2868,3,393.54,Central
US-2021-109337,11/21/2020,Denise Leinenbach,Technology,0,22.653,2,83.9,Central
US-2021-115511,11/21/2020,Natalie Webber,Furniture,0,41.1684,2,141.96,West
US-2021-115511,11/21/2020,Natalie Webber,Office Supplies,0.2,23.1168,4,66.048,West
US-2021-119879,11/21/2020,Shahid Shariari,Furniture,0.4,-480.2032,8,1252.704,East
US-2021-119879,11/21/2020,Shahid Shariari,Technology,0.4,-24.0435,5,110.97,East
US-2021-159499,11/21/2020,Eudokia Martin,Office Supplies,0.2,28.4928,6,325.632,West
US-2021-159499,11/21/2020,Eudokia Martin,Office Supplies,0.2,5.369,5,16.52,West
US-2021-159499,11/21/2020,Eudokia Martin,Technology,0.2,-1.459,2,23.344,West
US-2021-100545,11/22/2020,Irene Maddox,Office Supplies,0.7,-9.288,2,11.61,East
US-2021-118983,11/22/2020,Harold Pawlan,Office Supplies,0.8,-123.858,5,68.81,Central
US-2021-118983,11/22/2020,Harold Pawlan,Office Supplies,0.8,-3.816,3,2.544,Central
US-2021-123505,11/22/2020,Andy Reiter,Office Supplies,0,7.0218,3,14.94,East
US-2021-137708,11/22/2020,Nathan Gelder,Office Supplies,0,18.2112,2,37.94,West
US-2021-137708,11/22/2020,Nathan Gelder,Office Supplies,0,19.26,10,42.8,West
US-2021-137708,11/22/2020,Nathan Gelder,Office Supplies,0,10.089,3,33.63,West
US-2021-139094,11/22/2020,Meg O'Connel,Furniture,0.3,-32.5226,2,206.962,Central
US-2021-149300,11/22/2020,Brosina Hoffman,Technology,0.5,-1.9791,3,32.985,South
US-2021-162376,11/22/2020,Harold Dahlen,Office Supplies,0,4.9648,4,17.12,East
US-2021-162376,11/22/2020,Harold Dahlen,Office Supplies,0,28.1718,3,59.94,East
US-2021-165449,11/22/2020,Anne Pryor,Technology,0.2,-1.3584,4,27.168,Central
US-2021-168459,11/22/2020,Marc Crier,Office Supplies,0.7,-2.0622,2,2.946,South
US-2021-168459,11/22/2020,Marc Crier,Office Supplies,0.2,18.5976,6,55.104,South
US-2021-111395,11/23/2020,Victoria Brennan,Office Supplies,0.8,-40.6504,2,23.912,Central
US-2021-111395,11/23/2020,Victoria Brennan,Office Supplies,0.2,117.432,4,335.52,Central
US-2021-111395,11/23/2020,Victoria Brennan,Office Supplies,0.2,2.3674,2,27.056,Central
US-2021-123113,11/23/2020,Annie Thurman,Office Supplies,0,735.0336,8,2625.12,East
US-2021-123113,11/23/2020,Annie Thurman,Office Supplies,0,4.485,3,17.94,East
US-2021-144274,11/23/2020,Pierre Wener,Office Supplies,0,5.6416,4,13.12,East
US-2021-144274,11/23/2020,Pierre Wener,Office Supplies,0,7.7832,2,16.56,East
US-2021-144274,11/23/2020,Pierre Wener,Office Supplies,0,20.727,6,44.1,East
US-2021-144274,11/23/2020,Pierre Wener,Office Supplies,0,18.6624,6,38.88,East
US-2021-144274,11/23/2020,Pierre Wener,Technology,0,89.3142,2,307.98,East
US-2021-105347,11/24/2020,Darren Powers,Office Supplies,0,6.615,5,14.7,West
US-2021-105347,11/24/2020,Darren Powers,Office Supplies,0,180.7659,9,368.91,West
US-2021-135545,11/24/2020,Kunst Miller,Furniture,0,22.3328,4,79.76,West
US-2021-135545,11/24/2020,Kunst Miller,Office Supplies,0.2,9.3612,6,25.824,West
US-2021-135545,11/24/2020,Kunst Miller,Office Supplies,0,68.9631,3,146.73,West
US-2021-135545,11/24/2020,Kunst Miller,Technology,0,6.1512,2,13.98,West
US-2021-153416,11/24/2020,Toby Swindell,Office Supplies,0.2,29.7024,8,91.392,West
US-2021-153416,11/24/2020,Toby Swindell,Office Supplies,0.2,0.99,2,3.168,West
US-2021-153416,11/24/2020,Toby Swindell,Office Supplies,0,9.3312,3,19.44,West
US-2021-153416,11/24/2020,Toby Swindell,Office Supplies,0,54.5832,7,454.86,West
US-2021-164357,11/25/2020,Sandra Flanagan,Office Supplies,0.2,1.476,5,13.12,South
US-2021-117961,11/26/2020,Guy Phonely,Office Supplies,0,6.9231,3,14.73,East
US-2021-117961,11/26/2020,Guy Phonely,Office Supplies,0,30.52,4,61.04,East
US-2021-117961,11/26/2020,Guy Phonely,Office Supplies,0,5.1465,3,10.95,East
US-2021-117961,11/26/2020,Guy Phonely,Office Supplies,0,25.176,5,104.9,East
US-2021-158939,11/26/2020,Erin Ashbrook,Technology,0,233.9961,1,599.99,Central
US-2021-166975,11/26/2020,Stefanie Holloman,Furniture,0.2,190.4298,11,692.472,South
US-2021-101910,11/27/2020,Carlos Daly,Furniture,0.2,17.745,5,283.92,West
US-2021-125234,11/27/2020,Steve Nguyen,Office Supplies,0,53.4954,3,113.82,West
US-2021-125234,11/27/2020,Steve Nguyen,Technology,0,22.6737,3,107.97,West
US-2021-130974,11/27/2020,Matt Abelman,Furniture,0,32.4862,1,170.98,East
US-2021-130974,11/27/2020,Matt Abelman,Furniture,0,4.6764,3,38.97,East
US-2021-130974,11/27/2020,Matt Abelman,Furniture,0.3,0,4,446.068,East
US-2021-130974,11/27/2020,Matt Abelman,Office Supplies,0,19.2384,6,40.08,East
US-2021-130974,11/27/2020,Matt Abelman,Office Supplies,0,28.1718,3,59.94,East
US-2021-130974,11/27/2020,Matt Abelman,Office Supplies,0,69.705,5,154.9,East
US-2021-130974,11/27/2020,Matt Abelman,Technology,0,88.3932,2,259.98,East
US-2021-145184,11/27/2020,Justin Deggeller,Technology,0,7.3479,3,104.97,East
US-2021-145184,11/27/2020,Justin Deggeller,Technology,0,23.5116,3,83.97,East
US-2021-154389,11/27/2020,Eugene Hildebrand,Technology,0.4,-162.2296,8,748.752,East
US-2021-160059,11/27/2020,Thomas Brumley,Office Supplies,0,3.0576,2,6.24,South
US-2021-163762,11/27/2020,Jeremy Ellison,Office Supplies,0,12.5118,3,29.79,East
US-2021-168935,11/27/2020,Denny Ordway,Furniture,0.45,-157.0095,3,375.4575,South
US-2021-168935,11/27/2020,Denny Ordway,Technology,0.2,-1.0497,3,83.976,South
US-2021-111612,11/28/2020,Eugene Barchas,Furniture,0.2,9.779,5,71.12,East
US-2021-111612,11/28/2020,Eugene Barchas,Office Supplies,0.2,0.564,2,3.008,East
US-2021-136196,11/28/2020,Tom Prescott,Furniture,0,64.518,3,322.59,East
US-2021-142930,11/28/2020,Evan Bailliet,Office Supplies,0.2,117.432,4,335.52,Central
US-2021-157028,11/28/2020,Michelle Arnett,Office Supplies,0,3.4776,2,8.28,West
US-2021-157133,11/28/2020,Lena Creighton,Furniture,0.6,-182.352,5,151.96,Central
US-2021-159982,11/28/2020,Dan Reichenbach,Furniture,0.6,-8.4924,9,12.132,Central
US-2021-159982,11/28/2020,Dan Reichenbach,Office Supplies,0.2,4.044,5,53.92,Central
US-2021-159982,11/28/2020,Dan Reichenbach,Office Supplies,0.2,-19.5624,2,82.368,Central
US-2021-159982,11/28/2020,Dan Reichenbach,Technology,0.2,56.6916,6,647.904,Central
US-2021-161711,11/28/2020,Mark Cousins,Furniture,0,27.9456,3,68.16,East
US-2021-161711,11/28/2020,Mark Cousins,Office Supplies,0,29.2528,8,62.24,East
US-2021-164497,11/28/2020,Ashley Jarboe,Office Supplies,0,15.3952,4,45.28,West
US-2021-110016,11/29/2020,Bill Tyler,Furniture,0,121.7601,9,1106.91,Central
US-2021-110016,11/29/2020,Bill Tyler,Office Supplies,0,9.3624,4,19.92,Central
US-2021-129112,11/29/2020,Anthony Witt,Office Supplies,0.8,-13.6152,4,8.784,Central
US-2021-129112,11/29/2020,Anthony Witt,Technology,0.2,-0.2685,3,21.48,Central
US-2021-138009,11/29/2020,Sylvia Foulston,Furniture,0,87.5684,2,301.96,Central
US-2021-138009,11/29/2020,Sylvia Foulston,Office Supplies,0.1,178.901,5,555.21,Central
US-2021-138009,11/29/2020,Sylvia Foulston,Office Supplies,0,46.9278,9,161.82,Central
US-2021-138009,11/29/2020,Sylvia Foulston,Office Supplies,0,130.87,4,523.48,Central
US-2021-144099,11/29/2020,Phillina Ober,Office Supplies,0.2,1.5602,1,4.304,West
US-2021-154340,11/29/2020,Eileen Kiefer,Office Supplies,0,15.764,2,56.3,West
US-2021-107685,11/30/2020,John Murray,Furniture,0,29.1456,4,80.96,West
US-2021-107685,11/30/2020,John Murray,Office Supplies,0,12.4416,4,25.92,West
US-2021-122210,11/30/2020,William Brown,Office Supplies,0.7,-122.3928,3,152.991,East
US-2021-122210,11/30/2020,William Brown,Office Supplies,0.2,-2.3814,7,10.584,East
US-2021-122210,11/30/2020,William Brown,Technology,0.4,15.82,4,94.92,East
US-2021-137925,11/30/2020,Janet Lee,Furniture,0.2,42.588,12,681.408,East
US-2021-137925,11/30/2020,Janet Lee,Office Supplies,0,10.8836,7,23.66,East
US-2021-140830,11/30/2020,Paul Stevenson,Office Supplies,0,8.2156,2,17.48,South
US-2021-140830,11/30/2020,Paul Stevenson,Office Supplies,0,32.346,2,71.88,South
US-2021-141327,11/30/2020,Lena Radford,Furniture,0.2,25.1808,2,335.744,South
US-2021-141327,11/30/2020,Lena Radford,Office Supplies,0.2,9.8352,3,98.352,South
US-2021-141327,11/30/2020,Lena Radford,Office Supplies,0.7,-4.2336,7,6.048,South
US-2021-141453,11/30/2020,Deborah Brumfield,Office Supplies,0.8,-5.823,3,3.882,Central
US-2021-156328,11/30/2020,Raymond Messe,Technology,0.2,19.9665,3,177.48,South
US-2021-158323,11/30/2020,Ann Blume,Furniture,0.2,1.068,2,17.088,South
US-2021-103723,12/1/2020,Beth Thompson,Office Supplies,0,5.56,5,13.9,West
US-2021-105676,12/1/2020,Neoma Murray,Furniture,0.6,-4.0128,4,6.688,Central
US-2021-110324,12/1/2020,Matt Abelman,Office Supplies,0,1.0192,2,3.64,Central
US-2021-110324,12/1/2020,Matt Abelman,Office Supplies,0,8.7138,2,18.54,Central
US-2021-110324,12/1/2020,Matt Abelman,Office Supplies,0,9.3312,3,19.44,Central
US-2021-111038,12/1/2020,Lindsay Castell,Furniture,0.2,267.6672,9,2676.672,West
US-2021-119907,12/1/2020,Logan Currie,Office Supplies,0.2,19.3984,2,55.424,West
US-2021-137113,12/1/2020,Tamara Willingham,Furniture,0.2,125.245,5,2003.92,West
US-2021-137113,12/1/2020,Tamara Willingham,Furniture,0,401.814,9,1913.4,West
US-2021-137113,12/1/2020,Tamara Willingham,Office Supplies,0,52.532,5,114.2,West
US-2021-137113,12/1/2020,Tamara Willingham,Office Supplies,0,15.552,5,32.4,West
US-2021-137113,12/1/2020,Tamara Willingham,Office Supplies,0,2.9346,3,146.73,West
US-2021-148817,12/1/2020,Keith Dawkins,Office Supplies,0,30.7008,4,63.96,South
US-2021-148817,12/1/2020,Keith Dawkins,Office Supplies,0,16.6536,4,61.68,South
US-2021-110093,12/3/2020,Alejandro Ballentine,Office Supplies,0.2,5.5512,2,16.448,East
US-2021-110093,12/3/2020,Alejandro Ballentine,Technology,0.2,10.5754,2,36.784,East
US-2021-122756,12/3/2020,Dean Katz,Furniture,0.2,0.777,1,2.96,East
US-2021-122756,12/3/2020,Dean Katz,Technology,0.7,-337.638,4,482.34,East
US-2021-123092,12/3/2020,Jack Garza,Furniture,0.2,12.6672,3,77.952,South
US-2021-123092,12/3/2020,Jack Garza,Office Supplies,0.2,1.168,2,9.344,South
US-2021-123092,12/3/2020,Jack Garza,Office Supplies,0.7,-73.577,5,95.97,South
US-2021-123092,12/3/2020,Jack Garza,Technology,0.2,9.2386,2,105.584,South
US-2021-142475,12/3/2020,Bill Stewart,Office Supplies,0.2,206.6232,6,590.352,East
US-2021-145422,12/3/2020,Pierre Wener,Furniture,0.15,-29.6058,3,359.499,West
US-2021-147851,12/3/2020,Mark Packer,Office Supplies,0.2,3.36,4,10.752,East
US-2021-156853,12/3/2020,Harold Pawlan,Office Supplies,0,84.9436,7,184.66,East
US-2021-110247,12/4/2020,Ritsa Hightower,Office Supplies,0.7,-6.0324,3,8.226,South
US-2021-118871,12/4/2020,Harry Marie,Furniture,0,13.832,5,36.4,West
US-2021-118871,12/4/2020,Harry Marie,Office Supplies,0,122.148,3,271.44,West
US-2021-118871,12/4/2020,Harry Marie,Technology,0.2,8.2764,3,110.352,West
US-2021-119508,12/4/2020,Tracy Zic,Furniture,0,9.0288,6,25.08,West
US-2021-119508,12/4/2020,Tracy Zic,Office Supplies,0,6.253,5,16.9,West
US-2021-130659,12/4/2020,Maribeth Schnelling,Furniture,0.1,29.8802,7,384.174,East
US-2021-130659,12/4/2020,Maribeth Schnelling,Office Supplies,0,8.7906,3,17.94,East
US-2021-130659,12/4/2020,Maribeth Schnelling,Technology,0,539.925,5,1799.75,East
US-2021-142377,12/4/2020,Michael Stewart,Office Supplies,0,40.4012,7,85.96,Central
US-2021-155600,12/4/2020,Rose O'Brian,Office Supplies,0.2,12.012,4,36.96,South
US-2021-155600,12/4/2020,Rose O'Brian,Office Supplies,0.7,-1065.372,7,1598.058,South
US-2021-161718,12/4/2020,Sean O'Donnell,Furniture,0.1,8.098,5,364.41,East
US-2021-161718,12/4/2020,Sean O'Donnell,Furniture,0.1,68.3332,2,361.764,East
US-2021-161718,12/4/2020,Sean O'Donnell,Furniture,0,11.376,3,28.44,East
US-2021-161718,12/4/2020,Sean O'Donnell,Technology,0,10.3896,4,39.96,East
US-2021-101091,12/5/2020,Scot Wooten,Office Supplies,0.7,-19.9824,6,26.064,East
US-2021-101091,12/5/2020,Scot Wooten,Technology,0.2,0.5998,2,47.984,East
US-2021-110814,12/5/2020,Brian Derr,Furniture,0.1,12.8058,3,164.646,East
US-2021-110814,12/5/2020,Brian Derr,Office Supplies,0.2,78.435,5,232.4,East
US-2021-110814,12/5/2020,Brian Derr,Office Supplies,0,11.1132,2,22.68,East
US-2021-117898,12/5/2020,Tim Brockman,Office Supplies,0.2,4.4312,2,12.224,Central
US-2021-131842,12/5/2020,Rick Reed,Furniture,0.2,10.9602,2,97.424,South
US-2021-134943,12/5/2020,Stephanie Ulpright,Office Supplies,0,76.4,5,152.8,Central
US-2021-142937,12/5/2020,Sandra Flanagan,Office Supplies,0.2,4.504,2,45.04,Central
US-2021-149566,12/5/2020,George Bell,Office Supplies,0,6.048,4,12.6,West
US-2021-149566,12/5/2020,George Bell,Technology,0,17.55,3,39,West
US-2021-156440,12/5/2020,Matt Hagelstein,Furniture,0,14.6718,2,44.46,West
US-2021-114741,12/6/2020,Ivan Liston,Office Supplies,0,6.8724,3,14.94,West
US-2021-114741,12/6/2020,Ivan Liston,Office Supplies,0,3.1104,1,6.48,West
US-2021-114741,12/6/2020,Ivan Liston,Office Supplies,0,238.653,5,1325.85,West
US-2021-127040,12/6/2020,Speros Goranitis,Furniture,0,42.1504,4,113.92,East
US-2021-127040,12/6/2020,Speros Goranitis,Office Supplies,0,20.5114,7,41.86,East
US-2021-127040,12/6/2020,Speros Goranitis,Office Supplies,0,3.1104,1,6.48,East
US-2021-127040,12/6/2020,Speros Goranitis,Technology,0,97.1946,9,1619.91,East
US-2021-131884,12/6/2020,Dennis Kane,Furniture,0.3,-24.2352,1,70.686,East
US-2021-131884,12/6/2020,Dennis Kane,Office Supplies,0.2,4.672,8,37.376,East
US-2021-131884,12/6/2020,Dennis Kane,Technology,0.4,-89.089,2,485.94,East
US-2021-136700,12/6/2020,David Bremer,Office Supplies,0,4.3904,2,8.96,West
US-2021-143490,12/6/2020,Naresj Patel,Office Supplies,0,33.642,9,120.15,West
US-2021-143490,12/6/2020,Naresj Patel,Technology,0.2,19.1786,2,219.184,West
US-2021-144806,12/6/2020,Gary Hwang,Furniture,0.2,48.9516,6,206.112,West
US-2021-144806,12/6/2020,Gary Hwang,Office Supplies,0.2,9.7092,6,86.304,West
US-2021-144806,12/6/2020,Gary Hwang,Office Supplies,0.2,6.723,5,19.92,West
US-2021-144806,12/6/2020,Gary Hwang,Office Supplies,0.2,61.96,8,198.272,West
US-2021-144806,12/6/2020,Gary Hwang,Office Supplies,0.2,-58.6872,6,247.104,West
US-2021-148628,12/6/2020,Katherine Murray,Office Supplies,0,15.065,5,32.75,West
US-2021-149692,12/6/2020,Katrina Willman,Office Supplies,0.8,-4.851,7,2.772,Central
US-2021-153752,12/6/2020,Rose O'Brian,Technology,0,50.4426,6,173.94,South
US-2021-156104,12/6/2020,Nora Pelletier,Technology,0,449.991,2,999.98,Central
US-2021-166338,12/6/2020,Mike Pelletier,Office Supplies,0.7,-10.3824,3,14.832,East
US-2021-168634,12/6/2020,Art Ferguson,Office Supplies,0,2.0228,2,7.78,West
US-2021-120957,12/7/2020,Kristen Hastings,Office Supplies,0,6.2208,2,12.96,West
US-2021-130736,12/7/2020,Jeremy Farry,Office Supplies,0,0,2,3.96,West
US-2021-130736,12/7/2020,Jeremy Farry,Office Supplies,0,1.2006,1,2.61,West
US-2021-134894,12/7/2020,Darren Koutras,Furniture,0,70.98,4,283.92,South
US-2021-134894,12/7/2020,Darren Koutras,Office Supplies,0,41.2938,3,152.94,South
US-2021-135272,12/7/2020,Melanie Seite,Furniture,0,28.7712,4,79.92,West
US-2021-165050,12/7/2020,Alan Hwang,Office Supplies,0.2,7.209,5,21.36,East
US-2021-165050,12/7/2020,Alan Hwang,Office Supplies,0.2,2.3408,2,6.688,East
US-2021-165050,12/7/2020,Alan Hwang,Technology,0,224.4426,6,773.94,East
US-2021-103205,12/8/2020,Joel Jenkins,Technology,0.2,11.996,5,119.96,Central
US-2021-129532,12/8/2020,Yana Sorensen,Office Supplies,0,4.4392,2,221.96,West
US-2021-129532,12/8/2020,Yana Sorensen,Technology,0,40.12,4,236,West
US-2021-135622,12/8/2020,Tonja Turnell,Office Supplies,0.2,130.7581,11,360.712,Central
US-2021-135622,12/8/2020,Tonja Turnell,Technology,0.2,150.36,6,1718.4,Central
US-2021-156118,12/8/2020,Henry Goldwyn,Office Supplies,0.2,5.1012,3,15.696,West
US-2021-157035,12/9/2020,Ken Brennan,Office Supplies,0,16.6698,3,34.02,Central
US-2021-106208,12/10/2020,Julia West,Office Supplies,0.8,-108.8304,7,53.088,Central
US-2021-112823,12/10/2020,Ryan Akin,Technology,0.2,4.4604,2,25.488,East
US-2021-115693,12/10/2020,Frank Carlisle,Office Supplies,0,15.764,2,56.3,West
US-2021-121650,12/10/2020,Keith Dawkins,Furniture,0,32.6332,2,191.96,Central
US-2021-121650,12/10/2020,Keith Dawkins,Furniture,0,200.49,2,801.96,Central
US-2021-121650,12/10/2020,Keith Dawkins,Office Supplies,0,1.521,2,3.9,Central
US-2021-121650,12/10/2020,Keith Dawkins,Office Supplies,0,1.2006,1,2.61,Central
US-2021-127502,12/10/2020,Meg Tillman,Office Supplies,0,2.8224,2,5.76,West
US-2021-138093,12/10/2020,Kalyca Meade,Furniture,0,141.1644,3,542.94,East
US-2021-138093,12/10/2020,Kalyca Meade,Office Supplies,0,9.3024,9,27.36,East
US-2021-138093,12/10/2020,Kalyca Meade,Office Supplies,0,12.672,5,26.4,East
US-2021-138093,12/10/2020,Kalyca Meade,Office Supplies,0,20.585,5,44.75,East
US-2021-138093,12/10/2020,Kalyca Meade,Technology,0,36.4473,1,134.99,East
US-2021-143105,12/10/2020,Matt Abelman,Office Supplies,0,3.4357,1,7.31,East
US-2021-143105,12/10/2020,Matt Abelman,Office Supplies,0,84.9436,7,184.66,East
US-2021-143105,12/10/2020,Matt Abelman,Office Supplies,0,18.9888,6,41.28,East
US-2021-143105,12/10/2020,Matt Abelman,Technology,0.2,249.995,2,799.984,East
US-2021-168732,12/10/2020,Khloe Miller,Office Supplies,0,0.4984,1,1.78,South
US-2021-168732,12/10/2020,Khloe Miller,Office Supplies,0,12.4416,4,25.92,South
US-2021-168732,12/10/2020,Khloe Miller,Technology,0,21.4074,6,101.94,South
US-2021-104346,12/11/2020,Irene Maddox,Furniture,0.7,-143.7904,4,69.576,West
US-2021-104346,12/11/2020,Irene Maddox,Furniture,0.2,10.984,5,54.92,West
US-2021-104346,12/11/2020,Irene Maddox,Furniture,0.2,15.0696,9,52.416,West
US-2021-104346,12/11/2020,Irene Maddox,Furniture,0.5,-248.166,5,364.95,West
US-2021-104346,12/11/2020,Irene Maddox,Office Supplies,0.2,1.148,5,13.12,West
US-2021-104346,12/11/2020,Irene Maddox,Office Supplies,0.2,0.4752,3,4.224,West
US-2021-104346,12/11/2020,Irene Maddox,Office Supplies,0.2,28.7064,3,85.056,West
US-2021-104346,12/11/2020,Irene Maddox,Office Supplies,0.2,9.6936,3,27.696,West
US-2021-104346,12/11/2020,Irene Maddox,Technology,0.2,-6.534,4,58.08,West
US-2021-106362,12/11/2020,Lena Creighton,Office Supplies,0.7,-7.5768,3,10.332,East
US-2021-120572,12/11/2020,Gary Hwang,Office Supplies,0.7,-8.9796,2,12.828,South
US-2021-134082,12/11/2020,Jim Kriz,Office Supplies,0.2,38.6848,4,110.528,West
US-2021-135853,12/11/2020,Cynthia Arntzen,Office Supplies,0,10.35,2,23,Central
US-2021-135853,12/11/2020,Cynthia Arntzen,Technology,0,61.3305,11,175.23,Central
US-2021-135853,12/11/2020,Cynthia Arntzen,Technology,0,31.4975,1,125.99,Central
US-2021-150560,12/11/2020,Shaun Weien,Office Supplies,0,96.3438,2,196.62,South
US-2021-155761,12/11/2020,Stuart Calhoun,Office Supplies,0.2,4.6344,3,46.344,Central
US-2021-155761,12/11/2020,Stuart Calhoun,Technology,0.2,35.9964,2,159.984,Central
US-2021-110870,12/12/2020,Karen Daniels,Office Supplies,0,0.5152,7,25.76,West
US-2021-110870,12/12/2020,Karen Daniels,Technology,0,128.9742,6,299.94,West
US-2021-127481,12/12/2020,Jonathan Doherty,Office Supplies,0,15.876,5,32.4,West
US-2021-127481,12/12/2020,Jonathan Doherty,Office Supplies,0,48.94,2,97.88,West
US-2021-129042,12/12/2020,Eric Murdock,Office Supplies,0,2.2194,3,8.22,East
US-2021-134075,12/12/2020,Helen Abelman,Furniture,0,21.645,3,166.5,West
US-2021-134075,12/12/2020,Helen Abelman,Office Supplies,0,93.6988,2,360.38,West
US-2021-145065,12/12/2020,Dennis Kane,Office Supplies,0.2,8.8624,2,24.448,West
US-2021-145065,12/12/2020,Dennis Kane,Office Supplies,0,3.6156,2,7.86,West
US-2021-154620,12/12/2020,Liz Thompson,Furniture,0.2,34.8928,2,348.928,West
US-2021-155586,12/12/2020,Xylona Preis,Office Supplies,0,0.5967,1,2.21,West
US-2021-155586,12/12/2020,Xylona Preis,Office Supplies,0,7.4496,4,15.52,West
US-2021-155586,12/12/2020,Xylona Preis,Office Supplies,0,16.398,4,36.44,West
US-2021-167220,12/12/2020,Joni Blumstein,Technology,0.2,6.4308,4,22.368,Central
US-2021-125423,12/13/2020,Matt Collins,Office Supplies,0,4.5816,2,9.96,West
US-2021-139962,12/13/2020,Dean percer,Office Supplies,0,18.94,2,37.88,East
US-2021-139962,12/13/2020,Dean percer,Office Supplies,0,9.3312,3,19.44,East
US-2021-148250,12/13/2020,Rachel Payne,Office Supplies,0,34.9648,4,134.48,West
US-2021-148250,12/13/2020,Rachel Payne,Office Supplies,0,6.2208,2,12.96,West
US-2021-157770,12/13/2020,Rob Dowd,Office Supplies,0.2,9.855,5,29.2,West
US-2021-157770,12/13/2020,Rob Dowd,Technology,0,27.3735,5,248.85,West
US-2021-157770,12/13/2020,Rob Dowd,Technology,0,15.2208,1,36.24,West
US-2021-157770,12/13/2020,Rob Dowd,Technology,0.2,49.4376,3,494.376,West
US-2021-114048,12/14/2020,Eric Hoffmann,Furniture,0,12.8568,3,29.22,West
US-2021-119592,12/14/2020,Muhammed MacIntyre,Office Supplies,0,1.8048,2,3.76,South
US-2021-123232,12/14/2020,Doug Jacobs,Technology,0.2,35.9964,4,319.968,West
US-2021-125066,12/14/2020,Keith Dawkins,Furniture,0,1.9712,2,6.16,South
US-2021-125066,12/14/2020,Keith Dawkins,Office Supplies,0,15.764,2,56.3,South
US-2021-126347,12/14/2020,Ashley Jarboe,Technology,0,10.5,2,50,West
US-2021-130253,12/14/2020,Paul Prost,Furniture,0,5.1816,3,15.24,West
US-2021-141593,12/14/2020,Darren Budd,Furniture,0.2,10.2588,2,273.568,West
US-2021-141593,12/14/2020,Darren Budd,Office Supplies,0.2,11.5587,3,34.248,West
US-2021-141593,12/14/2020,Darren Budd,Office Supplies,0.2,20.724,2,55.264,West
US-2021-141593,12/14/2020,Darren Budd,Office Supplies,0,3.1104,1,6.48,West
US-2021-146696,12/14/2020,Rick Duston,Office Supplies,0.2,2.7324,2,8.096,West
US-2021-109638,12/15/2020,Joseph Holt,Office Supplies,0,36.372,4,103.92,West
US-2021-109638,12/15/2020,Joseph Holt,Office Supplies,0.2,18.6006,3,51.312,West
US-2021-109638,12/15/2020,Joseph Holt,Technology,0,377.9622,9,899.91,West
US-2021-137225,12/15/2020,Jim Kriz,Office Supplies,0,1.4104,1,3.28,East
US-2021-147830,12/15/2020,Natalie Fritzler,Furniture,0.2,69.0018,7,262.864,East
US-2021-147830,12/15/2020,Natalie Fritzler,Technology,0.2,607.608,6,2025.36,East
US-2021-147830,12/15/2020,Natalie Fritzler,Technology,0.7,-2639.9912,2,1799.994,East
US-2021-147830,12/15/2020,Natalie Fritzler,Technology,0.4,-16.998,2,101.988,East
US-2021-150308,12/15/2020,Rick Reed,Technology,0.2,21.5397,3,246.168,South
US-2021-162544,12/16/2020,Sandra Glassco,Office Supplies,0,2.3406,1,4.98,West
US-2021-129637,12/17/2020,Mick Crebagga,Furniture,0.6,-19.7372,2,41.552,Central
US-2021-129637,12/17/2020,Mick Crebagga,Office Supplies,0.2,1.476,5,13.12,Central
US-2021-129637,12/17/2020,Mick Crebagga,Office Supplies,0.2,-15.7514,1,180.016,Central
US-2021-134117,12/17/2020,Paul Gonzalez,Office Supplies,0,7.052,5,16.4,West
US-2021-134117,12/17/2020,Paul Gonzalez,Office Supplies,0,53.261,5,204.85,West
US-2021-134117,12/17/2020,Paul Gonzalez,Office Supplies,0.2,31.374,2,92.96,West
US-2021-134117,12/17/2020,Paul Gonzalez,Technology,0.2,16.998,2,135.984,West
US-2021-138121,12/17/2020,John Lee,Furniture,0,136.665,9,546.66,Central
US-2021-138121,12/17/2020,John Lee,Furniture,0,48.4704,3,302.94,Central
US-2021-138121,12/17/2020,John Lee,Furniture,0,38.4372,2,142.36,Central
US-2021-138121,12/17/2020,John Lee,Furniture,0,14.8491,3,212.13,Central
US-2021-138121,12/17/2020,John Lee,Office Supplies,0,14.4648,4,29.52,Central
US-2021-107468,12/18/2020,Michael Kennedy,Office Supplies,0.2,0.5992,2,6.848,West
US-2021-120161,12/18/2020,Liz MacKendrick,Office Supplies,0.2,-145.5246,9,646.776,East
US-2021-137533,12/18/2020,Jim Kriz,Office Supplies,0.2,7.2576,4,20.736,East
US-2021-137960,12/18/2020,Mitch Webber,Technology,0,24.936,1,166.24,East
US-2021-153038,12/18/2020,Robert Barroso,Furniture,0.2,3.556,5,20.32,South
US-2021-153038,12/18/2020,Robert Barroso,Office Supplies,0.2,18.8784,8,55.936,South
US-2021-153038,12/18/2020,Robert Barroso,Office Supplies,0.2,5.9904,8,18.432,South
US-2021-100685,12/19/2020,Suzanne McNair,Office Supplies,0,3.3088,2,7.04,Central
US-2021-100685,12/19/2020,Suzanne McNair,Office Supplies,0,0.2016,4,5.04,Central
US-2021-100685,12/19/2020,Suzanne McNair,Office Supplies,0,56.9772,3,116.28,Central
US-2021-109113,12/19/2020,Eileen Kiefer,Technology,0.2,4.779,2,25.488,Central
US-2021-110261,12/19/2020,Patrick Ryan,Technology,0.2,13.8579,3,158.376,Central
US-2021-115399,12/19/2020,Arthur Gainer,Office Supplies,0.2,2.5056,3,6.912,East
US-2021-127453,12/19/2020,Jay Kimmel,Office Supplies,0.2,43.4352,3,434.352,East
US-2021-127453,12/19/2020,Jay Kimmel,Office Supplies,0.2,0.444,2,3.552,East
US-2021-127453,12/19/2020,Jay Kimmel,Office Supplies,0.2,7.7728,4,88.832,East
US-2021-134558,12/19/2020,Peter McVee,Furniture,0.3,-105.3164,4,1053.164,East
US-2021-134558,12/19/2020,Peter McVee,Office Supplies,0,14.651,5,29.9,East
US-2021-134558,12/19/2020,Peter McVee,Technology,0,517.4793,9,2249.91,East
US-2021-157084,12/19/2020,James Galang,Technology,0,556.974,3,1265.85,West
US-2021-157084,12/19/2020,James Galang,Technology,0.2,84.495,5,675.96,West
US-2021-120712,12/20/2020,Chad Sievert,Office Supplies,0.2,-2.22,4,88.8,Central
US-2021-123218,12/20/2020,Katherine Ducich,Furniture,0.3,-71.8116,3,359.058,Central
US-2021-123218,12/20/2020,Katherine Ducich,Technology,0.2,51.1936,4,255.968,Central
US-2021-123218,12/20/2020,Katherine Ducich,Technology,0.2,11.9988,2,159.984,Central
US-2021-137071,12/20/2020,Emily Ducich,Technology,0.2,21.42,2,100.8,Central
US-2021-141754,12/20/2020,Evan Minnotte,Office Supplies,0.2,3.9474,2,11.696,South
US-2021-154144,12/20/2020,Maya Herman,Office Supplies,0,26.6304,1,55.48,East
US-2021-154795,12/20/2020,Gary Zandusky,Furniture,0.2,3.9512,2,14.368,West
US-2021-154795,12/20/2020,Gary Zandusky,Office Supplies,0.2,2.772,1,7.92,West
US-2021-158148,12/20/2020,John Murray,Office Supplies,0,10.881,3,36.27,South
US-2021-158918,12/20/2020,Arianne Irving,Office Supplies,0,7.704,4,17.12,West
US-2021-112375,12/21/2020,Roger Demir,Office Supplies,0.2,9.2178,2,27.312,South
US-2021-112375,12/21/2020,Roger Demir,Technology,0.2,14.628,6,50.88,South
US-2021-126214,12/21/2020,John Stevenson,Furniture,0,356.0414,13,1618.37,West
US-2021-126214,12/21/2020,John Stevenson,Technology,0,36.852,1,99.6,West
US-2021-127019,12/21/2020,Elpida Rittenbach,Office Supplies,0.2,4.5738,7,60.984,West
US-2021-154284,12/21/2020,Sam Zeldin,Furniture,0.6,-33.6414,3,51.756,Central
US-2021-154284,12/21/2020,Sam Zeldin,Office Supplies,0.2,14.2272,2,59.904,Central
US-2021-154284,12/21/2020,Sam Zeldin,Technology,0.2,135.456,8,637.44,Central
US-2021-154284,12/21/2020,Sam Zeldin,Technology,0.3,137.264,2,600.53,Central
US-2021-161795,12/21/2020,Adam Hart,Office Supplies,0.2,0.3384,2,3.008,East
US-2021-165414,12/21/2020,Lynn Smith,Technology,0.2,4.7976,3,47.976,South
US-2021-153612,12/22/2020,Beth Thompson,Office Supplies,0,4.9648,4,17.12,Central
US-2021-157287,12/22/2020,Harold Ryan,Furniture,0.3,0,7,422.625,East
US-2021-157287,12/22/2020,Harold Ryan,Office Supplies,0.2,1.6784,2,33.568,East
US-2021-117828,12/23/2020,Bradley Drucker,Office Supplies,0,56.3528,4,194.32,South
US-2021-103471,12/24/2020,Jim Radford,Furniture,0.7,-786.744,7,590.058,West
US-2021-103471,12/24/2020,Jim Radford,Office Supplies,0.2,1.5795,3,14.04,West
US-2021-120103,12/24/2020,Maribeth Schnelling,Furniture,0.2,1.7352,2,7.712,West
US-2021-120103,12/24/2020,Maribeth Schnelling,Office Supplies,0.2,37.1812,7,106.232,West
US-2021-120103,12/24/2020,Maribeth Schnelling,Technology,0.2,11.1984,2,111.984,West
US-2021-124653,12/24/2020,David Bremer,Office Supplies,0,10.3488,7,21.56,East
US-2021-124653,12/24/2020,David Bremer,Office Supplies,0,63.7392,7,132.79,East
US-2021-124653,12/24/2020,David Bremer,Office Supplies,0,6.2208,2,12.96,East
US-2021-128587,12/24/2020,Harry Marie,Furniture,0,3.7752,2,9.68,Central
US-2021-128587,12/24/2020,Harry Marie,Technology,0,2302.9671,7,4899.93,Central
US-2021-135538,12/24/2020,Harold Ryan,Furniture,0.2,99.432,4,883.84,West
US-2021-158456,12/24/2020,Kean Takahito,Office Supplies,0.2,7.2268,4,19.936,West
US-2021-158456,12/24/2020,Kean Takahito,Office Supplies,0,21.5824,4,45.92,West
US-2021-169397,12/24/2020,Joni Blumstein,Furniture,0.2,19.0848,4,72.704,East
US-2021-169397,12/24/2020,Joni Blumstein,Office Supplies,0.2,2.7168,2,27.168,East
US-2021-169397,12/24/2020,Joni Blumstein,Office Supplies,0.7,-13.8432,4,19.776,East
US-2021-169397,12/24/2020,Joni Blumstein,Office Supplies,0.2,1.8148,2,5.584,East
US-2021-169397,12/24/2020,Joni Blumstein,Office Supplies,0.2,8.2302,6,22.704,East
US-2021-169397,12/24/2020,Joni Blumstein,Technology,0.7,-383.9904,4,479.988,East
US-2021-111780,12/25/2020,Ralph Arnett,Office Supplies,0,6.174,3,12.6,West
US-2021-111780,12/25/2020,Ralph Arnett,Office Supplies,0,8.073,3,17.94,West
US-2021-111780,12/25/2020,Ralph Arnett,Technology,0.2,224.9925,5,1199.96,West
US-2021-113152,12/25/2020,Jim Karlsson,Furniture,0.2,56.196,2,449.568,East
US-2021-113152,12/25/2020,Jim Karlsson,Technology,0,371.316,2,843.9,East
US-2021-136749,12/25/2020,Lena Hernandez,Furniture,0,46.8996,6,275.88,South
US-2021-136749,12/25/2020,Lena Hernandez,Office Supplies,0,74.213,5,157.9,South
US-2021-143980,12/25/2020,Jim Kriz,Office Supplies,0,124.488,2,414.96,East
US-2021-144288,12/25/2020,Maria Bertelson,Office Supplies,0.2,3.3408,4,9.216,South
US-2021-144288,12/25/2020,Maria Bertelson,Office Supplies,0.2,3.6288,2,10.368,South
US-2021-144890,12/25/2020,Sean Miller,Office Supplies,0,4.8804,2,9.96,West
US-2021-147739,12/25/2020,Justin Deggeller,Furniture,0.2,-68.392,4,547.136,East
US-2021-153717,12/25/2020,Dionis Lloyd,Furniture,0,20.9274,1,160.98,Central
US-2021-153717,12/25/2020,Dionis Lloyd,Office Supplies,0,0.9512,1,3.28,Central
US-2021-153717,12/25/2020,Dionis Lloyd,Office Supplies,0,8.4966,3,17.34,Central
US-2021-153717,12/25/2020,Dionis Lloyd,Technology,0,19.9746,2,73.98,Central
US-2021-111073,12/26/2020,Mick Crebagga,Furniture,0.4,-15.4764,1,51.588,East
US-2021-119550,12/26/2020,Roger Barcio,Furniture,0.3,-90.3762,3,275.058,Central
US-2021-124933,12/26/2020,David Flashing,Office Supplies,0,99.9408,6,212.64,East
US-2021-158792,12/26/2020,Brian Dahlen,Office Supplies,0,10.434,5,22.2,East
US-2021-101889,12/27/2020,David Bremer,Furniture,0.4,-464.697,9,1548.99,East
US-2021-101889,12/27/2020,David Bremer,Office Supplies,0.2,6.7068,3,19.872,East
US-2021-103870,12/27/2020,Sung Pak,Furniture,0.2,8.194,2,131.104,South
US-2021-103870,12/27/2020,Sung Pak,Furniture,0.2,16.0056,3,53.352,South
US-2021-103870,12/27/2020,Sung Pak,Office Supplies,0.2,2.2512,3,22.512,South
US-2021-103870,12/27/2020,Sung Pak,Technology,0.2,0.7092,3,4.728,South
US-2021-103870,12/27/2020,Sung Pak,Technology,0.2,-12.7302,7,72.744,South
US-2021-117415,12/27/2020,Steve Nguyen,Furniture,0.32,-46.9764,3,532.3992,Central
US-2021-117415,12/27/2020,Steve Nguyen,Furniture,0.3,-15.147,3,212.058,Central
US-2021-117415,12/27/2020,Steve Nguyen,Office Supplies,0.2,35.415,9,113.328,Central
US-2021-117415,12/27/2020,Steve Nguyen,Technology,0.2,41.7564,4,371.168,Central
US-2021-130113,12/27/2020,Aaron Hawkins,Office Supplies,0,61.389,2,323.1,West
US-2021-130113,12/27/2020,Aaron Hawkins,Technology,0.2,75.168,9,668.16,West
US-2021-134782,12/27/2020,Maribeth Dona,Office Supplies,0,51.6558,2,105.42,South
US-2021-148376,12/27/2020,Arthur Gainer,Office Supplies,0,31.0184,2,106.96,West
US-2021-148376,12/27/2020,Arthur Gainer,Office Supplies,0,10.3488,7,21.56,West
US-2021-151589,12/27/2020,Richard Eichhorn,Office Supplies,0,91.9508,4,195.64,Central
US-2021-151589,12/27/2020,Richard Eichhorn,Technology,0,71.97,2,239.9,Central
US-2021-155145,12/27/2020,Kean Nguyen,Technology,0,3.4848,8,7.92,West
US-2021-163783,12/27/2020,Daniel Raglin,Office Supplies,0.2,-3.168,3,12.672,Central
US-2021-165085,12/27/2020,Brad Thomas,Office Supplies,0,103.2284,2,355.96,East
US-2021-165085,12/27/2020,Brad Thomas,Office Supplies,0,14.161,5,28.9,East
US-2021-119697,12/28/2020,Eric Murdock,Technology,0.2,1.3596,2,54.384,East
US-2021-148859,12/28/2020,Fred Harton,Office Supplies,0.2,1.551,2,24.816,Central
US-2021-130855,12/29/2020,Roy Französisch,Office Supplies,0,0.0636,2,6.36,East
US-2021-135580,12/30/2020,Clay Ludtke,Office Supplies,0,122.148,3,271.44,West
US-2021-135580,12/30/2020,Clay Ludtke,Office Supplies,0,31.5192,3,68.52,West
US-2021-135580,12/30/2020,Clay Ludtke,Office Supplies,0,14.2386,3,74.94,West
US-2021-135580,12/30/2020,Clay Ludtke,Technology,0.2,286.713,6,2548.56,West
US-2021-135580,12/30/2020,Clay Ludtke,Technology,0.2,35.985,3,287.88,West
US-2021-109197,12/31/2020,Jas O'Carroll,Office Supplies,0.2,152.495,2,487.984,West
US-2021-109470,12/31/2020,Karen Carlisle,Office Supplies,0,167.808,12,364.8,South
US-2021-109470,12/31/2020,Karen Carlisle,Office Supplies,0,27.8944,4,60.64,South
US-2021-109470,12/31/2020,Karen Carlisle,Office Supplies,0,38.15,5,76.3,South
US-2021-109470,12/31/2020,Karen Carlisle,Office Supplies,0,44.5278,3,94.74,South
US-2021-120901,12/31/2020,Barry Gonzalez,Office Supplies,0.2,0.5668,2,3.488,Central
US-2021-120901,12/31/2020,Barry Gonzalez,Office Supplies,0.2,-26.7204,2,152.688,Central
US-2021-120901,12/31/2020,Barry Gonzalez,Office Supplies,0.2,-1.3248,2,5.888,Central
US-2021-139780,12/31/2020,Anna Häberlin,Office Supplies,0,52.38,8,116.4,Central
US-2021-156377,12/31/2020,Trudy Brown,Furniture,0.6,-11.439,5,14.76,Central
US-2021-156377,12/31/2020,Trudy Brown,Office Supplies,0.8,-5.8496,4,3.656,Central
US-2022-160304,1/2/2021,Brendan Murry,Furniture,0,38.2668,3,173.94,East
US-2022-160304,1/2/2021,Brendan Murry,Technology,0,67.2742,2,231.98,East
US-2022-105207,1/3/2021,Bill Overfelt,Furniture,0,350.427,7,1592.85,Central
US-2022-105207,1/3/2021,Bill Overfelt,Office Supplies,0,5.346,2,11.88,Central
US-2022-116365,1/3/2021,Christine Abelman,Technology,0.2,-5.264,2,30.08,Central
US-2022-116365,1/3/2021,Christine Abelman,Technology,0.2,-6.21,3,165.6,Central
US-2022-116365,1/3/2021,Christine Abelman,Technology,0.2,13.572,5,180.96,Central
US-2022-125206,1/3/2021,Lena Radford,Office Supplies,0,28.615,2,114.46,West
US-2022-158211,1/4/2021,Ben Peterman,Office Supplies,0.2,0.584,1,4.672,East
US-2022-158211,1/4/2021,Ben Peterman,Office Supplies,0.7,-80.178,6,104.58,East
US-2022-164630,1/4/2021,Erica Bern,Technology,0.2,119.996,4,959.968,South
US-2022-134474,1/5/2021,Anthony Johnson,Office Supplies,0.2,0.5904,2,5.248,South
US-2022-134474,1/5/2021,Anthony Johnson,Technology,0.2,40.6878,6,191.472,South
US-2022-134474,1/5/2021,Anthony Johnson,Technology,0.2,5.1786,2,59.184,South
US-2022-101938,1/7/2021,Dianna Wilson,Office Supplies,0,10.0282,1,34.58,West
US-2022-158806,1/7/2021,Neoma Murray,Furniture,0.6,-10.9611,3,23.076,Central
US-2022-158806,1/7/2021,Neoma Murray,Office Supplies,0.2,9.072,5,25.92,Central
US-2022-100461,1/8/2021,Jack O'Briant,Furniture,0,407.1288,6,1565.88,Central
US-2022-100461,1/8/2021,Jack O'Briant,Office Supplies,0,49.8435,7,106.05,Central
US-2022-137295,1/8/2021,Vivek Sundaresam,Office Supplies,0.2,5.952,3,47.616,South
US-2022-137295,1/8/2021,Vivek Sundaresam,Office Supplies,0.7,-24.6624,7,30.828,South
US-2022-137295,1/8/2021,Vivek Sundaresam,Technology,0.2,10.8784,2,108.784,South
US-2022-108882,1/9/2021,Laura Armstrong,Technology,0,118.983,5,349.95,West
US-2022-108882,1/9/2021,Laura Armstrong,Technology,0.2,141.723,9,377.928,West
US-2022-126543,1/9/2021,Maureen Fritzler,Furniture,0.2,3.792,2,15.168,East
US-2022-116547,1/10/2021,Ken Black,Furniture,0,34.3656,4,79.92,West
US-2022-116547,1/10/2021,Ken Black,Technology,0,13.2962,2,69.98,West
US-2022-163937,1/10/2021,Joy Bell-,Furniture,0,7.7035,5,24.85,West
US-2022-126529,1/11/2021,Deanra Eno,Office Supplies,0.2,5.4432,3,15.552,East
US-2022-126529,1/11/2021,Deanra Eno,Office Supplies,0.2,20.5764,3,63.312,East
US-2022-126529,1/11/2021,Deanra Eno,Technology,0.4,-9.8724,2,15.588,East
US-2022-141887,1/11/2021,Mark Packer,Furniture,0.2,8.9362,14,54.992,East
US-2022-133368,1/14/2021,Anna Gayman,Furniture,0.2,31.5776,8,315.776,South
US-2022-133368,1/14/2021,Anna Gayman,Office Supplies,0.2,32.4684,2,89.568,South
US-2022-137848,1/15/2021,William Brown,Office Supplies,0.2,17.3376,3,49.536,East
US-2022-137848,1/15/2021,William Brown,Office Supplies,0,7.5992,4,16.52,East
US-2022-137848,1/15/2021,William Brown,Office Supplies,0,28.8576,9,60.12,East
US-2022-140746,1/15/2021,Roy Collins,Furniture,0.3,-15.5826,1,181.797,East
US-2022-152072,1/15/2021,Dean percer,Office Supplies,0,1.3514,2,4.66,East
US-2022-152072,1/15/2021,Dean percer,Office Supplies,0,24.5998,2,52.34,East
US-2022-152072,1/15/2021,Dean percer,Technology,0,91.7892,3,254.97,East
US-2022-166912,1/15/2021,Bill Eplett,Office Supplies,0,40.1702,2,81.98,East
US-2022-121755,1/16/2021,Eric Hoffmann,Office Supplies,0.2,4.2224,2,11.648,West
US-2022-121755,1/16/2021,Eric Hoffmann,Technology,0,11.7741,3,90.57,West
US-2022-106558,1/17/2021,Dionis Lloyd,Technology,0,31.6,4,316,South
US-2022-116736,1/17/2021,Chuck Clark,Furniture,0,64.518,3,322.59,East
US-2022-116736,1/17/2021,Chuck Clark,Technology,0,66.9546,3,371.97,East
US-2022-116736,1/17/2021,Chuck Clark,Technology,0,13.1956,1,29.99,East
US-2022-167339,1/21/2021,Tamara Dahlen,Furniture,0.2,76.0116,7,1013.488,West
US-2022-167339,1/21/2021,Tamara Dahlen,Furniture,0.2,-5.7588,2,153.568,West
US-2022-111010,1/22/2021,Paul Gonzalez,Office Supplies,0,0.3024,6,7.56,East
US-2022-125850,1/22/2021,Frank Preis,Office Supplies,0,22.2,3,44.4,West
US-2022-125850,1/22/2021,Frank Preis,Office Supplies,0,9.499,5,20.65,West
US-2022-135923,1/22/2021,Carlos Meador,Furniture,0.2,-67.6704,4,451.136,South
US-2022-135923,1/22/2021,Carlos Meador,Furniture,0.2,4.2816,8,14.272,South
US-2022-135923,1/22/2021,Carlos Meador,Office Supplies,0.2,6.4864,4,64.864,South
US-2022-138079,1/22/2021,Anthony Johnson,Furniture,0,37.366,5,109.9,West
US-2022-146318,1/22/2021,Marc Crier,Office Supplies,0,6.2208,2,12.96,West
US-2022-148208,1/22/2021,Bradley Talbott,Technology,0.2,15.8631,3,55.176,East
US-2022-148208,1/22/2021,Bradley Talbott,Technology,0.4,-20.2356,4,110.376,East
US-2022-155180,1/22/2021,Toby Braunhardt,Office Supplies,0.2,9.2176,4,26.336,East
US-2022-113656,1/23/2021,Christy Brittain,Furniture,0,21.5964,7,59.99,West
US-2022-165505,1/23/2021,Claudia Bergmann,Office Supplies,0,2.7336,6,8.04,East
US-2022-165505,1/23/2021,Claudia Bergmann,Office Supplies,0,406.7154,13,1564.29,East
US-2022-165505,1/23/2021,Claudia Bergmann,Technology,0,42.9914,2,99.98,East
US-2022-109407,1/24/2021,Henry Goldwyn,Office Supplies,0,15.68,4,31.36,South
US-2022-153346,1/25/2021,Todd Boyes,Office Supplies,0,2.3025,3,9.21,East
US-2022-153346,1/25/2021,Todd Boyes,Office Supplies,0,8.28,5,18,East
US-2022-168046,1/25/2021,Jonathan Doherty,Furniture,0,7.8166,1,45.98,East
US-2022-168046,1/25/2021,Jonathan Doherty,Furniture,0.4,-99.3453,3,313.722,East
US-2022-168046,1/25/2021,Jonathan Doherty,Office Supplies,0.2,15.092,5,43.12,East
US-2022-168046,1/25/2021,Jonathan Doherty,Office Supplies,0,0,7,428.68,East
US-2022-146437,1/28/2021,Henry Goldwyn,Office Supplies,0,10.3168,2,39.68,West
US-2022-114944,1/30/2021,Harold Engle,Office Supplies,0.2,52.8228,4,156.512,Central
US-2022-153661,1/30/2021,Steven Cartwright,Office Supplies,0.2,17.7744,2,50.784,West
US-2022-153661,1/30/2021,Steven Cartwright,Office Supplies,0,12.2247,9,26.01,West
US-2022-153661,1/30/2021,Steven Cartwright,Office Supplies,0,76.2525,9,305.01,West
US-2022-164483,1/30/2021,Jeremy Farry,Office Supplies,0.2,5.8914,2,17.456,West
US-2022-166660,1/30/2021,Tim Brockman,Furniture,0,7.7728,1,48.58,West
US-2022-166660,1/30/2021,Tim Brockman,Furniture,0.2,-59.8356,4,435.168,West
US-2022-168032,1/30/2021,David Flashing,Furniture,0.5,-538.446,3,626.1,Central
US-2022-168032,1/30/2021,David Flashing,Office Supplies,0.8,-2.6784,3,1.728,Central
US-2022-168032,1/30/2021,David Flashing,Technology,0.2,143.9968,4,1439.968,Central
US-2022-129238,1/31/2021,Sample Company A,Office Supplies,0,27.783,5,56.7,West
US-2022-129238,1/31/2021,Sample Company A,Technology,0.2,8.2194,1,109.592,West
US-2022-147970,1/31/2021,Aimee Bixby,Office Supplies,0.2,5.4432,3,15.552,Central
US-2022-158043,1/31/2021,Jason Klamczynski,Office Supplies,0,11.68,2,23.36,East
US-2022-159891,1/31/2021,Ben Ferrer,Office Supplies,0,635.495,1,1270.99,South
US-2022-159891,1/31/2021,Ben Ferrer,Office Supplies,0,58.9192,8,125.36,South
US-2022-140809,2/1/2021,Cyma Kinney,Office Supplies,0,14.677,5,56.45,South
US-2022-154067,2/1/2021,Suzanne McNair,Office Supplies,0,48.5392,4,105.52,West
US-2022-144645,2/2/2021,Noel Staavos,Furniture,0.6,-77.4732,2,73.784,Central
US-2022-147431,2/2/2021,Adrian Barton,Office Supplies,0,5.898,2,117.96,East
US-2022-158841,2/2/2021,Sanjit Engle,Furniture,0,7.1022,7,18.69,South
US-2022-158841,2/2/2021,Sanjit Engle,Office Supplies,0,18.2,8,36.4,South
US-2022-158841,2/2/2021,Sanjit Engle,Technology,0,2799.984,5,8749.95,South
US-2022-118514,2/3/2021,Liz Carlisle,Furniture,0,225.264,4,866.4,South
US-2022-101189,2/4/2021,Jennifer Braxton,Office Supplies,0,3.7208,2,93.02,West
US-2022-117912,2/4/2021,Tracy Blumstein,Furniture,0.2,3.9512,2,14.368,West
US-2022-150077,2/4/2021,Maribeth Schnelling,Technology,0,23.5248,2,90.48,East
US-2022-100993,2/5/2021,Annie Zypern,Furniture,0.2,6.9716,4,557.728,West
US-2022-100993,2/5/2021,Annie Zypern,Office Supplies,0,7.2177,3,14.73,West
US-2022-100993,2/5/2021,Annie Zypern,Office Supplies,0,50.3658,3,186.54,West
US-2022-100993,2/5/2021,Annie Zypern,Technology,0.2,-31.9936,4,159.968,West
US-2022-108504,2/5/2021,Paul Prost,Furniture,0,52.7956,2,239.98,South
US-2022-108504,2/5/2021,Paul Prost,Furniture,0,7.1592,3,18.84,South
US-2022-108504,2/5/2021,Paul Prost,Office Supplies,0,78.9412,2,167.96,South
US-2022-108504,2/5/2021,Paul Prost,Office Supplies,0,0.189,5,9.45,South
US-2022-108504,2/5/2021,Paul Prost,Office Supplies,0,60.2553,3,122.97,South
US-2022-108504,2/5/2021,Paul Prost,Office Supplies,0,170.9316,9,348.84,South
US-2022-108504,2/5/2021,Paul Prost,Office Supplies,0,160.9139,7,342.37,South
US-2022-108504,2/5/2021,Paul Prost,Office Supplies,0,1.6196,1,80.98,South
US-2022-108504,2/5/2021,Paul Prost,Office Supplies,0,1.5444,3,154.44,South
US-2022-108504,2/5/2021,Paul Prost,Technology,0,28.3095,3,104.85,South
US-2022-108504,2/5/2021,Paul Prost,Technology,0,126.0558,3,484.83,South
US-2022-125017,2/6/2021,Karen Bern,Furniture,0.2,-18.1808,4,132.224,South
US-2022-106894,2/7/2021,Christina Anderson,Office Supplies,0,3.6018,3,7.83,South
US-2022-106894,2/7/2021,Christina Anderson,Technology,0,21,4,100,South
US-2022-135461,2/7/2021,Erica Bern,Technology,0.2,38.9975,5,623.96,West
US-2022-161662,2/7/2021,Bobby Elias,Office Supplies,0.2,10.6232,2,30.352,East
US-2022-109344,2/8/2021,Cathy Hwang,Technology,0.2,126.8973,3,1127.976,South
US-2022-163048,2/8/2021,Mark Haberlin,Furniture,0.3,0,4,241.5,Central
US-2022-112396,2/9/2021,Justin Ritter,Technology,0,39.5868,3,89.97,West
US-2022-112396,2/9/2021,Justin Ritter,Technology,0,11.151,2,31.86,West
US-2022-164938,2/11/2021,Phillip Breyer,Technology,0,0.6993,7,69.93,Central
US-2022-110492,2/12/2021,John Stevenson,Office Supplies,0,7.4824,4,15.92,South
US-2022-110492,2/12/2021,John Stevenson,Office Supplies,0,175.5156,6,1350.12,South
US-2022-112942,2/13/2021,Ross DeVincentis,Office Supplies,0,73.41,3,146.82,West
US-2022-134334,2/14/2021,Dave Kipp,Furniture,0,4.6464,6,10.56,East
US-2022-134334,2/14/2021,Dave Kipp,Furniture,0.3,-47.1798,3,550.431,East
US-2022-134334,2/14/2021,Dave Kipp,Office Supplies,0,2.0748,3,7.98,East
US-2022-134334,2/14/2021,Dave Kipp,Office Supplies,0,2.1465,1,4.77,East
US-2022-146150,2/14/2021,Fred McMath,Office Supplies,0,68.6868,7,264.18,South
US-2022-162859,2/15/2021,Patrick Gardner,Office Supplies,0.2,124.485,3,398.352,East
US-2022-162859,2/15/2021,Patrick Gardner,Office Supplies,0,3.5752,4,8.72,East
US-2022-105781,2/16/2021,Jill Fjeld,Furniture,0.1,39.9234,3,326.646,East
US-2022-105781,2/16/2021,Jill Fjeld,Technology,0,39.5868,3,89.97,East
US-2022-108105,2/16/2021,Giulietta Weimer,Furniture,0,34.9888,4,318.08,South
US-2022-108105,2/16/2021,Giulietta Weimer,Office Supplies,0,2.61,1,5.8,South
US-2022-134138,2/16/2021,John Dryer,Furniture,0,36.4736,2,227.96,East
US-2022-168956,2/16/2021,Erin Ashbrook,Furniture,0.3,-2.6982,3,62.958,Central
US-2022-168956,2/16/2021,Erin Ashbrook,Office Supplies,0.8,-225.5568,6,92.064,Central
US-2022-168956,2/16/2021,Erin Ashbrook,Office Supplies,0.2,1.8312,4,6.976,Central
US-2022-168956,2/16/2021,Erin Ashbrook,Office Supplies,0.2,1.8144,1,5.184,Central
US-2022-101630,2/19/2021,Cyma Kinney,Office Supplies,0,4.0749,3,8.67,East
US-2022-101630,2/19/2021,Cyma Kinney,Office Supplies,0,6.6846,3,25.71,East
US-2022-106460,2/19/2021,Greg Tran,Office Supplies,0,33.3136,2,70.88,West
US-2022-123274,2/19/2021,Greg Tran,Furniture,0,14.6718,2,44.46,East
US-2022-123274,2/19/2021,Greg Tran,Office Supplies,0,9.7176,3,242.94,East
US-2022-166485,2/20/2021,Alan Hwang,Office Supplies,0.2,5.5674,2,16.496,South
US-2022-121447,2/21/2021,Erin Ashbrook,Furniture,0,66.542,7,135.8,East
US-2022-139010,2/21/2021,Matthew Clasen,Office Supplies,0.2,6.496,4,18.56,West
US-2022-139010,2/21/2021,Matthew Clasen,Office Supplies,0.2,10.9368,7,31.248,West
US-2022-139010,2/21/2021,Matthew Clasen,Office Supplies,0,8.983,5,449.15,West
US-2022-139010,2/21/2021,Matthew Clasen,Technology,0,0.7794,1,12.99,West
US-2022-139262,2/21/2021,Lindsay Castell,Office Supplies,0.7,-26.726,2,34.86,South
US-2022-139262,2/21/2021,Lindsay Castell,Office Supplies,0.7,-2.7588,3,3.762,South
US-2022-139262,2/21/2021,Lindsay Castell,Office Supplies,0.2,32.4342,3,432.456,South
US-2022-168410,2/21/2021,Benjamin Venier,Furniture,0,28.959,5,68.95,East
US-2022-168410,2/21/2021,Benjamin Venier,Office Supplies,0,80.0199,3,296.37,East
US-2022-168410,2/21/2021,Benjamin Venier,Technology,0,1.999,2,39.98,East
US-2022-119025,2/22/2021,Paul Van Hugh,Office Supplies,0,137.2896,9,490.32,Central
US-2022-143280,2/22/2021,Tracy Zic,Office Supplies,0,5.0055,3,10.65,West
US-2022-143280,2/22/2021,Tracy Zic,Technology,0,15.2208,1,36.24,West
US-2022-143280,2/22/2021,Tracy Zic,Technology,0.2,55.745,5,445.96,West
US-2022-144400,2/23/2021,Alyssa Crouse,Office Supplies,0.2,21.591,3,57.576,East
US-2022-165015,2/25/2021,Bruce Degenhardt,Office Supplies,0.2,17.52,5,46.72,East
US-2022-101448,2/27/2021,Eric Barreto,Office Supplies,0,28.41,3,56.82,Central
US-2022-102456,2/27/2021,Dan Lawera,Office Supplies,0,49.5552,3,170.88,East
US-2022-128706,2/27/2021,Don Weiss,Furniture,0.6,-6.8816,2,16.192,Central
US-2022-101623,2/28/2021,Rick Reed,Office Supplies,0,18.24,6,36.48,East
US-2022-111283,2/28/2021,Lena Cacioppo,Office Supplies,0.2,8.3328,7,111.104,East
US-2022-143819,3/1/2021,Karen Daniels,Furniture,0.4,-264.9208,8,836.592,East
US-2022-143819,3/1/2021,Karen Daniels,Office Supplies,0,12.1348,1,26.38,East
US-2022-143819,3/1/2021,Karen Daniels,Office Supplies,0,105.2468,2,362.92,East
US-2022-143819,3/1/2021,Karen Daniels,Technology,0,2400.9657,7,4899.93,East
US-2022-151862,3/1/2021,Odella Nelson,Technology,0.2,13.9986,2,159.984,West
US-2022-103982,3/3/2021,Alex Avila,Office Supplies,0.2,0.7776,1,2.304,Central
US-2022-103982,3/3/2021,Alex Avila,Office Supplies,0.2,-786.0144,3,3930.072,Central
US-2022-103982,3/3/2021,Alex Avila,Technology,0.2,5.7365,7,41.72,Central
US-2022-103982,3/3/2021,Alex Avila,Technology,0.2,32.3982,3,431.976,Central
US-2022-112123,3/3/2021,Brosina Hoffman,Office Supplies,0,219.4514,7,447.86,East
US-2022-112123,3/3/2021,Brosina Hoffman,Office Supplies,0,79.8912,3,166.44,East
US-2022-112123,3/3/2021,Brosina Hoffman,Technology,0,129.5865,5,479.95,East
US-2022-116799,3/3/2021,Jason Gross,Furniture,0.3,-56.343,5,563.43,Central
US-2022-116799,3/3/2021,Jason Gross,Office Supplies,0.2,15.5092,7,42.784,Central
US-2022-120005,3/3/2021,Theresa Swint,Furniture,0,11.9952,3,35.28,West
US-2022-120005,3/3/2021,Theresa Swint,Office Supplies,0,7.605,3,25.35,West
US-2022-145730,3/3/2021,Chris Cortes,Furniture,0.3,-127.5792,3,637.896,Central
US-2022-145730,3/3/2021,Chris Cortes,Office Supplies,0.2,11.895,3,36.6,Central
US-2022-145730,3/3/2021,Chris Cortes,Technology,0.4,33.5895,3,287.91,Central
US-2022-167759,3/3/2021,Craig Carreira,Technology,0,37.758,3,134.85,Central
US-2022-122518,3/4/2021,Randy Ferguson,Office Supplies,0.2,3.528,4,10.08,South
US-2022-154053,3/4/2021,Michael Granlund,Office Supplies,0,4.9271,1,16.99,West
US-2022-158358,3/4/2021,Eleni McCrary,Technology,0,57.5928,2,159.98,East
US-2022-164637,3/4/2021,Rick Duston,Office Supplies,0,64.2,3,128.4,Central
US-2022-165218,3/5/2021,Rob Williams,Office Supplies,0.2,50.4063,3,149.352,Central
US-2022-165218,3/5/2021,Rob Williams,Office Supplies,0.2,-0.812,1,12.992,Central
US-2022-110898,3/6/2021,Lena Cacioppo,Furniture,0.6,-194.824,5,159.04,Central
US-2022-110898,3/6/2021,Lena Cacioppo,Furniture,0.5,-99.2664,2,145.98,Central
US-2022-110898,3/6/2021,Lena Cacioppo,Office Supplies,0.8,-6.3018,3,2.334,Central
US-2022-110898,3/6/2021,Lena Cacioppo,Office Supplies,0.8,-2.7648,4,1.728,Central
US-2022-155173,3/6/2021,Julia Barnett,Office Supplies,0.7,-1.4982,1,2.043,East
US-2022-155173,3/6/2021,Julia Barnett,Technology,0.4,-12.5103,3,68.238,East
US-2022-155173,3/6/2021,Julia Barnett,Technology,0.4,-71.99,2,431.94,East
US-2022-137547,3/7/2021,Ed Braxton,Technology,0.2,1.5804,3,21.072,Central
US-2022-106306,3/8/2021,Patrick Gardner,Office Supplies,0.7,-7.1148,3,9.702,West
US-2022-111976,3/8/2021,Brian DeCherney,Office Supplies,0.2,-1.3464,2,5.984,East
US-2022-111976,3/8/2021,Brian DeCherney,Technology,0.4,-25.3344,4,108.576,East
US-2022-130400,3/8/2021,Sanjit Jacobs,Office Supplies,0.8,-14.1696,9,8.856,Central
US-2022-130400,3/8/2021,Sanjit Jacobs,Office Supplies,0.2,49.3938,3,146.352,Central
US-2022-130400,3/8/2021,Sanjit Jacobs,Technology,0.2,8.388,5,27.96,Central
US-2022-137337,3/8/2021,Giulietta Baptist,Furniture,0,44.304,8,113.6,East
US-2022-137337,3/8/2021,Giulietta Baptist,Office Supplies,0.2,22.5732,2,69.456,East
US-2022-137337,3/8/2021,Giulietta Baptist,Office Supplies,0,6.3504,2,12.96,East
US-2022-140172,3/8/2021,Stephanie Phelps,Office Supplies,0.1,48.3336,3,207.144,Central
US-2022-140172,3/8/2021,Stephanie Phelps,Office Supplies,0,3.753,5,13.9,Central
US-2022-169103,3/8/2021,Zuschuss Carroll,Furniture,0.2,-3.8385,3,102.36,South
US-2022-169103,3/8/2021,Zuschuss Carroll,Technology,0.2,85.2475,5,1363.96,South
US-2022-120803,3/9/2021,Rick Bensley,Technology,0,87.89,5,199.75,East
US-2022-153269,3/9/2021,Pamela Stobb,Furniture,0,88.725,5,354.9,East
US-2022-153269,3/9/2021,Pamela Stobb,Office Supplies,0,23.31,4,51.8,East
US-2022-153269,3/9/2021,Pamela Stobb,Office Supplies,0,8.7906,3,17.94,East
US-2022-153269,3/9/2021,Pamela Stobb,Office Supplies,0,3.363,1,11.21,East
US-2022-108959,3/10/2021,Maya Herman,Office Supplies,0.2,6.5435,1,104.696,West
US-2022-112977,3/10/2021,Caroline Jumper,Furniture,0.2,-22.098,1,176.784,East
US-2022-122182,3/10/2021,Bryan Davis,Technology,0.2,7.4985,1,39.992,East
US-2022-159016,3/10/2021,Karen Ferguson,Office Supplies,0,7.152,5,14.9,West
US-2022-159016,3/10/2021,Karen Ferguson,Technology,0.2,363.9048,8,4158.912,West
US-2022-169663,3/10/2021,Rick Huthwaite,Technology,0,5.1015,3,26.85,West
US-2022-169663,3/10/2021,Rick Huthwaite,Technology,0.2,377.73,3,3357.6,West
US-2022-118255,3/11/2021,Odella Nelson,Office Supplies,0,8.2062,2,17.46,Central
US-2022-118255,3/11/2021,Odella Nelson,Technology,0,19.7714,2,45.98,Central
US-2022-122511,3/11/2021,Brad Thomas,Furniture,0.2,9.48,4,30.336,East
US-2022-128902,3/11/2021,Mick Brown,Furniture,0.3,-31.3722,2,244.006,East
US-2022-146171,3/11/2021,Julie Prescott,Furniture,0,31.5372,4,76.92,South
US-2022-146171,3/11/2021,Julie Prescott,Office Supplies,0,125.1432,4,481.32,South
US-2022-115504,3/12/2021,Mike Caudle,Office Supplies,0,6.2208,2,12.96,South
US-2022-119270,3/12/2021,Scot Wooten,Office Supplies,0,8.991,2,19.98,West
US-2022-119683,3/12/2021,Clytie Kelty,Office Supplies,0,13.4964,3,29.34,East
US-2022-127138,3/12/2021,Dean Katz,Furniture,0.2,77.0352,3,770.352,West
US-2022-127138,3/12/2021,Dean Katz,Office Supplies,0,40.274,5,154.9,West
US-2022-127138,3/12/2021,Dean Katz,Office Supplies,0,14.9744,4,30.56,West
US-2022-127138,3/12/2021,Dean Katz,Office Supplies,0,6.7655,5,676.55,West
US-2022-108637,3/13/2021,Adam Bellavance,Furniture,0,40.9216,2,127.88,South
US-2022-108637,3/13/2021,Adam Bellavance,Office Supplies,0,44.8896,2,160.32,South
US-2022-108637,3/13/2021,Adam Bellavance,Office Supplies,0,20.7,4,46,South
US-2022-114013,3/13/2021,Stewart Carmichael,Furniture,0.3,-5.524,2,386.68,East
US-2022-114013,3/13/2021,Stewart Carmichael,Office Supplies,0.7,-15.44,5,23.16,East
US-2022-114013,3/13/2021,Stewart Carmichael,Office Supplies,0.7,-41.5176,1,51.897,East
US-2022-114013,3/13/2021,Stewart Carmichael,Office Supplies,0.2,13.9185,5,41.24,East
US-2022-114013,3/13/2021,Stewart Carmichael,Office Supplies,0.2,-138.14,5,552.56,East
US-2022-114013,3/13/2021,Stewart Carmichael,Office Supplies,0.2,-28.368,2,126.08,East
US-2022-114013,3/13/2021,Stewart Carmichael,Technology,0.2,47.495,5,379.96,East
US-2022-114013,3/13/2021,Stewart Carmichael,Technology,0.7,-643.71,3,449.1,East
US-2022-114013,3/13/2021,Stewart Carmichael,Technology,0.4,-116.9805,3,539.91,East
US-2022-119123,3/13/2021,Dennis Bolton,Office Supplies,0.2,19.194,7,51.184,West
US-2022-136301,3/13/2021,Edward Hooks,Furniture,0,7.3528,2,28.28,West
US-2022-136301,3/13/2021,Edward Hooks,Office Supplies,0,196.5036,3,4912.59,West
US-2022-158834,3/13/2021,Tamara Willingham,Office Supplies,0.2,17.766,5,157.92,West
US-2022-158834,3/13/2021,Tamara Willingham,Technology,0.2,15.2388,2,203.184,West
US-2022-159373,3/13/2021,Liz Thompson,Furniture,0.3,0,5,557.585,Central
US-2022-159373,3/13/2021,Liz Thompson,Office Supplies,0.8,-2.1624,2,1.272,Central
US-2022-159373,3/13/2021,Liz Thompson,Office Supplies,0.2,24.528,5,70.08,Central
US-2022-102134,3/14/2021,Sibella Parks,Furniture,0,4.3524,2,16.74,Central
US-2022-124793,3/14/2021,Muhammed MacIntyre,Furniture,0.2,-22.1382,2,196.784,West
US-2022-133802,3/14/2021,Stephanie Phelps,Office Supplies,0.2,14.1426,6,41.904,West
US-2022-154361,3/14/2021,Henia Zydlo,Furniture,0.2,6.2905,5,21.88,East
US-2022-162082,3/14/2021,John Stevenson,Furniture,0.32,-14.196,5,241.332,Central
US-2022-162082,3/14/2021,John Stevenson,Office Supplies,0.2,16.3737,7,145.544,Central
US-2022-162082,3/14/2021,John Stevenson,Office Supplies,0.2,1.8792,1,5.184,Central
US-2022-113509,3/15/2021,Paul Lucas,Technology,0.2,-13.6461,3,83.976,East
US-2022-138968,3/15/2021,Fred Chung,Furniture,0.2,84.502,4,1352.032,West
US-2022-138968,3/15/2021,Fred Chung,Office Supplies,0.2,1.6472,2,4.544,West
US-2022-140571,3/15/2021,Sanjit Jacobs,Office Supplies,0,147.0896,14,319.76,South
US-2022-140571,3/15/2021,Sanjit Jacobs,Office Supplies,0,21.0128,2,45.68,South
US-2022-149272,3/15/2021,Muhammed Yedwab,Furniture,0.3,-143.431,5,528.43,Central
US-2022-149272,3/15/2021,Muhammed Yedwab,Office Supplies,0.8,-35.8176,7,22.386,Central
US-2022-115476,3/17/2021,Vivian Mathis,Office Supplies,0,15.9446,2,32.54,East
US-2022-115476,3/17/2021,Vivian Mathis,Technology,0,62.3904,2,129.98,East
US-2022-128111,3/17/2021,Christine Sundaresam,Office Supplies,0,10.3168,2,39.68,East
US-2022-131737,3/17/2021,Gary Zandusky,Furniture,0,252.59,5,971.5,East
US-2022-131737,3/17/2021,Gary Zandusky,Office Supplies,0,297.6435,3,901.95,East
US-2022-131737,3/17/2021,Gary Zandusky,Office Supplies,0,89.955,5,199.9,East
US-2022-134544,3/17/2021,Anna Chung,Technology,0.2,-20.1362,2,84.784,West
US-2022-113292,3/18/2021,Dave Brooks,Office Supplies,0.2,87.18,3,871.8,South
US-2022-120929,3/18/2021,Rose O'Brian,Furniture,0.4,-94.941,3,189.882,South
US-2022-106383,3/19/2021,Bobby Trafton,Furniture,0.7,-98.8018,1,72.294,West
US-2022-118178,3/19/2021,Corey Catlett,Office Supplies,0.7,-20.724,3,31.086,South
US-2022-136371,3/19/2021,Susan Vittorini,Furniture,0,6.9088,4,20.32,East
US-2022-136371,3/19/2021,Susan Vittorini,Furniture,0,6.8908,1,14.98,East
US-2022-127670,3/20/2021,Robert Dilbeck,Furniture,0,146.4036,4,697.16,Central
US-2022-150889,3/20/2021,Peter Bühler,Technology,0.2,0.8994,1,11.992,Central
US-2022-156986,3/20/2021,Zuschuss Carroll,Office Supplies,0.7,-12.8961,3,16.821,West
US-2022-156986,3/20/2021,Zuschuss Carroll,Office Supplies,0.2,7.2576,4,20.736,West
US-2022-156986,3/20/2021,Zuschuss Carroll,Office Supplies,0.2,3.6288,2,10.368,West
US-2022-156986,3/20/2021,Zuschuss Carroll,Technology,0.2,-20.1362,2,84.784,West
US-2022-162747,3/20/2021,Aaron Hawkins,Furniture,0,38.038,7,86.45,South
US-2022-133879,3/21/2021,Kean Takahito,Furniture,0.3,0,5,528.43,Central
US-2022-133879,3/21/2021,Kean Takahito,Office Supplies,0.2,1.5066,3,13.392,Central
US-2022-133879,3/21/2021,Kean Takahito,Office Supplies,0.8,-4.752,2,3.168,Central
US-2022-163153,3/21/2021,Dario Medina,Furniture,0.3,-1.4196,2,99.372,Central
US-2022-163153,3/21/2021,Dario Medina,Office Supplies,0.2,0.504,1,1.344,Central
US-2022-107615,3/22/2021,Robert Barroso,Technology,0,19.3314,2,58.58,West
US-2022-118899,3/22/2021,Marc Crier,Furniture,0.2,14.6902,7,167.888,West
US-2022-113803,3/24/2021,Vivek Grady,Office Supplies,0,10.3408,1,22.48,Central
US-2022-130911,3/24/2021,Dan Campbell,Furniture,0.5,-241.176,3,301.47,East
US-2022-130911,3/24/2021,Dan Campbell,Office Supplies,0.2,1.6324,2,18.656,East
US-2022-164189,3/24/2021,Dan Reichenbach,Technology,0.2,25.198,4,403.168,West
US-2022-120082,3/25/2021,Damala Kotsonis,Office Supplies,0,17.856,3,59.52,East
US-2022-134887,3/25/2021,Toby Braunhardt,Technology,0,244.6155,5,1287.45,Central
US-2022-123666,3/26/2021,Sibella Parks,Office Supplies,0,18.398,5,459.95,East
US-2022-161361,3/26/2021,Mark Van Huff,Office Supplies,0.2,5.538,3,17.04,West
US-2022-161361,3/26/2021,Mark Van Huff,Office Supplies,0,8.6436,3,17.64,West
US-2022-162677,3/26/2021,Dean Braden,Office Supplies,0.2,5.9185,5,67.64,South
US-2022-162677,3/26/2021,Dean Braden,Technology,0.2,-17.9964,3,119.976,South
US-2022-119074,3/27/2021,David Smith,Furniture,0,11.1776,4,39.92,South
US-2022-119074,3/27/2021,David Smith,Furniture,0,8.7032,1,20.24,South
US-2022-119074,3/27/2021,David Smith,Office Supplies,0,15.9446,2,32.54,South
US-2022-131380,3/28/2021,Chris Cortes,Office Supplies,0,2.9302,1,5.98,West
US-2022-131380,3/28/2021,Chris Cortes,Office Supplies,0,0.8792,4,87.92,West
US-2022-162901,3/28/2021,Aaron Smayling,Office Supplies,0,7.85,2,31.4,South
US-2022-127236,3/29/2021,Troy Blackwell,Furniture,0.5,-167.986,5,299.975,East
US-2022-127236,3/29/2021,Troy Blackwell,Technology,0.4,-36.9544,4,158.376,East
US-2022-152555,3/29/2021,Maria Etezadi,Furniture,0.3,-36.1764,6,844.116,Central
US-2022-152555,3/29/2021,Maria Etezadi,Office Supplies,0.2,15.9348,3,45.528,Central
US-2022-152555,3/29/2021,Maria Etezadi,Technology,0.2,60.9552,8,812.736,Central
US-2022-167556,3/29/2021,Janet Martin,Furniture,0,124.2,8,414,East
US-2022-167556,3/29/2021,Janet Martin,Office Supplies,0.2,14.9814,7,41.328,East
US-2022-167556,3/29/2021,Janet Martin,Office Supplies,0.2,9.3125,5,29.8,East
US-2022-167556,3/29/2021,Janet Martin,Office Supplies,0,6.74,2,13.48,East
US-2022-128258,3/30/2021,Cathy Prescott,Office Supplies,0,5.5566,1,11.34,East
US-2022-124100,3/31/2021,Erica Hackney,Furniture,0.1,54.666,6,327.996,East
US-2022-151827,3/31/2021,Carlos Soltero,Technology,0.2,1.1994,2,31.984,East
US-2022-151827,3/31/2021,Carlos Soltero,Technology,0.4,-60.8361,3,280.782,East
US-2022-103947,4/1/2021,Barry Blumstein,Office Supplies,0.2,3.0144,2,30.144,West
US-2022-103947,4/1/2021,Barry Blumstein,Office Supplies,0.2,9.8625,5,31.56,West
US-2022-111213,4/1/2021,Frank Preis,Furniture,0.1,292.776,6,1317.492,East
US-2022-111213,4/1/2021,Frank Preis,Office Supplies,0.2,1.1225,1,3.592,East
US-2022-111213,4/1/2021,Frank Preis,Office Supplies,0,18.5136,8,63.84,East
US-2022-127985,4/1/2021,Daniel Byrd,Furniture,0,3.0976,4,7.04,South
US-2022-149902,4/1/2021,Don Weiss,Office Supplies,0,22.8904,4,88.04,East
US-2022-160206,4/1/2021,Muhammed Yedwab,Technology,0,0.2598,1,12.99,Central
US-2022-161473,4/1/2021,Thomas Boland,Office Supplies,0.2,4.6644,3,14.352,East
US-2022-161473,4/1/2021,Thomas Boland,Office Supplies,0,9.936,2,20.7,East
US-2022-161473,4/1/2021,Thomas Boland,Office Supplies,0,3.285,3,10.95,East
US-2022-166674,4/1/2021,Raymond Buch,Office Supplies,0,15.4752,3,59.52,East
US-2022-166674,4/1/2021,Raymond Buch,Office Supplies,0,71.2476,6,263.88,East
US-2022-166674,4/1/2021,Raymond Buch,Office Supplies,0,7.9248,3,30.48,East
US-2022-166674,4/1/2021,Raymond Buch,Office Supplies,0,2.8536,3,9.84,East
US-2022-166674,4/1/2021,Raymond Buch,Office Supplies,0,9.7164,3,161.94,East
US-2022-166674,4/1/2021,Raymond Buch,Technology,0,9.1312,4,35.12,East
US-2022-123540,4/2/2021,Denny Joy,Furniture,0,378.274,5,1454.9,Central
US-2022-120796,4/3/2021,Carlos Soltero,Office Supplies,0.7,-83.205,9,99.846,East
US-2022-162222,4/3/2021,Steven Roelle,Office Supplies,0.2,3.21,3,10.272,Central
US-2022-167682,4/3/2021,Zuschuss Donatelli,Furniture,0,22.0472,4,71.12,Central
US-2022-167682,4/3/2021,Zuschuss Donatelli,Technology,0,124.7808,4,259.96,Central
US-2022-123050,4/4/2021,Becky Castell,Furniture,0,7.4376,2,82.64,East
US-2022-123050,4/4/2021,Becky Castell,Office Supplies,0,8.0652,2,31.02,East
US-2022-123050,4/4/2021,Becky Castell,Technology,0,37.7874,3,89.97,East
US-2022-159142,4/4/2021,Maria Etezadi,Office Supplies,0,13.0707,3,27.81,South
US-2022-159142,4/4/2021,Maria Etezadi,Technology,0,5.9988,3,149.97,South
US-2022-167115,4/4/2021,Evan Henry,Office Supplies,0.2,183.995,2,588.784,East
US-2022-159695,4/5/2021,Gary Mitchum,Office Supplies,0.2,13.8572,7,158.368,Central
US-2022-161907,4/5/2021,Justin Hirsh,Office Supplies,0.2,-163.4516,4,769.184,East
US-2022-161907,4/5/2021,Justin Hirsh,Technology,0.4,-27.7158,3,118.782,East
US-2022-150140,4/6/2021,Valerie Mitchum,Technology,0,336.635,5,1294.75,East
US-2022-110499,4/7/2021,Yoseph Carroll,Technology,0.2,374.9925,3,1199.976,West
US-2022-114405,4/7/2021,Alan Shonely,Office Supplies,0.2,2.5146,3,33.528,East
US-2022-114405,4/7/2021,Alan Shonely,Office Supplies,0.2,3.6744,3,36.744,East
US-2022-120530,4/7/2021,Dorris liebe,Furniture,0.1,146.388,3,658.746,East
US-2022-132899,4/7/2021,Sarah Foster,Office Supplies,0,0.9828,2,3.64,East
US-2022-154998,4/7/2021,Erin Smith,Office Supplies,0,18.2112,2,37.94,East
US-2022-104969,4/8/2021,Eugene Hildebrand,Office Supplies,0.7,-100.92,6,121.104,East
US-2022-104969,4/8/2021,Eugene Hildebrand,Office Supplies,0.2,3.2161,1,8.872,East
US-2022-106600,4/8/2021,Raymond Messe,Furniture,0,88.725,5,354.9,South
US-2022-124233,4/8/2021,Clytie Kelty,Furniture,0,10.374,5,24.7,West
US-2022-130477,4/8/2021,Logan Currie,Office Supplies,0,6.2208,2,12.96,West
US-2022-130477,4/8/2021,Logan Currie,Office Supplies,0,9.6192,3,20.04,West
US-2022-130477,4/8/2021,Logan Currie,Office Supplies,0,2.5984,2,64.96,West
US-2022-130946,4/8/2021,Zuschuss Carroll,Furniture,0.3,-4.1136,4,95.984,Central
US-2022-130946,4/8/2021,Zuschuss Carroll,Office Supplies,0.8,-1850.9464,4,1088.792,Central
US-2022-130946,4/8/2021,Zuschuss Carroll,Technology,0.2,64.7892,9,431.928,Central
US-2022-134789,4/8/2021,Christine Kargatis,Furniture,0,31.984,4,159.92,South
US-2022-134789,4/8/2021,Christine Kargatis,Office Supplies,0,14.4,6,30,South
US-2022-134789,4/8/2021,Christine Kargatis,Office Supplies,0,12.7008,4,25.92,South
US-2022-138520,4/8/2021,Jeremy Lonsdale,Furniture,0.2,-4.8588,6,388.704,East
US-2022-138520,4/8/2021,Jeremy Lonsdale,Office Supplies,0,6.9864,4,17.04,East
US-2022-138520,4/8/2021,Jeremy Lonsdale,Office Supplies,0,3.7996,2,8.26,East
US-2022-138520,4/8/2021,Jeremy Lonsdale,Office Supplies,0,15.824,5,34.4,East
US-2022-150000,4/8/2021,Patrick Gardner,Office Supplies,0,8.6016,4,17.92,South
US-2022-117681,4/9/2021,Herbert Flentye,Furniture,0.15,6.549,5,556.665,West
US-2022-126809,4/9/2021,Edward Becker,Office Supplies,0.2,12.8151,9,35.352,West
US-2022-128517,4/9/2021,Sean Wendt,Office Supplies,0,2.4288,2,5.28,Central
US-2022-128517,4/9/2021,Sean Wendt,Technology,0,134.654,2,517.9,Central
US-2022-109652,4/10/2021,Quincy Jones,Office Supplies,0.2,3.2224,4,13.568,Central
US-2022-114622,4/10/2021,Justin Ritter,Office Supplies,0.7,-6.5296,2,8.904,East
US-2022-123358,4/10/2021,Brian Thompson,Office Supplies,0,44.3664,3,113.76,West
US-2022-123358,4/10/2021,Brian Thompson,Office Supplies,0.2,15.6104,4,48.032,West
US-2022-123358,4/10/2021,Brian Thompson,Office Supplies,0,6.0264,9,150.66,West
US-2022-123358,4/10/2021,Brian Thompson,Office Supplies,0,81.1314,3,579.51,West
US-2022-124814,4/10/2021,Filia McAdams,Office Supplies,0.2,8.12,5,23.2,West
US-2022-124814,4/10/2021,Filia McAdams,Office Supplies,0,6.2208,2,12.96,West
US-2022-112102,4/12/2021,Brian Dahlen,Furniture,0,75.6624,4,343.92,South
US-2022-112102,4/12/2021,Brian Dahlen,Office Supplies,0,28.755,5,63.9,South
US-2022-112102,4/12/2021,Brian Dahlen,Office Supplies,0,20.0851,1,40.99,South
US-2022-124254,4/12/2021,Thomas Boland,Office Supplies,0.2,3.4668,3,10.272,South
US-2022-124254,4/12/2021,Thomas Boland,Office Supplies,0.2,-5.1984,1,51.984,South
US-2022-124254,4/12/2021,Thomas Boland,Office Supplies,0.2,-22.6716,3,129.552,South
US-2022-142398,4/12/2021,Beth Paige,Furniture,0.2,-31.9144,7,638.288,West
US-2022-142398,4/12/2021,Beth Paige,Office Supplies,0.2,4.6228,1,13.208,West
US-2022-163594,4/12/2021,Jason Fortune-,Furniture,0.2,-36.441,3,194.352,West
US-2022-163594,4/12/2021,Jason Fortune-,Office Supplies,0.2,13.734,3,36.624,West
US-2022-163594,4/12/2021,Jason Fortune-,Office Supplies,0,9.3312,3,19.44,West
US-2022-152800,4/13/2021,Susan Pistek,Office Supplies,0,2.8764,3,6.12,West
US-2022-112669,4/14/2021,Kean Takahito,Furniture,0.2,105.0228,4,933.536,West
US-2022-112669,4/14/2021,Kean Takahito,Office Supplies,0.2,4.2976,4,42.976,West
US-2022-148796,4/14/2021,Philip Brown,Furniture,0.2,38.38,5,383.8,West
US-2022-164735,4/14/2021,Tom Boeckenhauer,Office Supplies,0,12.18,5,81.2,South
US-2022-166625,4/14/2021,Jill Matthias,Office Supplies,0,11.7782,2,25.06,East
US-2022-117849,4/15/2021,Julie Kriz,Office Supplies,0,68.976,3,143.7,West
US-2022-123750,4/15/2021,Ross Baird,Office Supplies,0.7,-145.3508,2,189.588,South
US-2022-123750,4/15/2021,Ross Baird,Office Supplies,0.2,-0.7748,2,4.768,South
US-2022-123750,4/15/2021,Ross Baird,Technology,0.2,76.6395,7,408.744,South
US-2022-123750,4/15/2021,Ross Baird,Technology,0.2,54.7425,5,291.96,South
US-2022-132423,4/15/2021,Muhammed Yedwab,Office Supplies,0.2,5.8604,7,33.488,Central
US-2022-132423,4/15/2021,Muhammed Yedwab,Office Supplies,0.2,2.9145,5,8.04,Central
US-2022-136406,4/15/2021,Bill Donatelli,Furniture,0.2,0,2,1121.568,West
US-2022-105473,4/16/2021,Bryan Mills,Office Supplies,0,0.864,3,28.8,West
US-2022-107440,4/16/2021,Bill Shonely,Furniture,0,3.2868,2,9.96,East
US-2022-107440,4/16/2021,Bill Shonely,Office Supplies,0,11.891,5,25.3,East
US-2022-107440,4/16/2021,Bill Shonely,Technology,0,2365.9818,7,9099.93,East
US-2022-164588,4/16/2021,Arthur Prichep,Office Supplies,0,3.7236,3,12.84,South
US-2022-166282,4/16/2021,Pete Kriz,Office Supplies,0.2,40.0036,7,123.088,South
US-2022-166282,4/16/2021,Pete Kriz,Technology,0.2,8.3524,4,35.168,South
US-2022-108735,4/17/2021,Jessica Myrick,Furniture,0.15,24.2352,3,257.499,West
US-2022-133508,4/17/2021,Sean Wendt,Office Supplies,0,9.0055,5,29.05,Central
US-2022-149111,4/17/2021,Ben Ferrer,Furniture,0.2,6.2856,8,18.624,South
US-2022-149111,4/17/2021,Ben Ferrer,Technology,0.2,4.1391,1,36.792,South
US-2022-159415,4/17/2021,Charles Sheldon,Furniture,0.2,13.846,5,79.12,South
US-2022-125087,4/18/2021,Thea Hudgings,Furniture,0.3,-93.4724,4,344.372,Central
US-2022-125087,4/18/2021,Thea Hudgings,Furniture,0.6,-67.137,5,127.88,Central
US-2022-125087,4/18/2021,Thea Hudgings,Office Supplies,0.2,77.7468,3,1554.936,Central
US-2022-139381,4/18/2021,Roy Französisch,Office Supplies,0,55.0584,4,203.92,South
US-2022-139381,4/18/2021,Roy Französisch,Technology,0,7.9812,4,29.56,South
US-2022-144785,4/18/2021,Cindy Schnelling,Office Supplies,0,2.0271,3,6.99,East
US-2022-144785,4/18/2021,Cindy Schnelling,Office Supplies,0,1.8468,1,6.84,East
US-2022-155551,4/18/2021,Clay Rozendal,Office Supplies,0.2,3.2616,2,9.664,Central
US-2022-155551,4/18/2021,Clay Rozendal,Office Supplies,0.2,-48.9549,3,230.376,Central
US-2022-109666,4/19/2021,Kunst Miller,Office Supplies,0,17.99,2,71.96,East
US-2022-109666,4/19/2021,Kunst Miller,Office Supplies,0,1.476,2,3.28,East
US-2022-109666,4/19/2021,Kunst Miller,Office Supplies,0.2,3.248,2,9.28,East
US-2022-109666,4/19/2021,Kunst Miller,Office Supplies,0,13.7964,4,459.88,East
US-2022-109666,4/19/2021,Kunst Miller,Office Supplies,0,15.372,5,54.9,East
US-2022-109666,4/19/2021,Kunst Miller,Office Supplies,0,2.2504,2,7.76,East
US-2022-109666,4/19/2021,Kunst Miller,Technology,0,0.7794,2,25.98,East
US-2022-115819,4/19/2021,Jas O'Carroll,Office Supplies,0,1.5288,3,5.46,West
US-2022-115819,4/19/2021,Jas O'Carroll,Office Supplies,0,21.228,5,73.2,West
US-2022-115819,4/19/2021,Jas O'Carroll,Office Supplies,0.2,1.971,1,5.84,West
US-2022-115819,4/19/2021,Jas O'Carroll,Office Supplies,0.2,3.2676,3,9.336,West
US-2022-115819,4/19/2021,Jas O'Carroll,Office Supplies,0,10.224,4,22.72,West
US-2022-115819,4/19/2021,Jas O'Carroll,Technology,0.2,12.987,5,39.96,West
US-2022-161396,4/19/2021,Gary Mitchum,Furniture,0.4,-58.1332,2,205.176,East
US-2022-161396,4/19/2021,Gary Mitchum,Office Supplies,0.2,146.79,5,419.4,East
US-2022-103646,4/21/2021,Sibella Parks,Office Supplies,0.8,-126.8592,3,48.792,Central
US-2022-103646,4/21/2021,Sibella Parks,Office Supplies,0.8,-67.272,8,44.848,Central
US-2022-103646,4/21/2021,Sibella Parks,Office Supplies,0.2,-12.792,4,102.336,Central
US-2022-146423,4/21/2021,Brian Thompson,Office Supplies,0,4.4892,3,15.48,East
US-2022-146423,4/21/2021,Brian Thompson,Office Supplies,0,24.8832,8,51.84,East
US-2022-151498,4/21/2021,Duane Noonan,Office Supplies,0.2,2.808,5,8.32,West
US-2022-101329,4/22/2021,Michael Moore,Office Supplies,0,8.3538,9,32.13,East
US-2022-101329,4/22/2021,Michael Moore,Office Supplies,0,0.8064,1,2.88,East
US-2022-109057,4/22/2021,Tonja Turnell,Office Supplies,0.2,2.3952,2,23.952,Central
US-2022-109869,4/22/2021,Tanja Norvell,Furniture,0.2,7.068,5,23.56,West
US-2022-109869,4/22/2021,Tanja Norvell,Furniture,0.5,-814.4832,6,1272.63,West
US-2022-109869,4/22/2021,Tanja Norvell,Office Supplies,0.2,5.8704,2,78.272,West
US-2022-109869,4/22/2021,Tanja Norvell,Office Supplies,0.7,-20.889,5,28.485,West
US-2022-109869,4/22/2021,Tanja Norvell,Office Supplies,0.2,-34.758,2,185.376,West
US-2022-113061,4/22/2021,Ed Ludwig,Furniture,0,8.662,2,86.62,Central
US-2022-147578,4/22/2021,Paul Gonzalez,Furniture,0,10.4148,3,31.56,West
US-2022-124149,4/23/2021,Max Jones,Office Supplies,0.2,37.9176,6,108.336,East
US-2022-124149,4/23/2021,Max Jones,Office Supplies,0.2,29.364,2,78.304,East
US-2022-124149,4/23/2021,Max Jones,Office Supplies,0.2,6.291,5,55.92,East
US-2022-126270,4/23/2021,Art Ferguson,Office Supplies,0.2,6.5569,7,18.088,West
US-2022-126270,4/23/2021,Art Ferguson,Office Supplies,0,35.985,3,71.97,West
US-2022-130001,4/23/2021,Heather Kirkland,Office Supplies,0.2,11.325,5,36.24,South
US-2022-162138,4/23/2021,Grace Kelly,Office Supplies,0.2,81.744,6,251.52,West
US-2022-162138,4/23/2021,Grace Kelly,Technology,0,34.9965,1,99.99,West
US-2022-138933,4/24/2021,Jack Lebron,Office Supplies,0.2,1.3944,1,3.984,West
US-2022-149279,4/24/2021,Craig Leslie,Furniture,0.2,149.148,6,1325.76,West
US-2022-149279,4/24/2021,Craig Leslie,Office Supplies,0.7,-2.1756,2,3.108,West
US-2022-149279,4/24/2021,Craig Leslie,Office Supplies,0.2,5.4432,3,15.552,West
US-2022-168081,4/24/2021,Cathy Armstrong,Technology,0.2,64.674,3,258.696,Central
US-2022-150147,4/25/2021,John Lucas,Office Supplies,0.7,-13.816,2,20.724,East
US-2022-150147,4/25/2021,John Lucas,Office Supplies,0.7,-3.4272,3,4.896,East
US-2022-150147,4/25/2021,John Lucas,Technology,0.4,-20.7,2,82.8,East
US-2022-139556,4/26/2021,Dennis Bolton,Furniture,0.1,62.7822,3,434.646,East
US-2022-137204,4/28/2021,Bill Overfelt,Furniture,0.2,2.598,2,41.568,West
US-2022-152814,4/28/2021,Erica Hernandez,Office Supplies,0.2,9.9468,3,29.472,West
US-2022-161816,4/28/2021,Nona Balk,Office Supplies,0.2,5.6956,4,15.712,Central
US-2022-161816,4/28/2021,Nona Balk,Technology,0.2,41.5773,3,369.576,Central
US-2022-167605,4/28/2021,Rob Beeghly,Furniture,0.6,-31.8612,2,30.344,Central
US-2022-120460,4/30/2021,Ben Ferrer,Furniture,0.6,-10.1736,3,22.608,Central
US-2022-144792,4/30/2021,Ken Dana,Furniture,0.2,22.3776,7,111.888,West
US-2022-154788,4/30/2021,John Lee,Office Supplies,0.2,2.7956,2,7.712,East
US-2022-101525,5/1/2021,Chris McAfee,Office Supplies,0,4.3524,2,11.16,South
US-2022-101525,5/1/2021,Chris McAfee,Office Supplies,0,53.8608,2,109.92,South
US-2022-101525,5/1/2021,Chris McAfee,Office Supplies,0,9.3312,3,19.44,South
US-2022-164784,5/1/2021,Herbert Flentye,Furniture,0.4,-142.071,3,370.62,South
US-2022-164784,5/1/2021,Herbert Flentye,Office Supplies,0.7,-2.0108,2,2.742,South
US-2022-164784,5/1/2021,Herbert Flentye,Office Supplies,0.2,1.2948,1,3.984,South
US-2022-104311,5/2/2021,Adam Shillingsburg,Office Supplies,0.2,1.764,2,5.04,Central
US-2022-104311,5/2/2021,Adam Shillingsburg,Office Supplies,0.2,-3.7872,3,18.936,Central
US-2022-104311,5/2/2021,Adam Shillingsburg,Office Supplies,0.2,-3.168,3,12.672,Central
US-2022-109400,5/2/2021,Nick Radford,Furniture,0.3,-110.0232,4,366.744,Central
US-2022-146836,5/2/2021,Cindy Chapman,Office Supplies,0.2,15.9516,3,45.576,East
US-2022-146836,5/2/2021,Cindy Chapman,Office Supplies,0,12.5832,3,44.94,East
US-2022-148698,5/2/2021,Bryan Davis,Office Supplies,0.2,5.397,3,86.352,Central
US-2022-154060,5/2/2021,Dan Lawera,Furniture,0.2,11.691,9,187.056,South
US-2022-158155,5/2/2021,Edward Hooks,Furniture,0,4.0192,2,12.56,East
US-2022-158155,5/2/2021,Edward Hooks,Furniture,0,83.733,5,214.7,East
US-2022-158155,5/2/2021,Edward Hooks,Office Supplies,0.2,33.93,3,90.48,East
US-2022-158155,5/2/2021,Edward Hooks,Office Supplies,0,6.0168,2,13.08,East
US-2022-129280,5/3/2021,Susan MacKendrick,Furniture,0.2,10.3936,2,51.968,East
US-2022-129280,5/3/2021,Susan MacKendrick,Office Supplies,0.2,2.1,2,6,East
US-2022-129280,5/3/2021,Susan MacKendrick,Office Supplies,0.2,-44.019,5,195.64,East
US-2022-129280,5/3/2021,Susan MacKendrick,Technology,0.2,-75.5958,3,431.976,East
US-2022-129280,5/3/2021,Susan MacKendrick,Technology,0.2,34.7865,5,132.52,East
US-2022-129280,5/3/2021,Susan MacKendrick,Technology,0.7,-164.9538,3,224.937,East
US-2022-163398,5/3/2021,Christy Brittain,Office Supplies,0.8,-71.2962,3,26.406,Central
US-2022-163398,5/3/2021,Christy Brittain,Office Supplies,0.2,2.7384,7,27.384,Central
US-2022-163398,5/3/2021,Christy Brittain,Office Supplies,0.8,-3.6003,1,2.182,Central
US-2022-102239,5/5/2021,Lindsay Williams,Furniture,0,320.3172,6,1685.88,West
US-2022-102239,5/5/2021,Lindsay Williams,Office Supplies,0.2,2.0048,2,5.728,West
US-2022-105662,5/5/2021,Rick Bensley,Office Supplies,0.2,31.4712,4,93.248,South
US-2022-105662,5/5/2021,Rick Bensley,Technology,0.2,19.9665,3,177.48,South
US-2022-112676,5/5/2021,Patrick Jones,Office Supplies,0.2,5.2026,3,14.352,South
US-2022-126165,5/5/2021,Amy Hunt,Furniture,0.2,-1.7772,2,71.088,West
US-2022-137729,5/5/2021,Barry Franz,Office Supplies,0,1.0166,1,5.98,West
US-2022-137729,5/5/2021,Barry Franz,Technology,0.2,21.5397,3,246.168,West
US-2022-145247,5/5/2021,Natalie DeCherney,Office Supplies,0,36.4044,3,79.14,South
US-2022-147991,5/5/2021,Zuschuss Donatelli,Furniture,0.2,3.344,5,16.72,South
US-2022-160500,5/5/2021,Darrin Martin,Furniture,0.2,7.4694,3,298.776,West
US-2022-160500,5/5/2021,Darrin Martin,Office Supplies,0.2,2.352,5,6.72,West
US-2022-118052,5/6/2021,Brad Eason,Furniture,0.2,11.6263,7,54.712,East
US-2022-118052,5/6/2021,Brad Eason,Office Supplies,0.2,1.7138,2,7.216,East
US-2022-118052,5/6/2021,Brad Eason,Office Supplies,0.2,15.49,2,49.568,East
US-2022-137393,5/6/2021,Gene McClure,Furniture,0,14.144,4,41.6,West
US-2022-139234,5/6/2021,Art Ferguson,Office Supplies,0.8,-5.2932,2,3.208,Central
US-2022-139234,5/6/2021,Art Ferguson,Technology,0.2,-3.272,2,26.176,Central
US-2022-146857,5/6/2021,Brad Eason,Office Supplies,0,15.2544,1,54.48,Central
US-2022-128818,5/7/2021,Caroline Jumper,Furniture,0.1,59.0352,4,442.764,East
US-2022-128818,5/7/2021,Caroline Jumper,Furniture,0,28.0192,8,63.68,East
US-2022-128818,5/7/2021,Caroline Jumper,Office Supplies,0.2,30.8966,7,85.232,East
US-2022-128818,5/7/2021,Caroline Jumper,Office Supplies,0,22.2,3,44.4,East
US-2022-128818,5/7/2021,Caroline Jumper,Technology,0,21.9945,5,199.95,East
US-2022-128818,5/7/2021,Caroline Jumper,Technology,0,1159.9855,5,3999.95,East
US-2022-106530,5/8/2021,Clay Ludtke,Office Supplies,0.2,3.7408,2,10.688,East
US-2022-106530,5/8/2021,Clay Ludtke,Office Supplies,0.2,3.6288,2,10.368,East
US-2022-106530,5/8/2021,Clay Ludtke,Office Supplies,0.2,1.57,2,25.12,East
US-2022-106530,5/8/2021,Clay Ludtke,Office Supplies,0.2,88.0299,3,1006.056,East
US-2022-106530,5/8/2021,Clay Ludtke,Technology,0.2,7.264,2,58.112,East
US-2022-111696,5/8/2021,Trudy Brown,Office Supplies,0,8.073,3,17.94,West
US-2022-164672,5/8/2021,George Bell,Furniture,0,42.392,2,211.96,East
US-2022-109176,5/9/2021,Julia West,Office Supplies,0.2,9.92,5,79.36,East
US-2022-109176,5/9/2021,Julia West,Office Supplies,0.2,3.504,1,9.344,East
US-2022-112382,5/9/2021,Mick Brown,Technology,0.2,1.9136,2,19.136,Central
US-2022-144057,5/9/2021,Cynthia Voltz,Office Supplies,0.8,-131.7168,4,48.784,Central
US-2022-144057,5/9/2021,Cynthia Voltz,Office Supplies,0.8,-27.792,6,18.528,Central
US-2022-144057,5/9/2021,Cynthia Voltz,Office Supplies,0.8,-20.4352,4,13.184,Central
US-2022-144057,5/9/2021,Cynthia Voltz,Office Supplies,0.2,26.824,2,76.64,Central
US-2022-144057,5/9/2021,Cynthia Voltz,Office Supplies,0.2,107.082,6,856.656,Central
US-2022-159093,5/9/2021,Ricardo Sperren,Office Supplies,0,14.418,4,32.04,West
US-2022-159765,5/9/2021,Thea Hendricks,Office Supplies,0,9.1938,7,27.86,South
US-2022-161158,5/9/2021,Paul Stevenson,Office Supplies,0,3.44,5,8,East
US-2022-169166,5/9/2021,Sonia Sunley,Technology,0,13.1572,2,93.98,West
US-2022-117625,5/10/2021,Gene McClure,Office Supplies,0.2,2.3868,2,7.072,Central
US-2022-133816,5/10/2021,Christopher Schild,Technology,0.4,-123.998,2,743.988,East
US-2022-161543,5/10/2021,Roger Demir,Office Supplies,0,5.8604,2,11.96,West
US-2022-162733,5/11/2021,Ted Trevino,Office Supplies,0,2.691,1,5.98,West
US-2022-100510,5/12/2021,Harry Marie,Furniture,0,4.4088,3,10.02,East
US-2022-100510,5/12/2021,Harry Marie,Technology,0,303.3408,4,631.96,East
US-2022-101196,5/12/2021,Filia McAdams,Office Supplies,0.2,-19.5624,2,82.368,East
US-2022-109911,5/12/2021,Vivek Grady,Office Supplies,0,2.9592,4,10.96,South
US-2022-123610,5/12/2021,Vivian Mathis,Office Supplies,0,2.3409,1,8.67,West
US-2022-123610,5/12/2021,Vivian Mathis,Technology,0,46.8,6,120,West
US-2022-167416,5/12/2021,Jill Matthias,Office Supplies,0,26.901,5,54.9,West
US-2022-108224,5/14/2021,Tiffany House,Technology,0.2,48.7011,7,185.528,West
US-2022-141019,5/14/2021,Logan Haushalter,Furniture,0.2,29.769,1,79.384,East
US-2022-148901,5/14/2021,Michael Kennedy,Furniture,0.2,8.3028,3,30.192,South
US-2022-148901,5/14/2021,Michael Kennedy,Office Supplies,0.2,0.4172,2,4.768,South
US-2022-148901,5/14/2021,Michael Kennedy,Office Supplies,0.7,-44.1462,3,57.582,South
US-2022-148901,5/14/2021,Michael Kennedy,Office Supplies,0.7,-9.8208,8,13.392,South
US-2022-148901,5/14/2021,Michael Kennedy,Office Supplies,0.7,-7.612,2,10.38,South
US-2022-148901,5/14/2021,Michael Kennedy,Office Supplies,0.2,10.8864,6,31.104,South
US-2022-148901,5/14/2021,Michael Kennedy,Technology,0.2,4.36,5,43.6,South
US-2022-141180,5/15/2021,Darren Powers,Office Supplies,0.7,-5.176,4,7.764,South
US-2022-146570,5/15/2021,Steve Nguyen,Office Supplies,0,2.1684,3,8.34,South
US-2022-146570,5/15/2021,Steve Nguyen,Office Supplies,0,25.7488,4,91.96,South
US-2022-146570,5/15/2021,Steve Nguyen,Office Supplies,0,240.5648,8,511.84,South
US-2022-152408,5/15/2021,Thomas Thornton,Office Supplies,0.2,4.4772,3,13.776,East
US-2022-165673,5/15/2021,Michael Nguyen,Office Supplies,0.2,5.5216,4,15.232,East
US-2022-122133,5/16/2021,Jim Radford,Office Supplies,0,0,4,552.56,East
US-2022-130638,5/16/2021,Sanjit Chand,Furniture,0,19.7988,4,282.84,West
US-2022-130638,5/16/2021,Sanjit Chand,Office Supplies,0,13.3056,9,27.72,West
US-2022-133144,5/16/2021,Denny Ordway,Office Supplies,0,8.4966,3,17.34,West
US-2022-117037,5/17/2021,Luke Weiss,Furniture,0.6,-10.1736,3,22.608,Central
US-2022-117037,5/17/2021,Luke Weiss,Office Supplies,0.8,-4.7685,1,2.89,Central
US-2022-117037,5/17/2021,Luke Weiss,Office Supplies,0.2,2.4675,3,7.896,Central
US-2022-117037,5/17/2021,Luke Weiss,Office Supplies,0.2,9.54,8,30.528,Central
US-2022-150567,5/17/2021,Roy Phan,Office Supplies,0.7,-21.6144,6,27.018,South
US-2022-150567,5/17/2021,Roy Phan,Office Supplies,0.7,-2.1648,2,2.952,South
US-2022-158435,5/17/2021,Arthur Gainer,Furniture,0,17.324,4,173.24,East
US-2022-158435,5/17/2021,Arthur Gainer,Office Supplies,0,6.8714,2,14.62,East
US-2022-158435,5/17/2021,Arthur Gainer,Office Supplies,0,18.8993,7,65.17,East
US-2022-122728,5/18/2021,Eric Barreto,Office Supplies,0,8.7906,3,17.94,West
US-2022-122728,5/18/2021,Eric Barreto,Office Supplies,0,26.07,3,104.28,West
US-2022-126935,5/19/2021,Bill Tyler,Office Supplies,0.2,3.3544,1,9.584,West
US-2022-138282,5/19/2021,Anna Häberlin,Office Supplies,0,23.7168,8,87.84,West
US-2022-152835,5/19/2021,Roy Phan,Office Supplies,0,6.206,5,21.4,Central
US-2022-157245,5/19/2021,Laurel Elliston,Furniture,0,179.7488,2,641.96,South
US-2022-169943,5/19/2021,Bradley Nguyen,Furniture,0,12.3256,8,39.76,East
US-2022-169943,5/19/2021,Bradley Nguyen,Furniture,0,15.0864,4,35.92,East
US-2022-169943,5/19/2021,Bradley Nguyen,Office Supplies,0,70.441,5,242.9,East
US-2022-169943,5/19/2021,Bradley Nguyen,Office Supplies,0.2,14.92,4,47.744,East
US-2022-169943,5/19/2021,Bradley Nguyen,Office Supplies,0,0,5,454.9,East
US-2022-105256,5/20/2021,Joe Kamberova,Technology,0.2,85.2475,5,1363.96,South
US-2022-108567,5/20/2021,Dean Braden,Office Supplies,0.7,-2.245,2,2.694,South
US-2022-115917,5/20/2021,Rick Bensley,Furniture,0,272.792,5,1049.2,West
US-2022-115917,5/20/2021,Rick Bensley,Office Supplies,0.2,5.0128,4,15.424,West
US-2022-146010,5/20/2021,Eugene Hildebrand,Office Supplies,0.7,-32.508,7,40.635,West
US-2022-107202,5/21/2021,Linda Cazamias,Technology,0.2,179.73,10,2396.4,West
US-2022-114209,5/21/2021,Alejandro Savely,Office Supplies,0.8,-3.2406,2,1.964,Central
US-2022-114209,5/21/2021,Alejandro Savely,Office Supplies,0.2,30.996,9,82.656,Central
US-2022-125920,5/21/2021,Sally Hughsby,Office Supplies,0.8,-5.8869,3,3.798,Central
US-2022-127642,5/21/2021,Christine Phan,Office Supplies,0,54.8604,2,111.96,East
US-2022-139486,5/21/2021,Logan Haushalter,Technology,0,27.1666,2,66.26,West
US-2022-139486,5/21/2021,Logan Haushalter,Technology,0.2,-12.4146,3,55.176,West
US-2022-146934,5/22/2021,Art Ferguson,Furniture,0.3,-19.9184,2,174.286,East
US-2022-146934,5/22/2021,Art Ferguson,Office Supplies,0,172.3384,4,662.84,East
US-2022-146934,5/22/2021,Art Ferguson,Office Supplies,0,12.9024,6,26.88,East
US-2022-146934,5/22/2021,Art Ferguson,Technology,0,30.432,5,95.1,East
US-2022-146934,5/22/2021,Art Ferguson,Technology,0,74.8142,2,257.98,East
US-2022-146934,5/22/2021,Art Ferguson,Technology,0,86.25,5,345,East
US-2022-154081,5/22/2021,Jim Epp,Technology,0.2,22.2384,2,222.384,West
US-2022-159653,5/22/2021,Jeremy Farry,Office Supplies,0,7.2177,3,14.73,South
US-2022-133725,5/23/2021,Ken Lonsdale,Technology,0.2,148.4946,9,1979.928,Central
US-2022-142762,5/23/2021,Lisa DeCherney,Furniture,0,16.302,3,37.05,West
US-2022-143714,5/23/2021,Christopher Conant,Office Supplies,0.7,-4.196,1,6.294,East
US-2022-143714,5/23/2021,Christopher Conant,Office Supplies,0.2,3.6288,2,10.368,East
US-2022-143714,5/23/2021,Christopher Conant,Technology,0.4,1119.9968,4,8399.976,East
US-2022-143714,5/23/2021,Christopher Conant,Technology,0.4,-24.4764,3,122.382,East
US-2022-154403,5/23/2021,Anne Pryor,Office Supplies,0,2.4402,1,4.98,South
US-2022-136126,5/24/2021,Eugene Hildebrand,Office Supplies,0,91.968,4,191.6,South
US-2022-136126,5/24/2021,Eugene Hildebrand,Office Supplies,0,20.155,5,69.5,South
US-2022-138583,5/24/2021,Dennis Pardue,Office Supplies,0.2,3.3312,3,16.656,East
US-2022-139269,5/25/2021,Julia Barnett,Furniture,0,6.24,4,24.96,South
US-2022-139269,5/25/2021,Julia Barnett,Office Supplies,0,9.2928,2,19.36,South
US-2022-139269,5/25/2021,Julia Barnett,Office Supplies,0,152.118,9,1267.65,South
US-2022-113236,5/26/2021,Cathy Prescott,Office Supplies,0.2,13.8528,6,184.704,South
US-2022-113236,5/26/2021,Cathy Prescott,Technology,0.2,11.98,2,47.92,South
US-2022-119186,5/26/2021,Maurice Satty,Furniture,0.3,-88.784,5,388.43,Central
US-2022-119186,5/26/2021,Maurice Satty,Office Supplies,0.2,5.2026,3,14.352,Central
US-2022-119186,5/26/2021,Maurice Satty,Office Supplies,0.2,3.6288,2,10.368,Central
US-2022-119186,5/26/2021,Maurice Satty,Technology,0.2,-7.1991,1,63.992,Central
US-2022-132409,5/26/2021,Tiffany House,Office Supplies,0.2,6.534,2,34.848,East
US-2022-132409,5/26/2021,Tiffany House,Office Supplies,0.2,0.1692,1,1.504,East
US-2022-148852,5/26/2021,Stewart Visinsky,Furniture,0.2,-84.8232,6,484.704,West
US-2022-148852,5/26/2021,Stewart Visinsky,Office Supplies,0,0,3,5.94,West
US-2022-148852,5/26/2021,Stewart Visinsky,Office Supplies,0,21.7728,7,45.36,West
US-2022-148852,5/26/2021,Stewart Visinsky,Technology,0.2,116.2425,3,371.976,West
US-2022-148852,5/26/2021,Stewart Visinsky,Technology,0.2,23.7564,4,211.168,West
US-2022-149237,5/26/2021,Chris McAfee,Furniture,0,11.3148,3,26.94,Central
US-2022-157266,5/26/2021,Toby Braunhardt,Furniture,0,17.3754,3,41.37,East
US-2022-157266,5/26/2021,Toby Braunhardt,Office Supplies,0,4.4344,2,9.64,East
US-2022-157266,5/26/2021,Toby Braunhardt,Office Supplies,0,9.3312,3,19.44,East
US-2022-157266,5/26/2021,Toby Braunhardt,Office Supplies,0,5.842,2,12.7,East
US-2022-101791,5/27/2021,Brian Stugart,Furniture,0.6,-1.6752,2,5.584,Central
US-2022-101791,5/27/2021,Brian Stugart,Furniture,0.6,-33.3582,3,25.176,Central
US-2022-101791,5/27/2021,Brian Stugart,Office Supplies,0.2,97.3026,9,1297.368,Central
US-2022-122903,5/27/2021,Laura Armstrong,Furniture,0,700.98,5,3504.9,Central
US-2022-122903,5/27/2021,Laura Armstrong,Office Supplies,0,150.984,3,314.55,Central
US-2022-122903,5/27/2021,Laura Armstrong,Office Supplies,0,69.1776,3,144.12,Central
US-2022-136994,5/27/2021,Lynn Smith,Office Supplies,0,6.1548,2,13.38,West
US-2022-113747,5/28/2021,Valerie Dominguez,Office Supplies,0,50.1876,6,185.88,South
US-2022-121377,5/28/2021,Tanja Norvell,Technology,0.2,25.06,1,286.4,Central
US-2022-134803,5/28/2021,Clay Ludtke,Office Supplies,0,78.672,2,262.24,West
US-2022-134803,5/28/2021,Clay Ludtke,Office Supplies,0.2,7.384,4,22.72,West
US-2022-134803,5/28/2021,Clay Ludtke,Office Supplies,0,84.0512,8,182.72,West
US-2022-134803,5/28/2021,Clay Ludtke,Technology,0,7.896,7,131.6,West
US-2022-134803,5/28/2021,Clay Ludtke,Technology,0.2,41.88,2,558.4,West
US-2022-138695,5/28/2021,Kimberly Carter,Furniture,0.2,-24.392,8,390.272,South
US-2022-138695,5/28/2021,Kimberly Carter,Office Supplies,0.2,19.435,13,62.192,South
US-2022-155565,5/28/2021,Edward Hooks,Office Supplies,0,15.372,5,54.9,East
US-2022-156573,5/29/2021,Raymond Buch,Furniture,0.2,14.547,3,44.76,South
US-2022-156573,5/29/2021,Raymond Buch,Office Supplies,0.2,0.3336,2,4.448,South
US-2022-156573,5/29/2021,Raymond Buch,Office Supplies,0.7,-8.6457,3,11.277,South
US-2022-168753,5/29/2021,Rob Lucas,Office Supplies,0,11.375,5,22.75,South
US-2022-168753,5/29/2021,Rob Lucas,Technology,0,274.386,5,979.95,South
US-2022-105578,5/30/2021,Maribeth Yedwab,Furniture,0.2,50.098,2,801.568,West
US-2022-105578,5/30/2021,Maribeth Yedwab,Office Supplies,0.7,-1.9008,3,2.376,West
US-2022-105578,5/30/2021,Maribeth Yedwab,Office Supplies,0.7,-11.9616,2,14.952,West
US-2022-105578,5/30/2021,Maribeth Yedwab,Office Supplies,0.7,-15.08,2,22.62,West
US-2022-105578,5/30/2021,Maribeth Yedwab,Office Supplies,0.2,11.8871,1,32.792,West
US-2022-108210,5/30/2021,Annie Thurman,Technology,0.2,11.198,5,223.96,Central
US-2022-108210,5/30/2021,Annie Thurman,Technology,0.2,7.996,5,79.96,Central
US-2022-113831,5/30/2021,Anna Häberlin,Furniture,0,386.835,10,2275.5,South
US-2022-113831,5/30/2021,Anna Häberlin,Office Supplies,0,29.808,6,62.1,South
US-2022-113831,5/30/2021,Anna Häberlin,Technology,0,653.301,6,1979.7,South
US-2022-129728,5/30/2021,Jason Gross,Furniture,0,11.7488,8,167.84,West
US-2022-145499,5/30/2021,Robert Waldorf,Office Supplies,0.7,-2.6256,2,3.282,South
US-2022-147473,5/30/2021,Nancy Lomonaco,Office Supplies,0,18.6624,6,38.88,West
US-2022-152730,5/30/2021,Eugene Moren,Furniture,0,21.33,5,47.4,Central
US-2022-152730,5/30/2021,Eugene Moren,Office Supplies,0,109.422,3,364.74,Central
US-2022-152730,5/30/2021,Eugene Moren,Office Supplies,0,3.969,5,14.7,Central
US-2022-152730,5/30/2021,Eugene Moren,Office Supplies,0,1.4456,2,5.56,Central
US-2022-152730,5/30/2021,Eugene Moren,Office Supplies,0,301.968,6,629.1,Central
US-2022-152730,5/30/2021,Eugene Moren,Office Supplies,0,21.7728,7,45.36,Central
US-2022-152730,5/30/2021,Eugene Moren,Office Supplies,0,13.9328,4,49.76,Central
US-2022-152730,5/30/2021,Eugene Moren,Technology,0,35.2772,1,125.99,Central
US-2022-153682,5/30/2021,Brooke Gillingham,Technology,0.4,69.999,2,839.988,East
US-2022-158547,5/30/2021,Justin MacKendrick,Office Supplies,0.2,9.294,5,123.92,East
US-2022-166380,5/30/2021,Edward Becker,Office Supplies,0,12.744,9,26.55,South
US-2022-166380,5/30/2021,Edward Becker,Technology,0,26.8752,2,111.98,South
US-2022-150483,5/31/2021,Beth Paige,Furniture,0.3,-38.2158,3,191.079,Central
US-2022-150483,5/31/2021,Beth Paige,Furniture,0.6,-12.8256,3,32.064,Central
US-2022-150483,5/31/2021,Beth Paige,Office Supplies,0.2,6.7048,4,18.496,Central
US-2022-150483,5/31/2021,Beth Paige,Office Supplies,0.2,3.6288,2,10.368,Central
US-2022-168844,5/31/2021,Neoma Murray,Office Supplies,0.2,2.3244,3,7.152,East
US-2022-168844,5/31/2021,Neoma Murray,Technology,0,88.053,6,179.7,East
US-2022-119046,6/2/2021,Edward Hooks,Office Supplies,0.2,3.9312,3,11.232,West
US-2022-119046,6/2/2021,Edward Hooks,Office Supplies,0.2,18.7224,12,51.648,West
US-2022-119046,6/2/2021,Edward Hooks,Office Supplies,0,13.8828,3,30.18,West
US-2022-128293,6/2/2021,Karen Carlisle,Office Supplies,0.2,-12.9568,1,64.784,East
US-2022-164889,6/3/2021,Christine Phan,Furniture,0.2,-1.7772,2,71.088,West
US-2022-119823,6/4/2021,Karen Daniels,Office Supplies,0,35.6636,2,75.88,South
US-2022-157749,6/4/2021,Ken Lonsdale,Furniture,0.6,-356.728,5,419.68,Central
US-2022-157749,6/4/2021,Ken Lonsdale,Furniture,0.6,-2.8308,3,4.044,Central
US-2022-157749,6/4/2021,Ken Lonsdale,Furniture,0.6,-4.6752,3,11.688,Central
US-2022-157749,6/4/2021,Ken Lonsdale,Furniture,0.5,-120.513,5,177.225,Central
US-2022-157749,6/4/2021,Ken Lonsdale,Office Supplies,0.2,1.2038,2,7.408,Central
US-2022-157749,6/4/2021,Ken Lonsdale,Office Supplies,0.2,9.396,5,25.92,Central
US-2022-157749,6/4/2021,Ken Lonsdale,Technology,0.2,11.1944,2,31.984,Central
US-2022-165848,6/4/2021,Edward Nazzal,Furniture,0.2,5.1294,1,136.784,East
US-2022-165848,6/4/2021,Edward Nazzal,Furniture,0,20.7808,4,61.12,East
US-2022-165848,6/4/2021,Edward Nazzal,Office Supplies,0,7.0218,3,14.94,East
US-2022-165848,6/4/2021,Edward Nazzal,Technology,0,364.4595,3,1349.85,East
US-2022-110982,6/5/2021,Chloris Kastensmidt,Office Supplies,0,15.7248,4,58.24,West
US-2022-110982,6/5/2021,Chloris Kastensmidt,Office Supplies,0.2,7.0044,6,21.552,West
US-2022-134908,6/5/2021,Joni Sundaresam,Office Supplies,0.2,2.646,3,7.56,East
US-2022-134908,6/5/2021,Joni Sundaresam,Office Supplies,0.2,-23.364,4,124.608,East
US-2022-149671,6/5/2021,Ken Brennan,Office Supplies,0,15.9588,6,61.38,West
US-2022-165169,6/5/2021,Janet Lee,Office Supplies,0,2.79,2,11.16,East
US-2022-165169,6/5/2021,Janet Lee,Office Supplies,0,6.8724,3,14.94,East
US-2022-165169,6/5/2021,Janet Lee,Office Supplies,0,93.6988,2,360.38,East
US-2022-108350,6/6/2021,Scot Coram,Office Supplies,0,48.5392,4,105.52,East
US-2022-112830,6/6/2021,Liz Preis,Furniture,0.2,34.974,3,466.32,East
US-2022-112830,6/6/2021,Liz Preis,Furniture,0.2,0,2,82.64,East
US-2022-125318,6/6/2021,Roy Collins,Technology,0.2,28.7196,4,328.224,Central
US-2022-127369,6/6/2021,Dave Brooks,Office Supplies,0,207.147,5,714.3,East
US-2022-155971,6/6/2021,Ross Baird,Office Supplies,0,10.584,7,22.05,West
US-2022-155971,6/6/2021,Ross Baird,Office Supplies,0,46.953,5,99.9,West
US-2022-160717,6/6/2021,Maria Etezadi,Technology,0,3.7744,2,26.96,West
US-2022-160717,6/6/2021,Maria Etezadi,Technology,0.2,226.7946,9,3023.928,West
US-2022-160717,6/6/2021,Maria Etezadi,Technology,0.2,161.19,3,477.6,West
US-2022-167472,6/6/2021,Clytie Kelty,Office Supplies,0,5.6016,3,11.67,South
US-2022-167472,6/6/2021,Clytie Kelty,Office Supplies,0,30.7872,3,64.14,South
US-2022-167472,6/6/2021,Clytie Kelty,Office Supplies,0,28.1718,3,59.94,South
US-2022-167472,6/6/2021,Clytie Kelty,Office Supplies,0,6.2208,2,12.96,South
US-2022-167472,6/6/2021,Clytie Kelty,Technology,0,75.5748,6,179.94,South
US-2022-167472,6/6/2021,Clytie Kelty,Technology,0,5.1015,3,26.85,South
US-2022-167472,6/6/2021,Clytie Kelty,Technology,0,129.348,3,323.37,South
US-2022-103163,6/7/2021,Frank Merwin,Office Supplies,0.2,1.5548,1,4.784,West
US-2022-103163,6/7/2021,Frank Merwin,Office Supplies,0,2.3177,1,4.73,West
US-2022-107475,6/7/2021,Roy Skaria,Office Supplies,0.2,3.4974,6,9.648,East
US-2022-120558,6/7/2021,Ross DeVincentis,Office Supplies,0,15.552,5,32.4,East
US-2022-122448,6/9/2021,Dean Braden,Furniture,0.2,13.7646,3,122.352,West
US-2022-139710,6/9/2021,Greg Matthias,Technology,0.2,19.9665,3,177.48,West
US-2022-147368,6/9/2021,Toby Carlisle,Technology,0.5,-27.828,2,695.7,South
US-2022-154662,6/9/2021,Benjamin Farhat,Furniture,0,173.235,3,692.94,Central
US-2022-113243,6/10/2021,Olvera Toch,Furniture,0.2,-217.048,4,1335.68,West
US-2022-113243,6/10/2021,Olvera Toch,Office Supplies,0,9.936,2,20.7,West
US-2022-113243,6/10/2021,Olvera Toch,Office Supplies,0,15.552,5,32.4,West
US-2022-121993,6/10/2021,Joy Bell-,Office Supplies,0.2,7.9704,8,23.616,East
US-2022-118745,6/11/2021,Seth Vernon,Furniture,0.2,33.8517,3,902.712,West
US-2022-127775,6/11/2021,Erica Smith,Technology,0,71.991,3,239.97,East
US-2022-142405,6/11/2021,Sanjit Engle,Office Supplies,0.2,17.5448,14,53.984,West
US-2022-142405,6/11/2021,Sanjit Engle,Office Supplies,0,6.8714,2,14.62,West
US-2022-142405,6/11/2021,Sanjit Engle,Technology,0,132.5898,3,389.97,West
US-2022-169922,6/11/2021,Mary Zewe,Furniture,0.6,-9.0944,7,12.544,Central
US-2022-169922,6/11/2021,Mary Zewe,Office Supplies,0.8,-13.6488,4,8.272,Central
US-2022-169922,6/11/2021,Mary Zewe,Office Supplies,0.8,-2.1504,4,1.344,Central
US-2022-103730,6/12/2021,Steven Cartwright,Furniture,0,18.3456,3,47.04,East
US-2022-103730,6/12/2021,Steven Cartwright,Office Supplies,0,13.878,4,30.84,East
US-2022-103730,6/12/2021,Steven Cartwright,Office Supplies,0,51.759,9,115.02,East
US-2022-103730,6/12/2021,Steven Cartwright,Office Supplies,0,63.4368,6,226.56,East
US-2022-103730,6/12/2021,Steven Cartwright,Technology,0,19.7316,7,68.04,East
US-2022-104633,6/12/2021,Erin Ashbrook,Office Supplies,0,83.646,6,185.88,West
US-2022-104633,6/12/2021,Erin Ashbrook,Office Supplies,0,6.2208,2,12.96,West
US-2022-120824,6/12/2021,Arthur Wiediger,Furniture,0.3,-119.2312,2,379.372,Central
US-2022-120824,6/12/2021,Arthur Wiediger,Furniture,0.6,-4.5396,2,6.984,Central
US-2022-120824,6/12/2021,Arthur Wiediger,Office Supplies,0.8,-160.96,4,64.384,Central
US-2022-120824,6/12/2021,Arthur Wiediger,Office Supplies,0.2,3.9424,8,11.264,Central
US-2022-120824,6/12/2021,Arthur Wiediger,Office Supplies,0.8,-2.667,2,1.524,Central
US-2022-120824,6/12/2021,Arthur Wiediger,Office Supplies,0.2,5.6376,3,15.552,Central
US-2022-120824,6/12/2021,Arthur Wiediger,Office Supplies,0.2,6.7536,9,67.536,Central
US-2022-127208,6/12/2021,Stewart Carmichael,Office Supplies,0,56.2032,1,208.16,South
US-2022-127208,6/12/2021,Stewart Carmichael,Office Supplies,0,8.0352,3,16.74,South
US-2022-138688,6/12/2021,Darrin Van Huff,Office Supplies,0,6.8714,2,14.62,West
US-2022-139941,6/12/2021,Christy Brittain,Office Supplies,0,18.396,3,52.56,East
US-2022-139941,6/12/2021,Christy Brittain,Office Supplies,0,41.823,3,92.94,East
US-2022-147375,6/12/2021,Philisse Overcash,Office Supplies,0.2,113.6394,7,313.488,Central
US-2022-147375,6/12/2021,Philisse Overcash,Technology,0.3,43.1991,3,1007.979,Central
US-2022-164035,6/12/2021,Craig Reiter,Office Supplies,0.2,8.381,5,23.12,Central
US-2022-126795,6/13/2021,Greg Tran,Office Supplies,0.2,11.7488,2,33.568,East
US-2022-136287,6/13/2021,Sonia Sunley,Office Supplies,0,8.694,3,18.9,Central
US-2022-155005,6/13/2021,Sample Company A,Technology,0,94.4925,3,377.97,Central
US-2022-107216,6/14/2021,Paul Van Hugh,Furniture,0,4.1031,3,8.73,West
US-2022-107216,6/14/2021,Paul Van Hugh,Office Supplies,0,2.0416,4,7.04,West
US-2022-107216,6/14/2021,Paul Van Hugh,Office Supplies,0,2.5056,3,8.64,West
US-2022-107216,6/14/2021,Paul Van Hugh,Technology,0,9.6657,1,29.29,West
US-2022-108497,6/14/2021,Marc Harrigan,Furniture,0.15,35.245,5,599.165,West
US-2022-128223,6/14/2021,Ed Braxton,Furniture,0.2,80.843,7,1293.488,West
US-2022-132304,6/14/2021,Anthony Rawles,Furniture,0,334.551,7,1115.17,West
US-2022-133872,6/14/2021,Vivian Mathis,Office Supplies,0.7,-26.624,4,39.936,South
US-2022-133872,6/14/2021,Vivian Mathis,Technology,0.2,2.308,2,18.464,South
US-2022-155747,6/14/2021,Jim Sink,Furniture,0.4,-118.0116,2,337.176,East
US-2022-152765,6/15/2021,Lynn Smith,Office Supplies,0.2,54.215,7,173.488,Central
US-2022-137127,6/16/2021,Jennifer Jackson,Office Supplies,0,4.536,3,9.45,East
US-2022-140977,6/16/2021,James Lanier,Technology,0.5,-1.8295,1,91.475,South
US-2022-148593,6/16/2021,Bill Donatelli,Office Supplies,0,21.7845,5,46.35,West
US-2022-107146,6/17/2021,Lena Creighton,Furniture,0.2,54.3528,4,483.136,West
US-2022-107146,6/17/2021,Lena Creighton,Furniture,0.2,-13.3176,3,266.352,West
US-2022-111682,6/17/2021,Ted Butterfield,Furniture,0.1,7.098,5,319.41,East
US-2022-111682,6/17/2021,Ted Butterfield,Office Supplies,0,0.84,1,1.68,East
US-2022-111682,6/17/2021,Ted Butterfield,Office Supplies,0.2,16.362,4,48.48,East
US-2022-111682,6/17/2021,Ted Butterfield,Office Supplies,0,6.9888,2,14.56,East
US-2022-111682,6/17/2021,Ted Butterfield,Office Supplies,0,15.552,5,32.4,East
US-2022-111682,6/17/2021,Ted Butterfield,Office Supplies,0,52.14,6,208.56,East
US-2022-111682,6/17/2021,Ted Butterfield,Technology,0,3.3,2,30,East
US-2022-123512,6/17/2021,Mike Vittorini,Furniture,0.15,14.098,2,239.666,West
US-2022-123512,6/17/2021,Mike Vittorini,Office Supplies,0,10.8,6,22.5,West
US-2022-123512,6/17/2021,Mike Vittorini,Office Supplies,0,107.7216,4,219.84,West
US-2022-129861,6/17/2021,Denise Monton,Furniture,0.4,-213.5574,3,376.866,East
US-2022-133613,6/17/2021,Christine Phan,Office Supplies,0,2.8536,3,9.84,East
US-2022-133613,6/17/2021,Christine Phan,Office Supplies,0,3.7412,2,7.96,East
US-2022-133613,6/17/2021,Christine Phan,Technology,0,153.0819,3,566.97,East
US-2022-145842,6/17/2021,Fred McMath,Office Supplies,0,0.4074,3,40.74,East
US-2022-159345,6/17/2021,Ivan Gibson,Office Supplies,0,54.8604,2,111.96,West
US-2022-131744,6/18/2021,Stewart Carmichael,Office Supplies,0.2,90.72,3,453.6,East
US-2022-131744,6/18/2021,Stewart Carmichael,Office Supplies,0.7,-3.855,2,4.626,East
US-2022-131744,6/18/2021,Stewart Carmichael,Office Supplies,0.2,2.14,2,6.848,East
US-2022-163461,6/18/2021,Bobby Trafton,Office Supplies,0.2,26.9024,2,76.864,Central
US-2022-105760,6/19/2021,Karen Carlisle,Office Supplies,0,8.0464,2,17.12,West
US-2022-108581,6/20/2021,Erin Ashbrook,Office Supplies,0.2,3.6288,2,10.368,Central
US-2022-108581,6/20/2021,Erin Ashbrook,Technology,0.2,26.3912,4,95.968,Central
US-2022-140081,6/20/2021,Catherine Glotzbach,Office Supplies,0.2,33.5772,2,447.696,East
US-2022-140081,6/20/2021,Catherine Glotzbach,Office Supplies,0.7,-21.7932,6,29.718,East
US-2022-140081,6/20/2021,Catherine Glotzbach,Office Supplies,0.2,15.2064,8,45.056,East
US-2022-140081,6/20/2021,Catherine Glotzbach,Office Supplies,0.2,5.4432,3,15.552,East
US-2022-141397,6/20/2021,Roy Collins,Furniture,0.2,-8.0784,2,161.568,West
US-2022-141397,6/20/2021,Roy Collins,Office Supplies,0,5.6628,2,21.78,West
US-2022-141397,6/20/2021,Roy Collins,Office Supplies,0.2,6.4206,3,17.712,West
US-2022-141397,6/20/2021,Roy Collins,Office Supplies,0,22.4448,7,46.76,West
US-2022-141397,6/20/2021,Roy Collins,Office Supplies,0,9.7164,3,161.94,West
US-2022-149965,6/20/2021,Bill Shonely,Furniture,0,23.6529,3,57.69,Central
US-2022-149965,6/20/2021,Bill Shonely,Technology,0,0.552,1,6.9,Central
US-2022-152534,6/20/2021,Dave Poirier,Office Supplies,0,1.3416,2,5.16,West
US-2022-152534,6/20/2021,Dave Poirier,Office Supplies,0,18.6624,6,38.88,West
US-2022-169194,6/20/2021,Lena Hernandez,Technology,0,4.95,3,45,East
US-2022-169194,6/20/2021,Lena Hernandez,Technology,0,6.104,2,21.8,East
US-2022-119865,6/21/2021,Adam Shillingsburg,Furniture,0.2,-44.196,2,353.568,East
US-2022-119865,6/21/2021,Adam Shillingsburg,Office Supplies,0.2,12.796,5,36.56,East
US-2022-119865,6/21/2021,Adam Shillingsburg,Office Supplies,0.2,60.4968,6,186.144,East
US-2022-168361,6/21/2021,Ken Brennan,Office Supplies,0.8,-1.3376,1,0.836,Central
US-2022-140382,6/23/2021,Ruben Dartt,Office Supplies,0,10.3071,3,21.93,West
US-2022-140382,6/23/2021,Ruben Dartt,Office Supplies,0,9.3906,1,19.98,West
US-2022-140382,6/23/2021,Ruben Dartt,Office Supplies,0,25.2936,4,93.68,West
US-2022-140382,6/23/2021,Ruben Dartt,Technology,0.2,97.0137,7,862.344,West
US-2022-140501,6/23/2021,Irene Maddox,Office Supplies,0,1.4652,2,3.96,East
US-2022-140501,6/23/2021,Irene Maddox,Office Supplies,0,8.6715,5,18.45,East
US-2022-140501,6/23/2021,Irene Maddox,Office Supplies,0,56.1752,4,122.12,East
US-2022-140501,6/23/2021,Irene Maddox,Office Supplies,0,68.9631,3,146.73,East
US-2022-140501,6/23/2021,Irene Maddox,Office Supplies,0,38.988,5,324.9,East
US-2022-142685,6/23/2021,Maureen Gnade,Office Supplies,0,16.7034,7,835.17,East
US-2022-154256,6/23/2021,Sally Matthias,Office Supplies,0,12.1401,7,25.83,East
US-2022-100300,6/24/2021,Max Jones,Office Supplies,0,72.432,3,241.44,West
US-2022-100300,6/24/2021,Max Jones,Office Supplies,0,50.328,1,104.85,West
US-2022-100300,6/24/2021,Max Jones,Technology,0.2,503.64,4,4476.8,West
US-2022-101987,6/24/2021,Hunter Lopez,Technology,0,123.4548,9,440.91,Central
US-2022-130680,6/24/2021,Bill Donatelli,Technology,0.2,-9.56,4,38.24,West
US-2022-166240,6/24/2021,Dave Hallsten,Office Supplies,0.8,-19.602,2,8.712,Central
US-2022-101693,6/25/2021,Logan Currie,Furniture,0.3,-6.089,2,85.246,Central
US-2022-101693,6/25/2021,Logan Currie,Furniture,0.6,-26.1696,2,32.712,Central
US-2022-118913,6/25/2021,Alan Shonely,Office Supplies,0,17.0268,3,60.81,West
US-2022-152051,6/25/2021,Theresa Swint,Furniture,0.3,-18.0882,3,422.058,East
US-2022-152051,6/25/2021,Theresa Swint,Office Supplies,0.7,-27.9312,4,38.088,East
US-2022-152051,6/25/2021,Theresa Swint,Office Supplies,0.2,-50.8704,6,254.352,East
US-2022-100790,6/26/2021,John Grady,Office Supplies,0,6.615,5,14.7,East
US-2022-100790,6/26/2021,John Grady,Office Supplies,0,84.51,5,704.25,East
US-2022-102127,6/26/2021,Victoria Pisteka,Furniture,0,12.8316,3,37.74,East
US-2022-102127,6/26/2021,Victoria Pisteka,Technology,0,9.7972,4,139.96,East
US-2022-102127,6/26/2021,Victoria Pisteka,Technology,0,9.0171,3,20.97,East
US-2022-114951,6/26/2021,Duane Noonan,Furniture,0,6.4206,3,22.14,West
US-2022-118101,6/26/2021,Skye Norling,Office Supplies,0,3.7694,1,8.02,Central
US-2022-118101,6/26/2021,Skye Norling,Office Supplies,0,180.7659,9,368.91,Central
US-2022-118101,6/26/2021,Skye Norling,Office Supplies,0,44.4704,4,171.04,Central
US-2022-119445,6/26/2021,Gene McClure,Office Supplies,0,1.043,5,14.9,East
US-2022-144015,6/26/2021,Adam Hart,Office Supplies,0,8.95,5,17.9,West
US-2022-144015,6/26/2021,Adam Hart,Office Supplies,0,5.616,2,12.48,West
US-2022-144015,6/26/2021,Adam Hart,Office Supplies,0,11.586,2,231.72,West
US-2022-152331,6/26/2021,Lela Donovan,Office Supplies,0.2,0.4641,3,5.304,Central
US-2022-158708,6/26/2021,Alejandro Ballentine,Technology,0.2,3.5742,2,13.616,Central
US-2022-160234,6/26/2021,Phillip Flathmann,Technology,0,39.4255,1,135.95,South
US-2022-153577,6/27/2021,Katharine Harms,Furniture,0.3,-7.7094,3,539.658,Central
US-2022-153577,6/27/2021,Katharine Harms,Office Supplies,0.2,12.1758,7,37.464,Central
US-2022-161928,6/27/2021,Anna Chung,Technology,0.2,12.599,2,201.584,West
US-2022-110044,6/28/2021,Roland Fjeld,Technology,0.2,35.9976,3,359.976,Central
US-2022-154767,6/28/2021,Becky Pak,Furniture,0,20.7332,2,121.96,East
US-2022-154767,6/28/2021,Becky Pak,Office Supplies,0,2.2724,2,8.74,East
US-2022-154767,6/28/2021,Becky Pak,Office Supplies,0,121.1056,4,275.24,East
US-2022-154767,6/28/2021,Becky Pak,Office Supplies,0,3.7412,2,7.96,East
US-2022-154767,6/28/2021,Becky Pak,Office Supplies,0,27.882,2,61.96,East
US-2022-161095,6/28/2021,Chris Selesnick,Office Supplies,0.2,11.7488,2,33.568,West
US-2022-161095,6/28/2021,Chris Selesnick,Office Supplies,0.2,2.8101,3,7.752,West
US-2022-140543,6/29/2021,Corey-Lock,Office Supplies,0,19.188,6,191.88,South
US-2022-135594,6/30/2021,Adrian Hane,Technology,0.2,-0.6265,7,50.12,Central
US-2022-162355,6/30/2021,Philip Fox,Furniture,0,291.3778,7,1266.86,South
US-2022-162355,6/30/2021,Philip Fox,Office Supplies,0,9.7119,3,35.97,South
US-2022-126431,7/1/2021,Stephanie Ulpright,Office Supplies,0,14.0438,1,30.53,East
US-2022-126431,7/1/2021,Stephanie Ulpright,Office Supplies,0,33.777,9,75.06,East
US-2022-126431,7/1/2021,Stephanie Ulpright,Technology,0,6.168,3,30.84,East
US-2022-139997,7/1/2021,Eugene Moren,Technology,0,449.985,5,1499.95,West
US-2022-152163,7/1/2021,Jay Fein,Office Supplies,0,6.532,2,14.2,South
US-2022-152163,7/1/2021,Jay Fein,Office Supplies,0,28.0032,2,58.34,South
US-2022-152163,7/1/2021,Jay Fein,Office Supplies,0,6.2208,2,12.96,South
US-2022-158680,7/1/2021,Nick Zandusky,Office Supplies,0.2,0.9048,1,2.496,West
US-2022-101469,7/2/2021,Katherine Hughes,Office Supplies,0,3.157,2,7.7,South
US-2022-102813,7/2/2021,Erin Ashbrook,Furniture,0.3,0,5,528.43,Central
US-2022-102813,7/2/2021,Erin Ashbrook,Office Supplies,0.2,14.5152,8,41.472,Central
US-2022-149314,7/2/2021,George Bell,Furniture,0.2,19.5184,1,195.184,West
US-2022-104983,7/3/2021,Filia McAdams,Office Supplies,0.2,38.725,5,123.92,East
US-2022-130029,7/3/2021,Guy Thornton,Office Supplies,0,0.0792,2,3.96,West
US-2022-130029,7/3/2021,Guy Thornton,Office Supplies,0,6.2208,2,12.96,West
US-2022-168543,7/3/2021,Dean Katz,Office Supplies,0,197.9208,7,706.86,East
US-2022-103107,7/4/2021,Rick Bensley,Furniture,0,8.636,5,25.4,West
US-2022-103107,7/4/2021,Rick Bensley,Technology,0.2,19.9665,3,177.48,West
US-2022-103107,7/4/2021,Rick Bensley,Technology,0.2,8.997,3,71.976,West
US-2022-147137,7/4/2021,Anna Andreadi,Furniture,0.15,225.735,5,1279.165,West
US-2022-147137,7/4/2021,Anna Andreadi,Furniture,0,8.636,5,25.4,West
US-2022-147137,7/4/2021,Anna Andreadi,Office Supplies,0,20.6612,2,43.96,West
US-2022-147137,7/4/2021,Anna Andreadi,Office Supplies,0,0.5584,4,27.92,West
US-2022-100965,7/7/2021,Raymond Messe,Furniture,0,73.321,5,215.65,West
US-2022-106397,7/7/2021,Max Jones,Office Supplies,0,12.8744,2,45.98,West
US-2022-106397,7/7/2021,Max Jones,Office Supplies,0,6.2208,2,12.96,West
US-2022-114713,7/7/2021,Steve Chapman,Office Supplies,0.2,5.1282,7,45.584,South
US-2022-129308,7/7/2021,Chad Cunningham,Office Supplies,0.7,-7.85,5,9.42,East
US-2022-129308,7/7/2021,Chad Cunningham,Office Supplies,0.7,-4.7625,5,5.715,East
US-2022-129308,7/7/2021,Chad Cunningham,Office Supplies,0.2,3.276,2,10.08,East
US-2022-129308,7/7/2021,Chad Cunningham,Technology,0.4,-12.9987,1,59.994,East
US-2022-135265,7/7/2021,Christopher Conant,Furniture,0.2,-3.5996,4,287.968,West
US-2022-135265,7/7/2021,Christopher Conant,Office Supplies,0,24.47,1,48.94,West
US-2022-135265,7/7/2021,Christopher Conant,Technology,0.2,944.9865,5,2799.96,West
US-2022-159940,7/7/2021,Barry Französisch,Furniture,0.3,-14.4784,2,253.372,Central
US-2022-159940,7/7/2021,Barry Französisch,Furniture,0.6,-27.1296,8,60.288,Central
US-2022-159940,7/7/2021,Barry Französisch,Office Supplies,0.2,0.8225,1,2.632,Central
US-2022-159940,7/7/2021,Barry Französisch,Office Supplies,0.2,7.6986,9,23.688,Central
US-2022-112109,7/8/2021,Joe Elijah,Furniture,0.2,74.574,3,662.88,West
US-2022-112109,7/8/2021,Joe Elijah,Office Supplies,0.7,-6.1152,4,8.736,West
US-2022-112109,7/8/2021,Joe Elijah,Office Supplies,0.7,-13.312,2,19.968,West
US-2022-112109,7/8/2021,Joe Elijah,Office Supplies,0.2,-1.2558,7,33.488,West
US-2022-152471,7/8/2021,Zuschuss Donatelli,Office Supplies,0.2,4.995,2,15.984,South
US-2022-152471,7/8/2021,Zuschuss Donatelli,Technology,0.2,51.4975,5,823.96,South
US-2022-152520,7/8/2021,Thea Hudgings,Office Supplies,0,6.2208,2,12.96,East
US-2022-155474,7/8/2021,Chris Cortes,Office Supplies,0.2,6.03,3,19.296,West
US-2022-155474,7/8/2021,Chris Cortes,Technology,0.2,9.4486,1,107.984,West
US-2022-156685,7/8/2021,Scot Coram,Office Supplies,0.2,3.5712,3,47.616,Central
US-2022-156685,7/8/2021,Scot Coram,Technology,0.2,107.955,9,863.64,Central
US-2022-136329,7/9/2021,Jonathan Doherty,Furniture,0.1,72.5344,2,408.006,East
US-2022-136329,7/9/2021,Jonathan Doherty,Furniture,0,14.8752,4,165.28,East
US-2022-126613,7/10/2021,Allen Armold,Office Supplies,0.2,1.4672,2,16.768,West
US-2022-131149,7/10/2021,Logan Haushalter,Office Supplies,0.2,17.352,4,154.24,Central
US-2022-131149,7/10/2021,Logan Haushalter,Office Supplies,0.2,-33.804,3,338.04,Central
US-2022-134222,7/10/2021,Nick Zandusky,Office Supplies,0.7,-35.8848,6,44.856,West
US-2022-164924,7/10/2021,Erin Ashbrook,Technology,0.7,-319.1916,3,341.991,East
US-2022-103891,7/12/2021,Kristen Hastings,Technology,0.2,7.182,6,95.76,West
US-2022-101378,7/14/2021,Rob Haberlin,Technology,0,7.25,2,29,South
US-2022-101966,7/14/2021,Bryan Mills,Technology,0.2,52.493,7,419.944,Central
US-2022-109953,7/14/2021,Raymond Buch,Furniture,0,10.164,4,30.8,West
US-2022-109953,7/14/2021,Raymond Buch,Office Supplies,0,50.0346,7,151.62,West
US-2022-109953,7/14/2021,Raymond Buch,Technology,0.2,12.4173,3,110.376,West
US-2022-115483,7/14/2021,John Stevenson,Office Supplies,0.2,79.692,5,219.84,Central
US-2022-117282,7/14/2021,Dan Reichenbach,Office Supplies,0.2,5.133,2,14.16,East
US-2022-120180,7/14/2021,Theone Pippenger,Office Supplies,0.2,1.0178,2,11.632,East
US-2022-136924,7/14/2021,Erin Smith,Technology,0.2,38.0864,8,380.864,West
US-2022-137050,7/14/2021,Steven Ward,Furniture,0.2,21.7176,4,579.136,East
US-2022-137050,7/14/2021,Steven Ward,Office Supplies,0,10.465,7,41.86,East
US-2022-137050,7/14/2021,Steven Ward,Office Supplies,0.2,2.8836,2,8.544,East
US-2022-137050,7/14/2021,Steven Ward,Office Supplies,0.2,3.2004,3,9.144,East
US-2022-137050,7/14/2021,Steven Ward,Office Supplies,0,6.8943,7,14.07,East
US-2022-137050,7/14/2021,Steven Ward,Office Supplies,0,3.363,1,11.21,East
US-2022-157588,7/14/2021,Anemone Ratner,Furniture,0,15.525,1,51.75,South
US-2022-157588,7/14/2021,Anemone Ratner,Office Supplies,0,17.108,5,36.4,South
US-2022-169215,7/14/2021,Richard Eichhorn,Office Supplies,0,13.3245,9,29.61,East
US-2022-122322,7/15/2021,Rick Huthwaite,Office Supplies,0,12.432,5,44.4,West
US-2022-168095,7/15/2021,Mark Cousins,Furniture,0.2,23.028,3,230.28,West
US-2022-168095,7/15/2021,Mark Cousins,Office Supplies,0.2,34.294,5,105.52,West
US-2022-100720,7/16/2021,Chloris Kastensmidt,Office Supplies,0.2,0.73,2,5.84,East
US-2022-100720,7/16/2021,Chloris Kastensmidt,Technology,0.4,-28.7964,3,143.982,East
US-2022-100720,7/16/2021,Chloris Kastensmidt,Technology,0.4,-115.3544,4,494.376,East
US-2022-130050,7/16/2021,Mark Cousins,Furniture,0.6,-3.8208,3,9.552,Central
US-2022-157000,7/16/2021,Alice McCarthy,Office Supplies,0.2,6.255,3,20.016,Central
US-2022-157000,7/16/2021,Alice McCarthy,Office Supplies,0.2,3.7224,3,37.224,Central
US-2022-157161,7/16/2021,Jonathan Doherty,Office Supplies,0,5.58,3,22.32,South
US-2022-157161,7/16/2021,Jonathan Doherty,Office Supplies,0,3.1654,2,6.46,South
US-2022-157161,7/16/2021,Jonathan Doherty,Office Supplies,0,11.086,5,24.1,South
US-2022-157161,7/16/2021,Jonathan Doherty,Office Supplies,0,4.794,5,10.2,South
US-2022-157161,7/16/2021,Jonathan Doherty,Office Supplies,0,28.8576,9,60.12,South
US-2022-157161,7/16/2021,Jonathan Doherty,Technology,0,18.2352,2,75.98,South
US-2022-101343,7/17/2021,Ruben Ausman,Office Supplies,0,3.894,2,77.88,West
US-2022-116603,7/17/2021,Annie Thurman,Office Supplies,0,13.788,2,45.96,East
US-2022-121671,7/17/2021,Andrew Allen,Office Supplies,0,10.0878,3,21.93,Central
US-2022-121671,7/17/2021,Andrew Allen,Office Supplies,0,3.7436,1,7.64,Central
US-2022-121671,7/17/2021,Andrew Allen,Office Supplies,0,25.4016,8,51.84,Central
US-2022-121671,7/17/2021,Andrew Allen,Office Supplies,0,47.7306,1,265.17,Central
US-2022-121671,7/17/2021,Andrew Allen,Office Supplies,0,4.8588,3,242.94,Central
US-2022-131835,7/17/2021,Matt Collister,Office Supplies,0,45.5392,2,162.64,East
US-2022-131835,7/17/2021,Matt Collister,Office Supplies,0,26.6304,1,55.48,East
US-2022-131835,7/17/2021,Matt Collister,Technology,0,280.59,3,597,East
US-2022-139087,7/17/2021,Dennis Kane,Furniture,0,4.4712,3,12.42,West
US-2022-139087,7/17/2021,Dennis Kane,Furniture,0,10.89,5,24.75,West
US-2022-139087,7/17/2021,Dennis Kane,Office Supplies,0.2,4.1652,3,12.816,West
US-2022-139087,7/17/2021,Dennis Kane,Office Supplies,0,41.2237,7,87.71,West
US-2022-139087,7/17/2021,Dennis Kane,Office Supplies,0,17.38,2,69.52,West
US-2022-139087,7/17/2021,Dennis Kane,Technology,0,89.964,3,428.4,West
US-2022-139087,7/17/2021,Dennis Kane,Technology,0.2,-4.6764,2,20.784,West
US-2022-102561,7/18/2021,Neil Knudson,Office Supplies,0.2,1.2672,8,11.264,East
US-2022-102561,7/18/2021,Neil Knudson,Office Supplies,0.2,6.7048,4,18.496,East
US-2022-102561,7/18/2021,Neil Knudson,Office Supplies,0.2,24.857,10,284.08,East
US-2022-114727,7/18/2021,Linda Southworth,Furniture,0.2,10.6794,3,854.352,West
US-2022-114727,7/18/2021,Linda Southworth,Furniture,0.2,40.8006,3,544.008,West
US-2022-114727,7/18/2021,Linda Southworth,Office Supplies,0.7,-1.4352,3,1.872,West
US-2022-114727,7/18/2021,Linda Southworth,Office Supplies,0.2,-33.804,3,338.04,West
US-2022-114727,7/18/2021,Linda Southworth,Office Supplies,0.2,0,2,593.568,West
US-2022-124681,7/18/2021,Susan Vittorini,Technology,0.2,3.3099,3,15.576,Central
US-2022-157763,7/18/2021,Katharine Harms,Furniture,0,39.4268,1,140.81,South
US-2022-161676,7/18/2021,Jennifer Patt,Office Supplies,0.2,4.225,5,33.8,West
US-2022-162110,7/18/2021,Nora Paige,Technology,0.2,3.4995,1,55.992,West
US-2022-157217,7/19/2021,Tracy Collins,Technology,0,132.5898,3,389.97,West
US-2022-157217,7/19/2021,Tracy Collins,Technology,0.2,4.498,2,35.984,West
US-2022-163776,7/19/2021,Joy Smith,Furniture,0,126.225,5,504.9,South
US-2022-163776,7/19/2021,Joy Smith,Furniture,0,76.0878,6,185.58,South
US-2022-163776,7/19/2021,Joy Smith,Office Supplies,0,4.042,1,8.6,South
US-2022-163776,7/19/2021,Joy Smith,Office Supplies,0,35.6776,2,77.56,South
US-2022-163776,7/19/2021,Joy Smith,Office Supplies,0,120.5106,6,245.94,South
US-2022-163776,7/19/2021,Joy Smith,Office Supplies,0,0.8792,4,87.92,South
US-2022-137939,7/20/2021,Pauline Johnson,Technology,0,43.176,5,89.95,East
US-2022-141957,7/21/2021,Jason Gross,Office Supplies,0.2,1.3992,2,18.656,East
US-2022-141957,7/21/2021,Jason Gross,Office Supplies,0.7,-8.1312,7,11.088,East
US-2022-141957,7/21/2021,Jason Gross,Office Supplies,0.2,4.168,1,66.688,East
US-2022-141957,7/21/2021,Jason Gross,Office Supplies,0.2,8.7052,2,99.488,East
US-2022-142895,7/21/2021,Beth Paige,Furniture,0.2,0,5,363.92,South
US-2022-142895,7/21/2021,Beth Paige,Office Supplies,0.2,2.0358,3,6.264,South
US-2022-146521,7/21/2021,Corey Catlett,Office Supplies,0.7,-1.294,1,1.941,East
US-2022-160941,7/21/2021,Damala Kotsonis,Office Supplies,0,197.353,5,419.9,West
US-2022-160941,7/21/2021,Damala Kotsonis,Office Supplies,0,1.512,1,3.15,West
US-2022-111290,7/22/2021,Dennis Kane,Office Supplies,0,10.512,5,29.2,Central
US-2022-111290,7/22/2021,Dennis Kane,Office Supplies,0,15.552,5,32.4,Central
US-2022-111290,7/22/2021,Dennis Kane,Office Supplies,0,135.219,5,965.85,Central
US-2022-111290,7/22/2021,Dennis Kane,Technology,0,36.2835,1,109.95,Central
US-2022-114307,7/22/2021,Maureen Fritzler,Furniture,0,9.3228,3,27.42,East
US-2022-114307,7/22/2021,Maureen Fritzler,Office Supplies,0,10.5504,2,37.68,East
US-2022-114307,7/22/2021,Maureen Fritzler,Office Supplies,0,2.592,3,5.4,East
US-2022-114307,7/22/2021,Maureen Fritzler,Office Supplies,0,24.8832,8,51.84,East
US-2022-122392,7/22/2021,Caroline Jumper,Furniture,0.2,3.3488,2,11.648,East
US-2022-122392,7/22/2021,Caroline Jumper,Office Supplies,0.2,0.364,2,4.16,East
US-2022-140613,7/22/2021,Kristina Nunn,Office Supplies,0,24.998,5,86.2,West
US-2022-144855,7/22/2021,Dionis Lloyd,Office Supplies,0,3.024,2,6.3,West
US-2022-111318,7/23/2021,Ivan Liston,Technology,0.2,11.5136,8,115.136,Central
US-2022-112256,7/23/2021,Chloris Kastensmidt,Office Supplies,0.2,0.3336,2,4.448,Central
US-2022-112256,7/23/2021,Chloris Kastensmidt,Office Supplies,0.2,15.393,5,175.92,Central
US-2022-112256,7/23/2021,Chloris Kastensmidt,Office Supplies,0.8,-8.316,4,4.752,Central
US-2022-112256,7/23/2021,Chloris Kastensmidt,Office Supplies,0.2,1.8144,1,5.184,Central
US-2022-112256,7/23/2021,Chloris Kastensmidt,Office Supplies,0.2,1.0008,2,13.344,Central
US-2022-162404,7/23/2021,Neil Französisch,Office Supplies,0.8,-18.8364,4,11.416,Central
US-2022-165316,7/23/2021,Jennifer Braxton,Office Supplies,0.2,6.5164,2,23.696,South
US-2022-165316,7/23/2021,Jennifer Braxton,Office Supplies,0.2,2.6412,2,35.216,South
US-2022-165316,7/23/2021,Jennifer Braxton,Technology,0.5,-111.4995,1,265.475,South
US-2022-102498,7/24/2021,James Galang,Office Supplies,0,21.228,5,73.2,South
US-2022-162943,7/24/2021,Darren Budd,Furniture,0.1,31.0156,2,253.764,East
US-2022-103037,7/25/2021,Ken Heidel,Office Supplies,0.2,5.6956,4,15.712,Central
US-2022-104157,7/25/2021,Meg Tillman,Furniture,0,388.8128,8,2430.08,South
US-2022-104157,7/25/2021,Meg Tillman,Office Supplies,0,32.095,5,65.5,South
US-2022-104157,7/25/2021,Meg Tillman,Office Supplies,0,0.3156,1,7.89,South
US-2022-111115,7/25/2021,Larry Blacks,Office Supplies,0,10.74,6,21.48,West
US-2022-115441,7/25/2021,Sally Hughsby,Furniture,0,96.8544,4,403.56,Central
US-2022-115441,7/25/2021,Sally Hughsby,Furniture,0,27.608,5,95.2,Central
US-2022-115441,7/25/2021,Sally Hughsby,Office Supplies,0,9.6914,2,20.62,Central
US-2022-115441,7/25/2021,Sally Hughsby,Technology,0,48.4575,7,124.25,Central
US-2022-115441,7/25/2021,Sally Hughsby,Technology,0,83.314,5,297.55,Central
US-2022-115525,7/25/2021,Rick Reed,Office Supplies,0.2,27.4365,5,243.88,East
US-2022-126158,7/25/2021,Sanjit Chand,Furniture,0.2,18.1176,2,241.568,West
US-2022-126158,7/25/2021,Sanjit Chand,Furniture,0,22.869,9,69.3,West
US-2022-126158,7/25/2021,Sanjit Chand,Furniture,0,81.8432,4,255.76,West
US-2022-126158,7/25/2021,Sanjit Chand,Office Supplies,0.2,40.3704,8,119.616,West
US-2022-128307,7/25/2021,Bill Eplett,Office Supplies,0.2,7.0659,1,20.936,Central
US-2022-147417,7/25/2021,Christy Brittain,Technology,0.4,191.9968,4,1439.976,East
US-2022-149335,7/25/2021,Becky Castell,Office Supplies,0,11.151,9,37.17,West
US-2022-149454,7/25/2021,Katherine Murray,Office Supplies,0,4.8024,1,10.44,South
US-2022-105452,7/28/2021,Barry Franz,Furniture,0.6,-9.88,5,24.7,Central
US-2022-105452,7/28/2021,Barry Franz,Furniture,0.6,-378.4,5,302.72,Central
US-2022-107783,7/28/2021,Olvera Toch,Furniture,0.5,-78.078,5,177.45,East
US-2022-107783,7/28/2021,Olvera Toch,Office Supplies,0.2,0.711,3,9.48,East
US-2022-107783,7/28/2021,Olvera Toch,Office Supplies,0.7,-913.176,6,1369.764,East
US-2022-140046,7/28/2021,Khloe Miller,Office Supplies,0,8.694,3,18.9,West
US-2022-143924,7/28/2021,Steve Carroll,Office Supplies,0,9.198,7,20.44,Central
US-2022-143924,7/28/2021,Steve Carroll,Office Supplies,0,53.8608,2,109.92,Central
US-2022-116344,7/29/2021,Jack O'Briant,Office Supplies,0.2,-16.9568,2,84.784,East
US-2022-131891,7/29/2021,Pierre Wener,Office Supplies,0.7,-1.476,3,2.214,South
US-2022-164574,7/29/2021,Ritsa Hightower,Office Supplies,0.7,-20.0904,3,27.396,South
US-2022-164574,7/29/2021,Ritsa Hightower,Office Supplies,0.2,26.4285,5,704.76,South
US-2022-112025,7/30/2021,Lindsay Shagiari,Office Supplies,0.8,-13.896,3,9.264,Central
US-2022-112585,7/30/2021,Rob Williams,Office Supplies,0,178.91,2,715.64,West
US-2022-137743,7/30/2021,Katherine Hughes,Office Supplies,0.2,3.1212,4,9.248,Central
US-2022-137743,7/30/2021,Katherine Hughes,Office Supplies,0.2,51.8312,2,1036.624,Central
US-2022-133550,7/31/2021,Ken Lonsdale,Furniture,0,30.0234,3,272.94,Central
US-2022-133550,7/31/2021,Ken Lonsdale,Office Supplies,0.1,72.358,4,283.14,Central
US-2022-133550,7/31/2021,Ken Lonsdale,Technology,0,33.3172,1,118.99,Central
US-2022-133550,7/31/2021,Ken Lonsdale,Technology,0,165.3496,4,635.96,Central
US-2022-144148,7/31/2021,Anna Häberlin,Furniture,0.2,-32.3673,7,863.128,West
US-2022-132990,8/1/2021,Khloe Miller,Furniture,0.2,3.1382,2,19.312,East
US-2022-144337,8/1/2021,Susan Gilcrest,Office Supplies,0.2,6.6312,2,19.648,Central
US-2022-155978,8/1/2021,Thomas Seio,Office Supplies,0,13.788,2,45.96,West
US-2022-155978,8/1/2021,Thomas Seio,Technology,0.2,90.9762,2,1039.728,West
US-2022-156265,8/2/2021,Barry Französisch,Furniture,0.2,15.3522,2,136.464,West
US-2022-156265,8/2/2021,Barry Französisch,Office Supplies,0.2,4.704,2,12.544,West
US-2022-156265,8/2/2021,Barry Französisch,Technology,0.2,33.3576,3,333.576,West
US-2022-104150,8/3/2021,Alex Grayson,Office Supplies,0,38.3238,3,81.54,Central
US-2022-104150,8/3/2021,Alex Grayson,Technology,0,23.4192,12,167.28,Central
US-2022-110254,8/4/2021,Max Ludwig,Furniture,0,46.116,9,109.8,South
US-2022-110254,8/4/2021,Max Ludwig,Office Supplies,0,4.8118,2,9.82,South
US-2022-110254,8/4/2021,Max Ludwig,Office Supplies,0,1.8998,1,4.13,South
US-2022-110254,8/4/2021,Max Ludwig,Office Supplies,0,10.518,2,35.06,South
US-2022-111913,8/4/2021,Linda Cazamias,Office Supplies,0.2,3.9771,3,11.784,West
US-2022-111913,8/4/2021,Linda Cazamias,Office Supplies,0.2,7.0713,3,20.952,West
US-2022-111913,8/4/2021,Linda Cazamias,Technology,0.2,30.2384,2,302.384,West
US-2022-128195,8/4/2021,Ralph Arnett,Office Supplies,0.8,-6.567,5,3.98,Central
US-2022-102232,8/5/2021,Maureen Fritzler,Office Supplies,0,59.115,7,197.05,South
US-2022-105263,8/6/2021,Liz MacKendrick,Office Supplies,0,15.7194,9,38.34,East
US-2022-151092,8/6/2021,Vivek Gonzalez,Technology,0.2,18.4772,4,211.168,West
US-2022-158869,8/6/2021,Anna Häberlin,Office Supplies,0,33.3136,2,70.88,East
US-2022-148516,8/7/2021,Dorothy Wardle,Technology,0,86.3856,3,179.97,West
US-2022-107328,8/8/2021,Cathy Armstrong,Furniture,0.2,12.8256,2,513.024,West
US-2022-107328,8/8/2021,Cathy Armstrong,Office Supplies,0,136.6176,6,487.92,West
US-2022-107328,8/8/2021,Cathy Armstrong,Office Supplies,0.2,5.334,5,15.24,West
US-2022-121034,8/8/2021,Jill Fjeld,Office Supplies,0.2,3.6296,4,11.168,Central
US-2022-121034,8/8/2021,Jill Fjeld,Office Supplies,0.2,17.5344,3,53.952,Central
US-2022-130078,8/8/2021,Charles Crestani,Office Supplies,0,4.752,2,10.56,Central
US-2022-169026,8/8/2021,Corinna Mitchell,Office Supplies,0,0.2334,3,23.34,South
US-2022-113649,8/9/2021,Helen Andreada,Office Supplies,0.2,64.0728,4,569.536,South
US-2022-113649,8/9/2021,Helen Andreada,Office Supplies,0.2,9.63,9,30.816,South
US-2022-113649,8/9/2021,Helen Andreada,Technology,0.2,4.4784,2,44.784,South
US-2022-118934,8/9/2021,Gary Hansen,Office Supplies,0.7,-3.0366,3,4.338,South
US-2022-118934,8/9/2021,Gary Hansen,Office Supplies,0.7,-7.92,5,11.88,South
US-2022-128671,8/11/2021,Michelle Tran,Office Supplies,0,35.6776,2,77.56,Central
US-2022-128671,8/11/2021,Michelle Tran,Office Supplies,0,19.2556,7,41.86,Central
US-2022-128671,8/11/2021,Michelle Tran,Office Supplies,0,15.552,5,32.4,Central
US-2022-105459,8/12/2021,Nora Preis,Furniture,0.4,-66.2302,2,209.148,East
US-2022-105459,8/12/2021,Nora Preis,Office Supplies,0,286.3836,6,1591.02,East
US-2022-118073,8/12/2021,Cindy Schnelling,Furniture,0.45,-255.5875,7,562.2925,South
US-2022-143910,8/12/2021,Becky Castell,Furniture,0.1,-8.098,2,145.764,East
US-2022-144477,8/12/2021,Deborah Brumfield,Office Supplies,0.2,2.7984,4,37.312,East
US-2022-155845,8/12/2021,Chris McAfee,Technology,0.2,52.4979,7,1399.944,Central
US-2022-167584,8/12/2021,Lena Cacioppo,Office Supplies,0,3.1104,1,6.48,Central
US-2022-125843,8/13/2021,Roy Französisch,Office Supplies,0,10.7136,4,22.32,South
US-2022-125843,8/13/2021,Roy Französisch,Office Supplies,0,51.8,7,103.6,South
US-2022-141264,8/13/2021,Carol Triggs,Office Supplies,0.8,-153.2024,1,58.924,Central
US-2022-141264,8/13/2021,Carol Triggs,Office Supplies,0.2,-34.758,2,185.376,Central
US-2022-155670,8/13/2021,Erin Mull,Office Supplies,0.7,-8.2368,8,11.232,South
US-2022-155670,8/13/2021,Erin Mull,Office Supplies,0.2,3.21,3,10.272,South
US-2022-156251,8/13/2021,Theresa Swint,Furniture,0,24.196,2,241.96,Central
US-2022-156251,8/13/2021,Theresa Swint,Office Supplies,0,4.1748,3,8.52,Central
US-2022-156692,8/13/2021,Hunter Glantz,Office Supplies,0,4.6818,2,17.34,South
US-2022-156692,8/13/2021,Hunter Glantz,Technology,0,15.1158,2,71.98,South
US-2022-119515,8/14/2021,Toby Ritter,Office Supplies,0.2,5.4432,3,15.552,South
US-2022-136021,8/14/2021,Jill Matthias,Office Supplies,0,7.6146,3,15.54,West
US-2022-136021,8/14/2021,Jill Matthias,Technology,0.2,35.6238,6,105.552,West
US-2022-136770,8/14/2021,Stephanie Phelps,Technology,0.2,48.993,5,279.96,East
US-2022-136770,8/14/2021,Stephanie Phelps,Technology,0.4,-49.4376,2,247.188,East
US-2022-136770,8/14/2021,Stephanie Phelps,Technology,0.4,-56.3108,2,259.896,East
US-2022-118626,8/15/2021,John Castell,Technology,0.2,70.5544,7,705.544,South
US-2022-123470,8/15/2021,Max Engle,Office Supplies,0.2,12.2328,3,122.328,West
US-2022-123470,8/15/2021,Max Engle,Office Supplies,0.7,-13.8468,3,18.882,West
US-2022-154690,8/15/2021,Christopher Conant,Furniture,0.2,22.5296,2,225.296,South
US-2022-166163,8/15/2021,Craig Yedwab,Office Supplies,0,1.512,1,3.15,West
US-2022-166163,8/15/2021,Craig Yedwab,Technology,0.2,7.1976,3,71.976,West
US-2022-167241,8/15/2021,Bill Donatelli,Furniture,0,43.6842,3,312.03,West
US-2022-167241,8/15/2021,Bill Donatelli,Office Supplies,0,18.0096,4,37.52,West
US-2022-167241,8/15/2021,Bill Donatelli,Office Supplies,0,3.0498,3,17.94,West
US-2022-167241,8/15/2021,Bill Donatelli,Technology,0.2,10.35,3,165.6,West
US-2022-113117,8/16/2021,Jeremy Pistek,Office Supplies,0,15.552,5,32.4,West
US-2022-148096,8/16/2021,Anthony O'Donnell,Furniture,0.2,12.096,2,161.28,West
US-2022-150343,8/16/2021,Pete Kriz,Office Supplies,0,5.1042,3,10.86,West
US-2022-157308,8/17/2021,Neoma Murray,Office Supplies,0.2,5.6956,4,15.712,West
US-2022-113551,8/18/2021,Natalie Fritzler,Office Supplies,0.8,-3.4122,1,2.068,Central
US-2022-113551,8/18/2021,Natalie Fritzler,Office Supplies,0.2,30.392,8,83.84,Central
US-2022-128916,8/18/2021,Matt Abelman,Furniture,0.6,-2.1376,4,5.344,Central
US-2022-128916,8/18/2021,Matt Abelman,Furniture,0.6,-3.8208,3,9.552,Central
US-2022-136133,8/18/2021,Helen Wasserman,Office Supplies,0,99.4896,9,355.32,East
US-2022-153353,8/18/2021,Greg Guthrie,Technology,0,11.5971,1,39.99,East
US-2022-101980,8/19/2021,Resi Pölking,Office Supplies,0.2,55.008,6,146.688,East
US-2022-101980,8/19/2021,Resi Pölking,Office Supplies,0.2,9.1785,5,25.32,East
US-2022-101980,8/19/2021,Resi Pölking,Office Supplies,0.2,89.9548,2,276.784,East
US-2022-151141,8/20/2021,Dianna Wilson,Technology,0,3.9906,2,14.78,Central
US-2022-122581,8/21/2021,Jay Kimmel,Furniture,0.1,63.686,7,573.174,East
US-2022-123414,8/21/2021,Stephanie Ulpright,Office Supplies,0.2,3.3408,4,9.216,South
US-2022-123414,8/21/2021,Stephanie Ulpright,Office Supplies,0.2,3.506,2,28.048,South
US-2022-126452,8/21/2021,Scot Coram,Furniture,0.2,180.441,9,2887.056,West
US-2022-126452,8/21/2021,Scot Coram,Office Supplies,0.2,4.752,2,12.672,West
US-2022-126452,8/21/2021,Scot Coram,Office Supplies,0,21.384,9,47.52,West
US-2022-126452,8/21/2021,Scot Coram,Office Supplies,0,6.2208,2,12.96,West
US-2022-126452,8/21/2021,Scot Coram,Technology,0,91.7892,3,254.97,West
US-2022-126452,8/21/2021,Scot Coram,Technology,0.2,-7.996,2,31.984,West
US-2022-126452,8/21/2021,Scot Coram,Technology,0.2,-20.691,5,91.96,West
US-2022-146066,8/21/2021,Rick Bensley,Furniture,0.4,-339.705,9,815.292,East
US-2022-167983,8/21/2021,Rachel Payne,Office Supplies,0.2,11.704,10,33.44,West
US-2022-106313,8/22/2021,Deirdre Greer,Office Supplies,0,9.3312,3,19.44,West
US-2022-130484,8/22/2021,Sheri Gordon,Office Supplies,0.7,-18.4464,8,26.352,West
US-2022-137239,8/22/2021,Craig Reiter,Office Supplies,0.2,8.5164,2,113.552,East
US-2022-137239,8/22/2021,Craig Reiter,Office Supplies,0.7,-2.6544,2,3.318,East
US-2022-137239,8/22/2021,Craig Reiter,Office Supplies,0.2,45.3222,2,134.288,East
US-2022-140256,8/22/2021,Pauline Webber,Office Supplies,0,1.6704,2,5.76,West
US-2022-141880,8/22/2021,Tony Chapman,Furniture,0.2,9.8328,3,98.328,West
US-2022-148334,8/22/2021,Dorothy Dickinson,Office Supplies,0.8,-6.8992,2,4.312,Central
US-2022-117793,8/23/2021,Matt Abelman,Office Supplies,0,11.592,4,25.2,Central
US-2022-117793,8/23/2021,Matt Abelman,Office Supplies,0,17.6673,3,37.59,Central
US-2022-117793,8/23/2021,Matt Abelman,Office Supplies,0,4.1916,1,14.97,Central
US-2022-117793,8/23/2021,Matt Abelman,Technology,0,0.891,2,1.98,Central
US-2022-150350,8/23/2021,Maxwell Schwartz,Furniture,0.2,-39.9528,6,532.704,West
US-2022-150350,8/23/2021,Maxwell Schwartz,Office Supplies,0,11.206,5,43.1,West
US-2022-150350,8/23/2021,Maxwell Schwartz,Office Supplies,0,63.873,5,135.9,West
US-2022-150350,8/23/2021,Maxwell Schwartz,Office Supplies,0,16.9932,6,34.68,West
US-2022-150350,8/23/2021,Maxwell Schwartz,Office Supplies,0,0.1588,4,15.88,West
US-2022-150350,8/23/2021,Maxwell Schwartz,Technology,0.2,62.82,3,837.6,West
US-2022-158001,8/23/2021,Jennifer Patt,Office Supplies,0,281.016,5,1040.8,East
US-2022-158001,8/23/2021,Jennifer Patt,Office Supplies,0,7.9218,6,29.34,East
US-2022-158001,8/23/2021,Jennifer Patt,Office Supplies,0,8.733,5,21.3,East
US-2022-160528,8/23/2021,Mick Hernandez,Furniture,0.6,-10.1736,3,22.608,Central
US-2022-160528,8/23/2021,Mick Hernandez,Office Supplies,0.2,-172.7328,8,727.296,Central
US-2022-160528,8/23/2021,Mick Hernandez,Technology,0.2,-33.32,7,666.4,Central
US-2022-100405,8/26/2021,Tom Stivers,Office Supplies,0,3.7996,2,8.26,West
US-2022-102141,8/26/2021,Ken Dana,Office Supplies,0.2,45.84,8,146.688,East
US-2022-105585,8/26/2021,Roland Fjeld,Office Supplies,0,4.9104,3,10.23,West
US-2022-105585,8/26/2021,Roland Fjeld,Office Supplies,0,69.705,5,154.9,West
US-2022-114601,8/26/2021,Andrew Allen,Furniture,0,98.5248,4,447.84,Central
US-2022-114601,8/26/2021,Andrew Allen,Office Supplies,0,2.5056,3,8.64,Central
US-2022-114601,8/26/2021,Andrew Allen,Office Supplies,0,5.6644,2,11.56,Central
US-2022-114601,8/26/2021,Andrew Allen,Technology,0,163.1898,3,479.97,Central
US-2022-114601,8/26/2021,Andrew Allen,Technology,0,58.7916,3,209.97,Central
US-2022-127425,8/26/2021,Dan Reichenbach,Technology,0,87.4825,5,249.95,East
US-2022-127425,8/26/2021,Dan Reichenbach,Technology,0,8.25,6,33,East
US-2022-128594,8/26/2021,Don Jones,Furniture,0.2,100.196,4,1603.136,West
US-2022-132094,8/26/2021,Vivek Grady,Office Supplies,0.2,1.6416,3,5.472,East
US-2022-132094,8/26/2021,Vivek Grady,Technology,0.2,13.1956,2,47.984,East
US-2022-148201,8/26/2021,Charles Crestani,Office Supplies,0,3.1104,1,6.48,West
US-2022-152289,8/26/2021,Linda Cazamias,Furniture,0.3,-29.2776,6,1024.716,Central
US-2022-152289,8/26/2021,Linda Cazamias,Technology,0.2,43.9956,2,159.984,Central
US-2022-160598,8/26/2021,Stuart Van,Office Supplies,0.2,11.2404,1,31.008,South
US-2022-163174,8/26/2021,Xylona Preis,Furniture,0,41.0388,3,186.54,South
US-2022-163538,8/26/2021,Shirley Schmidt,Technology,0,14.8707,3,47.97,Central
US-2022-116764,8/27/2021,Elizabeth Moffitt,Office Supplies,0.2,3.3408,4,9.216,South
US-2022-117919,8/27/2021,Todd Boyes,Office Supplies,0.2,27.972,5,79.92,Central
US-2022-117919,8/27/2021,Todd Boyes,Office Supplies,0.2,1.062,1,14.16,Central
US-2022-145982,8/27/2021,Ted Butterfield,Furniture,0.3,20.967,1,244.615,East
US-2022-145982,8/27/2021,Ted Butterfield,Office Supplies,0,13.92,5,29,East
US-2022-145982,8/27/2021,Ted Butterfield,Office Supplies,0,5.256,4,11.68,East
US-2022-145982,8/27/2021,Ted Butterfield,Office Supplies,0,60.2553,3,122.97,East
US-2022-145982,8/27/2021,Ted Butterfield,Office Supplies,0,36.693,9,81.54,East
US-2022-145982,8/27/2021,Ted Butterfield,Technology,0,28.7856,3,59.97,East
US-2022-146710,8/27/2021,Sung Shariari,Office Supplies,0.2,1.1466,1,3.528,Central
US-2022-146710,8/27/2021,Sung Shariari,Office Supplies,0.2,1.6762,1,4.624,Central
US-2022-146710,8/27/2021,Sung Shariari,Office Supplies,0.2,6.2064,4,55.168,Central
US-2022-146710,8/27/2021,Sung Shariari,Office Supplies,0.2,-10.948,5,51.52,Central
US-2022-137652,8/28/2021,Edward Becker,Office Supplies,0.7,-12.288,8,18.432,East
US-2022-144211,8/28/2021,Chad Sievert,Office Supplies,0.2,5.6115,3,15.48,West
US-2022-144211,8/28/2021,Chad Sievert,Technology,0.2,8.1432,3,108.576,West
US-2022-145303,8/28/2021,Tom Prescott,Furniture,0.32,-52.8908,2,156.3728,Central
US-2022-145303,8/28/2021,Tom Prescott,Office Supplies,0.8,-21.681,9,13.14,Central
US-2022-145303,8/28/2021,Tom Prescott,Office Supplies,0.8,-16.5396,4,10.024,Central
US-2022-128727,8/29/2021,Meg O'Connel,Technology,0,5.5,4,22,East
US-2022-158568,8/29/2021,Rick Bensley,Office Supplies,0.8,-3.0396,3,1.788,Central
US-2022-158568,8/29/2021,Rick Bensley,Office Supplies,0.2,22.6184,7,64.624,Central
US-2022-158568,8/29/2021,Rick Bensley,Technology,0.2,-10.7973,3,95.976,Central
US-2022-159912,8/29/2021,George Bell,Furniture,0.5,-81.94,4,163.88,East
US-2022-159912,8/29/2021,George Bell,Furniture,0.4,-56.448,4,241.92,East
US-2022-159912,8/29/2021,George Bell,Office Supplies,0.7,-2.7888,2,3.486,East
US-2022-159912,8/29/2021,George Bell,Office Supplies,0.2,-2.3814,7,10.584,East
US-2022-161207,8/29/2021,Adam Bellavance,Office Supplies,0,8.0997,3,27.93,East
US-2022-141544,8/30/2021,Patrick O'Brill,Furniture,0.3,-258.5016,4,786.744,East
US-2022-141544,8/30/2021,Patrick O'Brill,Office Supplies,0.7,-27.6936,6,37.764,East
US-2022-141544,8/30/2021,Patrick O'Brill,Office Supplies,0.2,33.831,10,100.24,East
US-2022-141544,8/30/2021,Patrick O'Brill,Office Supplies,0.2,3.389,2,54.224,East
US-2022-141544,8/30/2021,Patrick O'Brill,Technology,0.4,-67.8762,3,290.898,East
US-2022-165995,8/30/2021,Bruce Geld,Furniture,0,15.9936,4,47.04,West
US-2022-165995,8/30/2021,Bruce Geld,Technology,0.2,42.495,5,339.96,West
US-2022-117408,8/31/2021,Theone Pippenger,Office Supplies,0.2,2.3968,2,23.968,Central
US-2022-116526,9/1/2021,Joseph Airdo,Office Supplies,0.1,71.162,4,376.74,Central
US-2022-116526,9/1/2021,Joseph Airdo,Office Supplies,0,2.99,2,11.96,Central
US-2022-116526,9/1/2021,Joseph Airdo,Office Supplies,0,14.4648,4,29.52,Central
US-2022-116526,9/1/2021,Joseph Airdo,Office Supplies,0,12.672,5,26.4,Central
US-2022-116526,9/1/2021,Joseph Airdo,Office Supplies,0,11.086,5,24.1,Central
US-2022-116526,9/1/2021,Joseph Airdo,Technology,0,2.2828,1,8.78,Central
US-2022-120859,9/1/2021,Cynthia Voltz,Office Supplies,0,10.94,2,21.88,West
US-2022-124583,9/1/2021,Laurel Beltran,Office Supplies,0,5.751,1,12.78,West
US-2022-129714,9/1/2021,Adam Bellavance,Office Supplies,0.2,1.0668,1,3.048,East
US-2022-129714,9/1/2021,Adam Bellavance,Office Supplies,0.2,1415.4296,4,4355.168,East
US-2022-129714,9/1/2021,Adam Bellavance,Office Supplies,0,11.5432,2,24.56,East
US-2022-129714,9/1/2021,Adam Bellavance,Office Supplies,0,23.0864,4,49.12,East
US-2022-129714,9/1/2021,Adam Bellavance,Technology,0,2.3086,1,6.79,East
US-2022-151561,9/1/2021,Patrick Gardner,Furniture,0,61.3824,3,191.82,East
US-2022-151561,9/1/2021,Patrick Gardner,Office Supplies,0,3.285,3,10.95,East
US-2022-151561,9/1/2021,Patrick Gardner,Technology,0,206.316,6,468.9,East
US-2022-151561,9/1/2021,Patrick Gardner,Technology,0,30.4416,2,72.48,East
US-2022-155481,9/1/2021,Dean Katz,Office Supplies,0.2,5.4236,7,16.688,East
US-2022-155481,9/1/2021,Dean Katz,Office Supplies,0.2,9.906,6,30.48,East
US-2022-155481,9/1/2021,Dean Katz,Technology,0.4,-4.7976,2,23.988,East
US-2022-106278,9/2/2021,Becky Martin,Furniture,0.2,-2.6997,3,215.976,West
US-2022-106278,9/2/2021,Becky Martin,Office Supplies,0,30.9918,3,65.94,West
US-2022-106950,9/2/2021,Joe Elijah,Furniture,0.4,-149.6307,3,472.518,South
US-2022-106950,9/2/2021,Joe Elijah,Office Supplies,0.2,34.8138,9,309.456,South
US-2022-106950,9/2/2021,Joe Elijah,Office Supplies,0.2,3.4048,4,19.456,South
US-2022-106950,9/2/2021,Joe Elijah,Office Supplies,0.7,-17.5651,7,22.911,South
US-2022-106950,9/2/2021,Joe Elijah,Office Supplies,0.7,-12.628,5,17.22,South
US-2022-106950,9/2/2021,Joe Elijah,Technology,0.2,303.804,3,1012.68,South
US-2022-112739,9/2/2021,Ross DeVincentis,Office Supplies,0.8,-13.3424,8,8.608,Central
US-2022-112739,9/2/2021,Ross DeVincentis,Technology,0.2,33.9065,5,159.56,Central
US-2022-113096,9/2/2021,Sam Zeldin,Office Supplies,0,12.0978,3,46.53,West
US-2022-116540,9/2/2021,Sonia Sunley,Office Supplies,0,3.8822,2,8.26,Central
US-2022-116540,9/2/2021,Sonia Sunley,Office Supplies,0,0.6516,1,1.81,Central
US-2022-126732,9/2/2021,Lena Radford,Furniture,0,31.2444,9,94.68,West
US-2022-126732,9/2/2021,Lena Radford,Furniture,0.2,28.4364,3,568.728,West
US-2022-126732,9/2/2021,Lena Radford,Office Supplies,0,5.2332,7,18.69,West
US-2022-126732,9/2/2021,Lena Radford,Office Supplies,0.2,2.5592,1,7.312,West
US-2022-126732,9/2/2021,Lena Radford,Office Supplies,0,0.9468,3,23.67,West
US-2022-126732,9/2/2021,Lena Radford,Technology,0.2,68.198,4,1091.168,West
US-2022-129847,9/2/2021,Tom Ashbrook,Furniture,0.6,-75.8448,2,84.272,Central
US-2022-130407,9/2/2021,Karen Daniels,Furniture,0,9.995,2,39.98,East
US-2022-130407,9/2/2021,Karen Daniels,Office Supplies,0,19.6248,2,75.48,East
US-2022-144764,9/2/2021,Rob Lucas,Office Supplies,0.2,9.8685,5,29.24,Central
US-2022-144764,9/2/2021,Rob Lucas,Office Supplies,0.2,-8.3524,2,35.168,Central
US-2022-144764,9/2/2021,Rob Lucas,Technology,0.3,-19.47,3,1362.9,Central
US-2022-166429,9/2/2021,Toby Gnade,Technology,0,449.991,2,999.98,West
US-2022-100566,9/3/2021,Julie Kriz,Furniture,0.6,-90.2484,3,83.952,Central
US-2022-101616,9/3/2021,Craig Yedwab,Office Supplies,0,41.0216,8,87.28,South
US-2022-104815,9/3/2021,Rob Beeghly,Furniture,0.3,0,4,198.744,Central
US-2022-132143,9/3/2021,Filia McAdams,Office Supplies,0,22.1536,7,48.16,East
US-2022-147711,9/3/2021,Herbert Flentye,Furniture,0,31.0446,3,344.94,East
US-2022-147711,9/3/2021,Herbert Flentye,Furniture,0,4.2804,2,14.76,East
US-2022-147711,9/3/2021,Herbert Flentye,Office Supplies,0,5.8696,2,12.76,East
US-2022-147711,9/3/2021,Herbert Flentye,Office Supplies,0,27.4856,8,58.48,East
US-2022-153185,9/3/2021,Matt Hagelstein,Office Supplies,0.2,11.223,6,30.96,East
US-2022-158099,9/3/2021,Paul Knutson,Office Supplies,0.7,-760.98,5,1141.47,East
US-2022-158099,9/3/2021,Paul Knutson,Technology,0.4,-46.797,3,280.782,East
US-2022-159737,9/3/2021,Carlos Soltero,Office Supplies,0.8,-14.9736,3,8.808,Central
US-2022-163986,9/3/2021,Jennifer Jackson,Office Supplies,0,14.17,5,54.5,Central
US-2022-117604,9/4/2021,Jeremy Pistek,Office Supplies,0,114.96,5,239.5,South
US-2022-123120,9/4/2021,Christina VanderZanden,Furniture,0,24.9366,1,63.94,East
US-2022-123120,9/4/2021,Christina VanderZanden,Office Supplies,0.2,20.4525,5,60.6,East
US-2022-123120,9/4/2021,Christina VanderZanden,Office Supplies,0,6.5888,4,22.72,East
US-2022-129630,9/4/2021,Ionia McGrath,Furniture,0,8.7372,3,24.27,West
US-2022-129630,9/4/2021,Ionia McGrath,Technology,0.2,944.9865,5,2799.96,West
US-2022-131205,9/4/2021,Anna Andreadi,Furniture,0,16.614,3,42.6,South
US-2022-131205,9/4/2021,Anna Andreadi,Office Supplies,0,2.5344,3,5.28,South
US-2022-131205,9/4/2021,Anna Andreadi,Office Supplies,0,54.6912,6,113.94,South
US-2022-131205,9/4/2021,Anna Andreadi,Office Supplies,0,5.1968,4,129.92,South
US-2022-142524,9/4/2021,Mick Brown,Office Supplies,0,7.7832,2,16.56,Central
US-2022-142524,9/4/2021,Mick Brown,Technology,0,67.188,5,279.95,Central
US-2022-149783,9/4/2021,Delfina Latchford,Office Supplies,0.2,8.7168,2,87.168,South
US-2022-149783,9/4/2021,Delfina Latchford,Office Supplies,0.2,8.3328,2,31.744,South
US-2022-149783,9/4/2021,Delfina Latchford,Office Supplies,0.2,4.1148,3,12.192,South
US-2022-168774,9/4/2021,Roy Phan,Office Supplies,0,160.623,3,535.41,Central
US-2022-169971,9/4/2021,Ivan Liston,Office Supplies,0.2,7.0173,3,62.376,Central
US-2022-169971,9/4/2021,Ivan Liston,Office Supplies,0.2,1.0269,1,3.912,Central
US-2022-110366,9/5/2021,Jonathan Doherty,Furniture,0.2,10.35,2,82.8,East
US-2022-115756,9/5/2021,Pete Kriz,Furniture,0,29.1528,3,242.94,Central
US-2022-115756,9/5/2021,Pete Kriz,Furniture,0,3.666,1,12.22,Central
US-2022-115756,9/5/2021,Pete Kriz,Office Supplies,0,10.584,7,22.05,Central
US-2022-115756,9/5/2021,Pete Kriz,Office Supplies,0,42.0256,4,91.36,Central
US-2022-115756,9/5/2021,Pete Kriz,Office Supplies,0,23.3928,3,194.94,Central
US-2022-115756,9/5/2021,Pete Kriz,Office Supplies,0,20.5755,3,70.95,Central
US-2022-121013,9/5/2021,Michael Moore,Furniture,0,314.0586,3,1652.94,South
US-2022-121013,9/5/2021,Michael Moore,Office Supplies,0,11.7782,2,25.06,South
US-2022-133319,9/5/2021,Mark Van Huff,Office Supplies,0,92.2368,4,192.16,East
US-2022-136231,9/5/2021,Darrin Martin,Office Supplies,0.7,-63.1092,7,86.058,South
US-2022-136231,9/5/2021,Darrin Martin,Office Supplies,0.2,7.6284,3,23.472,South
US-2022-136231,9/5/2021,Darrin Martin,Office Supplies,0.2,3.21,3,10.272,South
US-2022-136231,9/5/2021,Darrin Martin,Technology,0.2,6.799,2,108.784,South
US-2022-136595,9/5/2021,Elizabeth Moffitt,Furniture,0.6,-11.6622,3,21.204,Central
US-2022-137673,9/5/2021,Marina Lichtenstein,Technology,0,29,8,116,West
US-2022-139409,9/5/2021,Fred Wasserman,Technology,0,12.208,4,43.6,East
US-2022-140774,9/5/2021,Brad Eason,Office Supplies,0,26.985,3,107.94,Central
US-2022-144540,9/5/2021,Gary Hansen,Office Supplies,0.8,-166.3935,3,62.79,Central
US-2022-144540,9/5/2021,Gary Hansen,Office Supplies,0.2,4.266,9,28.44,Central
US-2022-148110,9/5/2021,Anthony Rawles,Furniture,0.3,-24.843,7,347.802,Central
US-2022-149195,9/5/2021,Don Miller,Office Supplies,0.2,5.3352,8,15.808,Central
US-2022-149195,9/5/2021,Don Miller,Office Supplies,0.2,9.072,5,25.92,Central
US-2022-149195,9/5/2021,Don Miller,Office Supplies,0.2,3.7584,2,10.368,Central
US-2022-151372,9/5/2021,Joseph Holt,Office Supplies,0.2,3.942,2,11.68,West
US-2022-151372,9/5/2021,Joseph Holt,Office Supplies,0,1.7876,2,4.36,West
US-2022-151372,9/5/2021,Joseph Holt,Office Supplies,0,46.1184,2,96.08,West
US-2022-152373,9/5/2021,Pete Takahito,Office Supplies,0.2,-17.523,3,93.456,Central
US-2022-154536,9/5/2021,Jasper Cacioppo,Office Supplies,0.7,-7.3255,5,9.555,East
US-2022-158778,9/5/2021,Dean Braden,Furniture,0.3,-63.3765,3,887.271,East
US-2022-158778,9/5/2021,Dean Braden,Furniture,0.3,-19.3382,2,71.246,East
US-2022-158778,9/5/2021,Dean Braden,Furniture,0.2,11.6496,9,58.248,East
US-2022-158778,9/5/2021,Dean Braden,Office Supplies,0.2,0.5904,3,7.872,East
US-2022-160815,9/5/2021,Toby Ritter,Technology,0,80.736,3,278.4,Central
US-2022-162383,9/5/2021,Maribeth Dona,Furniture,0.3,-1.2178,2,85.246,East
US-2022-162383,9/5/2021,Maribeth Dona,Office Supplies,0.7,-6.4944,6,8.856,East
US-2022-162383,9/5/2021,Maribeth Dona,Office Supplies,0.7,-7.46,2,8.952,East
US-2022-164490,9/5/2021,Stephanie Ulpright,Office Supplies,0.2,3.3524,2,9.248,Central
US-2022-102981,9/6/2021,Mary O'Rourke,Furniture,0.2,90.294,3,722.352,East
US-2022-102981,9/6/2021,Mary O'Rourke,Technology,0,11.151,2,31.86,East
US-2022-123932,9/6/2021,Yoseph Carroll,Office Supplies,0.2,15.196,4,41.92,Central
US-2022-123932,9/6/2021,Yoseph Carroll,Technology,0.2,37.0782,2,329.584,Central
US-2022-133123,9/6/2021,Karl Braun,Office Supplies,0.7,-2.4564,2,3.204,South
US-2022-133123,9/6/2021,Karl Braun,Office Supplies,0.2,29.985,3,95.952,South
US-2022-145240,9/6/2021,Bruce Geld,Office Supplies,0.2,0.8088,1,10.784,Central
US-2022-149223,9/6/2021,Elpida Rittenbach,Office Supplies,0,22.5852,6,77.88,Central
US-2022-103709,9/8/2021,Liz Preis,Office Supplies,0,3.72,2,14.88,West
US-2022-103709,9/8/2021,Liz Preis,Office Supplies,0,15.408,8,34.24,West
US-2022-103709,9/8/2021,Liz Preis,Office Supplies,0,65.435,2,261.74,West
US-2022-108868,9/8/2021,Ken Black,Office Supplies,0.2,6.1572,2,70.368,Central
US-2022-108868,9/8/2021,Ken Black,Technology,0.2,21.7355,5,59.96,Central
US-2022-108987,9/8/2021,Anna Gayman,Furniture,0.32,-317.1528,4,2396.2656,Central
US-2022-108987,9/8/2021,Anna Gayman,Office Supplies,0.2,-32.784,4,131.136,Central
US-2022-108987,9/8/2021,Anna Gayman,Office Supplies,0.2,3.5952,3,35.952,Central
US-2022-108987,9/8/2021,Anna Gayman,Technology,0.2,0.7198,2,57.584,Central
US-2022-110009,9/8/2021,Toby Ritter,Furniture,0,14.6642,1,43.13,West
US-2022-110009,9/8/2021,Toby Ritter,Office Supplies,0,14.2002,7,30.87,West
US-2022-113516,9/8/2021,Valerie Mitchum,Office Supplies,0.2,23.4976,4,67.136,West
US-2022-113516,9/8/2021,Valerie Mitchum,Office Supplies,0.2,11.5584,2,33.024,West
US-2022-114174,9/8/2021,Anne Pryor,Furniture,0,13.9152,3,173.94,East
US-2022-114174,9/8/2021,Anne Pryor,Office Supplies,0,6.9372,4,14.76,East
US-2022-115455,9/8/2021,Sanjit Engle,Furniture,0.6,-7.7748,2,14.136,Central
US-2022-115455,9/8/2021,Sanjit Engle,Furniture,0.5,-300.735,3,601.47,Central
US-2022-131499,9/8/2021,Michael Grace,Office Supplies,0,62.244,1,207.48,East
US-2022-153101,9/8/2021,Pauline Johnson,Furniture,0.2,-12.7785,1,146.04,West
US-2022-155138,9/8/2021,Jill Matthias,Office Supplies,0.2,23.4552,3,64.704,South
US-2022-155138,9/8/2021,Jill Matthias,Technology,0.2,8.3524,4,35.168,South
US-2022-110023,9/9/2021,Troy Staebel,Office Supplies,0.2,5.484,2,14.624,East
US-2022-112893,9/9/2021,Annie Thurman,Office Supplies,0.2,18.684,4,55.36,West
US-2022-137176,9/9/2021,Daniel Byrd,Furniture,0.6,-12.0064,4,15.008,Central
US-2022-112277,9/10/2021,Steve Chapman,Technology,0.2,58.464,7,519.68,South
US-2022-118780,9/10/2021,Parhena Norris,Office Supplies,0,3.0774,1,6.69,East
US-2022-118780,9/10/2021,Parhena Norris,Office Supplies,0,8.922,2,59.48,East
US-2022-126102,9/10/2021,Dianna Vittorini,Office Supplies,0.2,89.9548,2,276.784,West
US-2022-146206,9/10/2021,Kean Thornton,Furniture,0.3,-34.392,5,300.93,Central
US-2022-146206,9/10/2021,Kean Thornton,Technology,0.2,53.997,5,719.96,Central
US-2022-164350,9/10/2021,Catherine Glotzbach,Office Supplies,0.2,8.445,3,67.56,South
US-2022-165918,9/10/2021,Bryan Davis,Office Supplies,0.2,4.455,3,14.256,West
US-2022-165918,9/10/2021,Bryan Davis,Office Supplies,0.2,13.8684,3,39.624,West
US-2022-165918,9/10/2021,Bryan Davis,Office Supplies,0,3.4686,2,7.38,West
US-2022-165918,9/10/2021,Bryan Davis,Office Supplies,0,40.1702,2,81.98,West
US-2022-102162,9/11/2021,Jill Fjeld,Office Supplies,0,5.4341,1,11.09,South
US-2022-102162,9/11/2021,Jill Fjeld,Technology,0,751.9624,8,1599.92,South
US-2022-116561,9/11/2021,Eugene Barchas,Office Supplies,0.2,12.9584,2,39.872,West
US-2022-116561,9/11/2021,Eugene Barchas,Office Supplies,0,6.6588,3,332.94,West
US-2022-121223,9/11/2021,Giulietta Dortch,Office Supplies,0.2,2.64,2,8.448,East
US-2022-121223,9/11/2021,Giulietta Dortch,Technology,0.4,-157.9383,9,728.946,East
US-2022-130225,9/11/2021,Ryan Crowe,Office Supplies,0.2,33.6042,2,99.568,Central
US-2022-143476,9/11/2021,Linda Cazamias,Office Supplies,0.2,0.91,2,2.912,West
US-2022-143476,9/11/2021,Linda Cazamias,Office Supplies,0.2,2.99,2,9.568,West
US-2022-143476,9/11/2021,Linda Cazamias,Office Supplies,0.2,7.2576,4,20.736,West
US-2022-145625,9/11/2021,Kelly Collister,Office Supplies,0,3.5767,1,7.61,West
US-2022-145625,9/11/2021,Kelly Collister,Technology,0,636.0003,13,3347.37,West
US-2022-150007,9/11/2021,Adam Shillingsburg,Office Supplies,0.8,-3.2436,3,1.908,Central
US-2022-150007,9/11/2021,Adam Shillingsburg,Office Supplies,0.2,2.1,2,6,Central
US-2022-153157,9/11/2021,Trudy Brown,Technology,0,62.93,5,224.75,Central
US-2022-164154,9/11/2021,Nick Zandusky,Office Supplies,0.7,-17.9424,3,22.428,East
US-2022-164154,9/11/2021,Nick Zandusky,Office Supplies,0.2,3.752,5,37.52,East
US-2022-113082,9/12/2021,Matt Collister,Furniture,0,14.5728,2,40.48,East
US-2022-123946,9/12/2021,Anthony Johnson,Furniture,0,307.1448,4,1059.12,South
US-2022-123946,9/12/2021,Anthony Johnson,Office Supplies,0,5.2164,3,11.34,South
US-2022-123946,9/12/2021,Anthony Johnson,Office Supplies,0,0.679,5,67.9,South
US-2022-123946,9/12/2021,Anthony Johnson,Technology,0,1.656,3,20.7,South
US-2022-128811,9/12/2021,Sarah Foster,Office Supplies,0.2,7.764,4,20.704,West
US-2022-128811,9/12/2021,Sarah Foster,Office Supplies,0,4.8162,3,10.47,West
US-2022-128811,9/12/2021,Sarah Foster,Office Supplies,0,5.2029,3,11.07,West
US-2022-142902,9/12/2021,Ben Peterman,Furniture,0.2,52.5114,2,466.768,West
US-2022-142902,9/12/2021,Ben Peterman,Furniture,0.2,1.7136,1,15.232,West
US-2022-142902,9/12/2021,Ben Peterman,Furniture,0.2,3.5948,4,15.136,West
US-2022-142902,9/12/2021,Ben Peterman,Office Supplies,0.2,2.0358,3,6.264,West
US-2022-151148,9/12/2021,Philisse Overcash,Furniture,0.2,5.196,4,83.136,West
US-2022-151148,9/12/2021,Philisse Overcash,Technology,0.2,9.1845,3,146.952,West
US-2022-152457,9/12/2021,Steve Chapman,Office Supplies,0,31.5192,3,68.52,Central
US-2022-105732,9/13/2021,Alejandro Grove,Furniture,0,387.5676,14,1336.44,Central
US-2022-105732,9/13/2021,Alejandro Grove,Office Supplies,0,136.08,2,378,Central
US-2022-105732,9/13/2021,Alejandro Grove,Office Supplies,0,7.056,5,14.4,Central
US-2022-105732,9/13/2021,Alejandro Grove,Office Supplies,0,8.6436,3,17.64,Central
US-2022-105732,9/13/2021,Alejandro Grove,Office Supplies,0,8.4528,3,17.61,Central
US-2022-105732,9/13/2021,Alejandro Grove,Office Supplies,0,0.4074,3,40.74,Central
US-2022-105732,9/13/2021,Alejandro Grove,Office Supplies,0,100.7316,6,373.08,Central
US-2022-105732,9/13/2021,Alejandro Grove,Office Supplies,0,5.07,2,16.9,Central
US-2022-105732,9/13/2021,Alejandro Grove,Technology,0,41.986,5,149.95,Central
US-2022-105732,9/13/2021,Alejandro Grove,Technology,0,0.2997,3,29.97,Central
US-2022-153178,9/14/2021,Clay Ludtke,Office Supplies,0.2,252.588,2,673.568,East
US-2022-153178,9/14/2021,Clay Ludtke,Technology,0,131.355,3,437.85,East
US-2022-155439,9/14/2021,Parhena Norris,Office Supplies,0,12.4416,4,25.92,South
US-2022-116911,9/15/2021,Justin Deggeller,Furniture,0,259.5297,3,1128.39,West
US-2022-116911,9/15/2021,Justin Deggeller,Office Supplies,0.2,6.6352,4,20.416,West
US-2022-128678,9/15/2021,Rob Beeghly,Office Supplies,0.2,15.8158,7,48.664,West
US-2022-128678,9/15/2021,Rob Beeghly,Office Supplies,0,10.058,5,21.4,West
US-2022-149370,9/15/2021,Dean Braden,Office Supplies,0.2,1.8704,1,5.344,East
US-2022-149797,9/15/2021,Adam Hart,Office Supplies,0.2,294.5488,2,841.568,East
US-2022-160479,9/15/2021,Angele Hood,Office Supplies,0,13.452,5,35.4,West
US-2022-123337,9/16/2021,Keith Dawkins,Furniture,0.15,-12.8784,2,273.666,West
US-2022-123337,9/16/2021,Keith Dawkins,Office Supplies,0,4.5448,4,17.48,West
US-2022-134369,9/16/2021,Becky Castell,Office Supplies,0,6.3504,2,12.96,West
US-2022-162159,9/16/2021,Corey Roper,Furniture,0,30.445,2,121.78,South
US-2022-105900,9/17/2021,Brendan Sweed,Office Supplies,0,12.358,5,33.4,Central
US-2022-109806,9/17/2021,Jim Sink,Office Supplies,0,6.633,3,20.1,West
US-2022-109806,9/17/2021,Jim Sink,Office Supplies,0,3.1104,1,6.48,West
US-2022-109806,9/17/2021,Jim Sink,Technology,0.2,8.2782,2,73.584,West
US-2022-111416,9/17/2021,Luke Weiss,Office Supplies,0.2,78.435,5,232.4,East
US-2022-131093,9/17/2021,Troy Staebel,Office Supplies,0.2,-62.7725,5,295.4,East
US-2022-134208,9/17/2021,Cindy Stewart,Technology,0,190.08,4,396,South
US-2022-148957,9/17/2021,Chuck Clark,Office Supplies,0,5.9136,4,12.32,West
US-2022-152415,9/17/2021,Patrick O'Donnell,Furniture,0,6.2244,3,14.82,East
US-2022-152415,9/17/2021,Patrick O'Donnell,Furniture,0,61.3824,3,191.82,East
US-2022-159730,9/17/2021,Sanjit Jacobs,Furniture,0.2,9.9652,2,113.888,West
US-2022-159730,9/17/2021,Sanjit Jacobs,Technology,0.2,7.9188,2,105.584,West
US-2022-164091,9/17/2021,Laura Armstrong,Furniture,0,33.9388,2,109.48,East
US-2022-164091,9/17/2021,Laura Armstrong,Technology,0,131.355,3,437.85,East
US-2022-106075,9/18/2021,Henry MacAllister,Office Supplies,0.2,1.731,1,4.616,East
US-2022-110086,9/18/2021,Bill Donatelli,Technology,0.2,23.9984,2,239.984,West
US-2022-111409,9/18/2021,Patrick O'Brill,Office Supplies,0.2,1.05,1,3,South
US-2022-120355,9/18/2021,Magdelene Morse,Furniture,0.1,140.396,2,631.782,East
US-2022-120355,9/18/2021,Magdelene Morse,Furniture,0,26.1096,3,60.72,East
US-2022-133935,9/18/2021,Jane Waco,Furniture,0.2,50.098,2,801.568,West
US-2022-133935,9/18/2021,Jane Waco,Furniture,0.2,-99.6219,9,885.528,West
US-2022-133935,9/18/2021,Jane Waco,Office Supplies,0,180.7659,9,368.91,West
US-2022-140928,9/18/2021,Nona Balk,Furniture,0.45,-167.3184,4,383.438,South
US-2022-145905,9/18/2021,Anne McFarland,Furniture,0,84.2352,1,350.98,South
US-2022-145905,9/18/2021,Anne McFarland,Office Supplies,0,6.0168,2,13.08,South
US-2022-145905,9/18/2021,Anne McFarland,Office Supplies,0,117.0104,4,900.08,South
US-2022-157511,9/18/2021,Seth Vernon,Furniture,0.3,-7.098,2,99.372,East
US-2022-157511,9/18/2021,Seth Vernon,Furniture,0.2,1.6056,3,5.352,East
US-2022-157511,9/18/2021,Seth Vernon,Office Supplies,0.2,0.3674,1,2.672,East
US-2022-102932,9/19/2021,Shirley Daniels,Office Supplies,0,12.72,6,25.44,East
US-2022-102932,9/19/2021,Shirley Daniels,Office Supplies,0,8.0997,3,27.93,East
US-2022-114888,9/19/2021,Chuck Clark,Office Supplies,0.2,4.1832,3,11.952,West
US-2022-114888,9/19/2021,Chuck Clark,Office Supplies,0,1.872,3,6.24,West
US-2022-120250,9/19/2021,Anne Pryor,Furniture,0.2,3.8448,3,25.632,East
US-2022-130267,9/19/2021,Scot Wooten,Office Supplies,0,73.5448,7,159.88,West
US-2022-142370,9/19/2021,Theone Pippenger,Office Supplies,0,0.1512,2,5.04,South
US-2022-142370,9/19/2021,Theone Pippenger,Technology,0,107.4785,5,249.95,South
US-2022-156097,9/19/2021,Eugene Hildebrand,Furniture,0.3,-50.098,2,701.372,Central
US-2022-156097,9/19/2021,Eugene Hildebrand,Office Supplies,0.8,-3.462,2,2.308,Central
US-2022-158610,9/19/2021,Clytie Kelty,Office Supplies,0,17.38,2,69.52,East
US-2022-168354,9/19/2021,Rick Huthwaite,Furniture,0,244.2496,4,872.32,East
US-2022-168354,9/19/2021,Rick Huthwaite,Office Supplies,0,23.7744,3,49.53,East
US-2022-168354,9/19/2021,Rick Huthwaite,Office Supplies,0,7.668,3,17.04,East
US-2022-168354,9/19/2021,Rick Huthwaite,Office Supplies,0,481.869,9,1606.23,East
US-2022-168557,9/19/2021,Frank Hawley,Office Supplies,0.2,3.1248,2,8.928,West
US-2022-100244,9/20/2021,Greg Maxwell,Office Supplies,0,3.1752,4,11.76,West
US-2022-100244,9/20/2021,Greg Maxwell,Office Supplies,0.2,15.808,2,48.64,West
US-2022-100244,9/20/2021,Greg Maxwell,Office Supplies,0.2,88.3948,2,271.984,West
US-2022-100244,9/20/2021,Greg Maxwell,Office Supplies,0,30.2634,9,65.79,West
US-2022-100244,9/20/2021,Greg Maxwell,Office Supplies,0,37.9848,2,77.52,West
US-2022-126284,9/20/2021,Edward Nazzal,Office Supplies,0,41.013,5,83.7,Central
US-2022-134516,9/20/2021,Filia McAdams,Furniture,0.2,-11.0691,1,98.392,South
US-2022-134516,9/20/2021,Filia McAdams,Furniture,0.2,1.068,2,17.088,South
US-2022-145611,9/20/2021,Helen Abelman,Office Supplies,0,129.7725,5,393.25,East
US-2022-166772,9/20/2021,Heather Jas,Furniture,0,40.97,2,163.88,West
US-2022-109743,9/22/2021,Sally Hughsby,Office Supplies,0.2,4.5873,3,40.776,South
US-2022-109743,9/22/2021,Sally Hughsby,Technology,0.2,5.5944,8,63.936,South
US-2022-116232,9/22/2021,Amy Cox,Office Supplies,0.7,-6.0048,9,7.506,South
US-2022-116232,9/22/2021,Amy Cox,Office Supplies,0.2,5.796,2,16.56,South
US-2022-119641,9/22/2021,Chris Selesnick,Furniture,0,7.584,2,18.96,Central
US-2022-120257,9/22/2021,Pierre Wener,Office Supplies,0.2,0.8856,3,7.872,East
US-2022-125724,9/22/2021,Suzanne McNair,Furniture,0.2,8.554,7,68.432,West
US-2022-135965,9/22/2021,Sam Zeldin,Office Supplies,0,37.2186,6,128.34,East
US-2022-151974,9/22/2021,Robert Dilbeck,Office Supplies,0.2,5.369,5,16.52,East
US-2022-155404,9/22/2021,Ann Steele,Furniture,0,6.3744,2,13.28,South
US-2022-157728,9/22/2021,Ryan Crowe,Office Supplies,0,16.7132,7,35.56,Central
US-2022-157728,9/22/2021,Ryan Crowe,Technology,0,27.4344,2,97.98,Central
US-2022-158617,9/22/2021,Anna Chung,Office Supplies,0,16.146,6,35.88,Central
US-2022-166653,9/22/2021,Nora Pelletier,Office Supplies,0.2,19.99,2,63.968,East
US-2022-101742,9/23/2021,Clay Rozendal,Office Supplies,0.2,3.6848,7,10.528,East
US-2022-106656,9/23/2021,Darrin Van Huff,Office Supplies,0,1.9176,2,4.08,West
US-2022-106656,9/23/2021,Darrin Van Huff,Office Supplies,0,8.694,3,18.9,West
US-2022-110730,9/23/2021,Candace McMahon,Office Supplies,0,3.6936,2,13.68,West
US-2022-124016,9/23/2021,Joni Sundaresam,Furniture,0.2,7.7,4,28,East
US-2022-124016,9/23/2021,Joni Sundaresam,Office Supplies,0.7,-9.7608,7,12.201,East
US-2022-124016,9/23/2021,Joni Sundaresam,Office Supplies,0.2,4.0338,3,11.952,East
US-2022-129469,9/23/2021,Kelly Lampkin,Furniture,0.2,-26.6352,6,532.704,East
US-2022-129469,9/23/2021,Kelly Lampkin,Office Supplies,0.2,0.307,2,4.912,East
US-2022-149979,9/23/2021,Russell Applegate,Furniture,0,81.1734,3,368.97,South
US-2022-149979,9/23/2021,Russell Applegate,Office Supplies,0,34.2925,5,118.25,South
US-2022-159009,9/23/2021,Dave Poirier,Furniture,0.2,-20.7846,3,184.752,West
US-2022-159009,9/23/2021,Dave Poirier,Office Supplies,0.2,4.4604,4,13.216,West
US-2022-100944,9/24/2021,Edward Hooks,Furniture,0.2,56.324,5,563.24,West
US-2022-100944,9/24/2021,Edward Hooks,Office Supplies,0,143.303,5,304.9,West
US-2022-108875,9/24/2021,Craig Leslie,Furniture,0.2,7.504,2,21.44,West
US-2022-108875,9/24/2021,Craig Leslie,Office Supplies,0.2,-95.823,9,511.056,West
US-2022-132479,9/24/2021,Michael Kennedy,Office Supplies,0.8,-729.9138,7,442.372,Central
US-2022-134488,9/24/2021,Pete Kriz,Furniture,0.3,-13.3176,2,155.372,East
US-2022-141551,9/24/2021,Benjamin Patterson,Office Supplies,0,2.9348,1,6.38,Central
US-2022-141551,9/24/2021,Benjamin Patterson,Office Supplies,0,3.1104,1,6.48,Central
US-2022-147340,9/24/2021,Edward Becker,Furniture,0,23.384,5,63.2,West
US-2022-154235,9/24/2021,Ruben Dartt,Furniture,0,21.7515,3,127.95,Central
US-2022-155187,9/24/2021,Laura Armstrong,Office Supplies,0,20.85,5,41.7,West
US-2022-155187,9/24/2021,Laura Armstrong,Office Supplies,0,2.9372,2,41.96,West
US-2022-101385,9/25/2021,Julia West,Office Supplies,0,6.9552,4,16.56,West
US-2022-113978,9/25/2021,Tony Sayre,Office Supplies,0.2,17.891,1,286.256,East
US-2022-113978,9/25/2021,Tony Sayre,Office Supplies,0.2,-82.884,3,331.536,East
US-2022-113978,9/25/2021,Tony Sayre,Office Supplies,0.2,-4.8448,2,24.224,East
US-2022-122245,9/25/2021,Adrian Barton,Furniture,0.5,-204.4458,3,393.165,West
US-2022-123722,9/25/2021,Nicole Hansen,Office Supplies,0.2,5.1792,4,15.936,Central
US-2022-124163,9/25/2021,Steve Chapman,Furniture,0,50.49,2,201.96,Central
US-2022-124163,9/25/2021,Steve Chapman,Furniture,0,17.16,11,68.64,Central
US-2022-124163,9/25/2021,Steve Chapman,Office Supplies,0,1.0336,1,3.04,Central
US-2022-124163,9/25/2021,Steve Chapman,Technology,0,174.9825,5,499.95,Central
US-2022-125402,9/25/2021,Dan Lawera,Furniture,0.2,60.392,4,483.136,West
US-2022-125402,9/25/2021,Dan Lawera,Office Supplies,0,1.6704,2,5.76,West
US-2022-125402,9/25/2021,Dan Lawera,Office Supplies,0,2.2908,1,4.98,West
US-2022-125402,9/25/2021,Dan Lawera,Office Supplies,0,14.8,2,29.6,West
US-2022-125402,9/25/2021,Dan Lawera,Office Supplies,0,5.123,5,10.9,West
US-2022-125402,9/25/2021,Dan Lawera,Technology,0.2,161.9919,3,479.976,West
US-2022-125402,9/25/2021,Dan Lawera,Technology,0.2,4.4736,8,44.736,West
US-2022-140417,9/25/2021,Katrina Edelman,Office Supplies,0.7,-3.5154,1,5.022,West
US-2022-140417,9/25/2021,Katrina Edelman,Office Supplies,0.2,22.518,9,60.048,West
US-2022-148747,9/25/2021,Aaron Smayling,Furniture,0.15,84.294,2,477.666,West
US-2022-109260,9/26/2021,Tanja Norvell,Technology,0.2,-75.5958,3,431.976,South
US-2022-132017,9/26/2021,Matt Hagelstein,Office Supplies,0.8,-11.5872,2,6.816,Central
US-2022-143406,9/26/2021,Lisa Ryan,Furniture,0.3,-136.4895,5,454.965,Central
US-2022-143406,9/26/2021,Lisa Ryan,Office Supplies,0.8,-251.1864,2,93.032,Central
US-2022-145898,9/26/2021,Chuck Magee,Office Supplies,0,13.452,5,35.4,West
US-2022-145898,9/26/2021,Chuck Magee,Office Supplies,0,3.6018,3,7.83,West
US-2022-145898,9/26/2021,Chuck Magee,Office Supplies,0,13.455,5,29.9,West
US-2022-145898,9/26/2021,Chuck Magee,Office Supplies,0,13.8915,3,51.45,West
US-2022-146794,9/26/2021,Sally Hughsby,Furniture,0.15,19.998,5,424.9575,West
US-2022-149790,9/26/2021,Shahid Collister,Office Supplies,0.8,-24.9984,2,15.624,Central
US-2022-157714,9/26/2021,Charles Sheldon,Office Supplies,0,4.4955,1,9.99,Central
US-2022-157945,9/26/2021,Natalie Fritzler,Furniture,0.3,-96.1146,3,747.558,Central
US-2022-157945,9/26/2021,Natalie Fritzler,Office Supplies,0.2,3.348,2,8.928,Central
US-2022-165820,9/26/2021,Dorothy Wardle,Office Supplies,0,6.2208,2,12.96,West
US-2022-169957,9/26/2021,Steve Nguyen,Office Supplies,0,66.3264,6,236.88,West
US-2022-169957,9/26/2021,Steve Nguyen,Office Supplies,0,14.651,5,29.9,West
US-2022-169957,9/26/2021,Steve Nguyen,Technology,0,21,4,100,West
US-2022-110170,9/27/2021,Harry Marie,Furniture,0.32,-225.0976,7,956.6648,Central
US-2022-123176,9/27/2021,James Galang,Office Supplies,0,4.5837,3,13.89,South
US-2022-123176,9/27/2021,James Galang,Office Supplies,0,8.7906,3,17.94,South
US-2022-140249,9/27/2021,Shaun Weien,Technology,0.2,125.198,2,1001.584,West
US-2022-163202,9/27/2021,Brian Moss,Office Supplies,0.7,-2.0349,3,2.907,East
US-2022-134656,9/28/2021,Muhammed MacIntyre,Office Supplies,0.2,30.98,4,99.136,Central
US-2022-101497,9/29/2021,Pamela Stobb,Office Supplies,0,9.1056,1,18.97,West
US-2022-106621,9/29/2021,Dario Medina,Office Supplies,0.2,1.1808,4,10.496,West
US-2022-108056,9/29/2021,Erin Smith,Technology,0.2,75.18,3,859.2,West
US-2022-108616,9/29/2021,Joe Kamberova,Office Supplies,0,7.776,9,25.92,South
US-2022-108616,9/29/2021,Joe Kamberova,Office Supplies,0,30.2112,3,62.94,South
US-2022-108616,9/29/2021,Joe Kamberova,Technology,0,71.3898,3,209.97,South
US-2022-125794,9/29/2021,Maris LaWare,Technology,0,15.2208,1,36.24,West
US-2022-134362,9/29/2021,Linda Southworth,Office Supplies,0.2,5.1792,4,15.936,East
US-2022-138037,9/29/2021,Andy Reiter,Office Supplies,0.2,9.534,5,27.24,West
US-2022-161781,9/29/2021,Chad Cunningham,Office Supplies,0,10.6288,7,40.88,Central
US-2022-106243,9/30/2021,Greg Matthias,Furniture,0.2,-26.196,5,523.92,East
US-2022-108644,9/30/2021,Sarah Jordon,Office Supplies,0.8,-3.2406,2,1.964,Central
US-2022-111794,10/1/2021,Hunter Glantz,Office Supplies,0.2,9.5688,1,28.352,Central
US-2022-111794,10/1/2021,Hunter Glantz,Technology,0.2,20.8719,3,79.512,Central
US-2022-116918,10/1/2021,Jamie Kunitz,Office Supplies,0.2,5.0336,8,30.976,South
US-2022-116918,10/1/2021,Jamie Kunitz,Office Supplies,0.7,-4.49,4,5.388,South
US-2022-139157,10/1/2021,Greg Matthias,Furniture,0.4,-115.7058,1,330.588,East
US-2022-155992,10/1/2021,Chris Cortes,Furniture,0,10.881,5,41.85,Central
US-2022-155992,10/1/2021,Chris Cortes,Technology,0,18.873,2,69.9,Central
US-2022-157686,10/1/2021,Brian DeCherney,Furniture,0.2,12.178,4,194.848,West
US-2022-118689,10/2/2021,Tamara Chand,Office Supplies,0,9.5088,2,33.96,Central
US-2022-118689,10/2/2021,Tamara Chand,Office Supplies,0,16.8413,7,34.37,Central
US-2022-118689,10/2/2021,Tamara Chand,Office Supplies,0,331.191,2,735.98,Central
US-2022-118689,10/2/2021,Tamara Chand,Office Supplies,0,4.872,2,32.48,Central
US-2022-118689,10/2/2021,Tamara Chand,Technology,0,8399.976,5,17499.95,Central
US-2022-118969,10/2/2021,Liz Preis,Office Supplies,0.7,-40.1808,6,54.792,West
US-2022-134376,10/2/2021,Tim Taslimi,Office Supplies,0,16.5888,3,61.44,East
US-2022-101672,10/3/2021,Daniel Byrd,Furniture,0.2,102.9528,4,915.136,West
US-2022-101672,10/3/2021,Daniel Byrd,Office Supplies,0,2.9568,2,6.16,West
US-2022-101672,10/3/2021,Daniel Byrd,Office Supplies,0,45.9754,2,97.82,West
US-2022-101672,10/3/2021,Daniel Byrd,Office Supplies,0,3.852,2,8.56,West
US-2022-103919,10/3/2021,Tracy Poddar,Furniture,0.6,-29.512,5,38.08,Central
US-2022-140634,10/3/2021,Hunter Lopez,Office Supplies,0.2,5.0856,2,15.648,Central
US-2022-144939,10/3/2021,Emily Burns,Furniture,0.1,93.2232,6,599.292,East
US-2022-121601,10/4/2021,Mary O'Rourke,Office Supplies,0.2,19.4194,7,59.752,Central
US-2022-131296,10/4/2021,Melanie Seite,Furniture,0.3,-23.9372,2,239.372,East
US-2022-140158,10/4/2021,Daniel Raglin,Office Supplies,0,13.984,1,30.4,East
US-2022-140158,10/4/2021,Daniel Raglin,Office Supplies,0,34.539,3,119.1,East
US-2022-140158,10/4/2021,Daniel Raglin,Technology,0,2591.9568,9,5399.91,East
US-2022-145709,10/4/2021,Anna Häberlin,Furniture,0.2,2.6028,3,11.568,South
US-2022-145709,10/4/2021,Anna Häberlin,Technology,0.2,19.755,3,52.68,South
US-2022-115952,10/6/2021,Jonathan Howell,Office Supplies,0,14.425,5,28.85,Central
US-2022-157490,10/6/2021,Laurel Beltran,Office Supplies,0.7,-9.1816,4,11.976,West
US-2022-157490,10/6/2021,Laurel Beltran,Office Supplies,0.7,-14.92,4,17.904,West
US-2022-157490,10/6/2021,Laurel Beltran,Technology,0.2,0.8495,5,67.96,West
US-2022-157490,10/6/2021,Laurel Beltran,Technology,0.7,-938.28,6,703.71,West
US-2022-127649,10/7/2021,Dionis Lloyd,Technology,0.2,62.82,3,837.6,West
US-2022-139808,10/7/2021,Mick Crebagga,Office Supplies,0,0.9336,12,93.36,West
US-2022-155033,10/7/2021,Cindy Chapman,Office Supplies,0,5.0688,2,10.56,West
US-2022-162614,10/7/2021,Tim Brockman,Office Supplies,0.2,8.8608,2,27.264,West
US-2022-163216,10/7/2021,Arthur Wiediger,Office Supplies,0.2,1.7248,2,4.928,East
US-2022-126844,10/8/2021,Bart Watters,Furniture,0.6,-32.32,8,51.712,Central
US-2022-135636,10/8/2021,Doug Bickford,Office Supplies,0.2,-67.851,5,387.72,South
US-2022-149685,10/8/2021,Peter McVee,Office Supplies,0.2,20.2986,6,60.144,Central
US-2022-162026,10/8/2021,Joel Eaton,Office Supplies,0,27.882,2,61.96,West
US-2022-114748,10/9/2021,Maria Zettner,Furniture,0.2,0,2,169.568,West
US-2022-114748,10/9/2021,Maria Zettner,Office Supplies,0.2,0.1584,1,1.408,West
US-2022-116974,10/9/2021,Michael Paige,Technology,0.4,-15.5844,4,23.976,East
US-2022-128909,10/9/2021,Sibella Parks,Furniture,0.2,-24.9624,4,332.832,East
US-2022-128909,10/9/2021,Sibella Parks,Office Supplies,0.2,5.98,4,19.136,East
US-2022-126627,10/10/2021,William Brown,Furniture,0.6,-6.3,4,14,Central
US-2022-126627,10/10/2021,William Brown,Office Supplies,0.8,-26.2272,2,16.392,Central
US-2022-150357,10/10/2021,Erica Bern,Office Supplies,0.7,-2.73,3,4.095,South
US-2022-150357,10/10/2021,Erica Bern,Office Supplies,0.2,-4.3792,2,20.608,South
US-2022-157707,10/10/2021,Corey Catlett,Furniture,0.7,-190.8522,3,90.882,West
US-2022-157707,10/10/2021,Corey Catlett,Furniture,0.2,13.5882,1,120.784,West
US-2022-157707,10/10/2021,Corey Catlett,Technology,0.2,-2.9985,1,15.992,West
US-2022-113390,10/11/2021,Emily Phan,Office Supplies,0.2,3.465,3,27.72,Central
US-2022-113390,10/11/2021,Emily Phan,Office Supplies,0.2,0.668,2,5.344,Central
US-2022-100839,10/13/2021,Noah Childs,Furniture,0.2,4.368,3,24.96,West
US-2022-100839,10/13/2021,Noah Childs,Furniture,0.5,-465.568,5,727.45,West
US-2022-101161,10/13/2021,Bart Watters,Furniture,0,33.7266,3,82.26,East
US-2022-101161,10/13/2021,Bart Watters,Office Supplies,0,12.492,5,34.7,East
US-2022-101161,10/13/2021,Bart Watters,Office Supplies,0,11.454,5,24.9,East
US-2022-101161,10/13/2021,Bart Watters,Office Supplies,0,18.2112,2,37.94,East
US-2022-101161,10/13/2021,Bart Watters,Office Supplies,0,23.9688,3,99.87,East
US-2022-145583,10/13/2021,Lena Creighton,Furniture,0,20.6976,14,43.12,West
US-2022-145583,10/13/2021,Lena Creighton,Office Supplies,0,3.456,4,11.52,West
US-2022-145583,10/13/2021,Lena Creighton,Office Supplies,0.2,26.6616,3,76.176,West
US-2022-145583,10/13/2021,Lena Creighton,Office Supplies,0,1.9698,2,4.02,West
US-2022-145583,10/13/2021,Lena Creighton,Office Supplies,0,16.6568,1,35.44,West
US-2022-145583,10/13/2021,Lena Creighton,Office Supplies,0,9.6192,3,20.04,West
US-2022-145583,10/13/2021,Lena Creighton,Office Supplies,0,18.4464,6,65.88,West
US-2022-154018,10/13/2021,Helen Andreada,Furniture,0.6,-150.414,5,139.92,Central
US-2022-154018,10/13/2021,Helen Andreada,Office Supplies,0.2,1.1904,1,15.872,Central
US-2022-154018,10/13/2021,Helen Andreada,Office Supplies,0.8,-11.0005,7,6.286,Central
US-2022-154018,10/13/2021,Helen Andreada,Office Supplies,0.2,3.0044,2,8.288,Central
US-2022-154018,10/13/2021,Helen Andreada,Technology,0.2,23.997,3,191.976,Central
US-2022-108098,10/14/2021,Christine Phan,Technology,0,30.09,3,177,West
US-2022-113607,10/14/2021,Pauline Webber,Office Supplies,0,54.8604,2,111.96,East
US-2022-113607,10/14/2021,Pauline Webber,Technology,0,272.9825,7,1091.93,East
US-2022-125220,10/14/2021,Bobby Elias,Technology,0,544.4175,5,1649.75,Central
US-2022-156503,10/14/2021,Nathan Cano,Furniture,0.2,10.2592,1,102.592,South
US-2022-156503,10/14/2021,Nathan Cano,Office Supplies,0.2,13.128,4,35.008,South
US-2022-156503,10/14/2021,Nathan Cano,Office Supplies,0.2,33.7212,3,93.024,South
US-2022-156503,10/14/2021,Nathan Cano,Office Supplies,0.2,14.682,1,39.152,South
US-2022-156503,10/14/2021,Nathan Cano,Office Supplies,0.2,1.4364,2,12.768,South
US-2022-156503,10/14/2021,Nathan Cano,Technology,0.2,5.9598,1,22.704,South
US-2022-124352,10/15/2021,Cynthia Delaney,Office Supplies,0,251.8911,3,868.59,Central
US-2022-124352,10/15/2021,Cynthia Delaney,Office Supplies,0,55.936,4,121.6,Central
US-2022-124352,10/15/2021,Cynthia Delaney,Office Supplies,0,14.4354,6,29.46,Central
US-2022-124352,10/15/2021,Cynthia Delaney,Office Supplies,0,9.8784,7,20.16,Central
US-2022-124352,10/15/2021,Cynthia Delaney,Office Supplies,0,6.2208,2,12.96,Central
US-2022-124352,10/15/2021,Cynthia Delaney,Technology,0,1.375,1,5.5,Central
US-2022-125738,10/15/2021,Patrick Bzostek,Office Supplies,0.2,13.0375,5,41.72,West
US-2022-125738,10/15/2021,Patrick Bzostek,Office Supplies,0,21.0128,2,45.68,West
US-2022-125738,10/15/2021,Patrick Bzostek,Office Supplies,0,32.936,8,71.6,West
US-2022-125738,10/15/2021,Patrick Bzostek,Office Supplies,0,28.8576,9,60.12,West
US-2022-142097,10/15/2021,Quincy Jones,Office Supplies,0,14.2758,3,43.26,South
US-2022-142097,10/15/2021,Quincy Jones,Office Supplies,0,116.48,7,232.96,South
US-2022-142097,10/15/2021,Quincy Jones,Office Supplies,0,32.6046,6,66.54,South
US-2022-132066,10/16/2021,Nona Balk,Furniture,0.4,-37.9152,1,142.182,East
US-2022-141586,10/17/2021,Neil Knudson,Office Supplies,0.2,6.583,5,18.16,West
US-2022-147256,10/17/2021,Frank Carlisle,Office Supplies,0,751.7601,7,1927.59,Central
US-2022-147256,10/17/2021,Frank Carlisle,Technology,0,220.4853,3,449.97,Central
US-2022-152688,10/17/2021,Nick Radford,Furniture,0,12.098,1,120.98,East
US-2022-152688,10/17/2021,Nick Radford,Office Supplies,0,148.5106,1,315.98,East
US-2022-163972,10/17/2021,Michael Granlund,Furniture,0.15,21.294,2,120.666,West
US-2022-159856,10/18/2021,Emily Phan,Furniture,0.2,-34.641,5,307.92,West
US-2022-105753,10/20/2021,Lindsay Castell,Furniture,0,18.33,5,61.1,South
US-2022-106341,10/20/2021,Luke Foster,Office Supplies,0.2,0.7152,3,7.152,East
US-2022-133697,10/20/2021,Chuck Magee,Furniture,0.3,-14.5764,1,56.686,Central
US-2022-133697,10/20/2021,Chuck Magee,Office Supplies,0.2,7.89,4,25.248,Central
US-2022-133697,10/20/2021,Chuck Magee,Office Supplies,0.2,15.9425,7,51.016,Central
US-2022-139549,10/20/2021,Muhammed Yedwab,Furniture,0.2,4.8392,4,387.136,West
US-2022-160220,10/20/2021,Joy Smith,Office Supplies,0,1.4602,7,20.86,Central
US-2022-160220,10/20/2021,Joy Smith,Technology,0,35.196,6,125.7,Central
US-2022-160220,10/20/2021,Joy Smith,Technology,0,51.8346,2,191.98,Central
US-2022-168921,10/20/2021,Andrew Gjertsen,Office Supplies,0.2,6.03,3,19.296,West
US-2022-111493,10/21/2021,Charles McCrossin,Technology,0,9.816,6,98.16,East
US-2022-112340,10/21/2021,Neoma Murray,Office Supplies,0,11.2308,3,22.92,West
US-2022-125080,10/21/2021,Victoria Wilson,Furniture,0.4,-231.4116,2,661.176,East
US-2022-133669,10/21/2021,Susan Vittorini,Technology,0.4,-47.0304,8,235.152,East
US-2022-136322,10/21/2021,Anne Pryor,Furniture,0.2,9.6832,2,45.568,South
US-2022-136322,10/21/2021,Anne Pryor,Office Supplies,0.7,-21.0848,8,28.752,South
US-2022-138478,10/21/2021,Dennis Pardue,Office Supplies,0,29.4372,3,113.22,West
US-2022-138478,10/21/2021,Dennis Pardue,Office Supplies,0.2,1644.2913,3,4535.976,West
US-2022-138478,10/21/2021,Dennis Pardue,Office Supplies,0,17.5812,6,35.88,West
US-2022-144729,10/21/2021,Joel Eaton,Office Supplies,0,1.5444,3,154.44,West
US-2022-151169,10/21/2021,Muhammed Yedwab,Office Supplies,0,3.564,4,7.92,East
US-2022-155516,10/21/2021,Michael Kennedy,Furniture,0,271.4192,4,1043.92,East
US-2022-155516,10/21/2021,Michael Kennedy,Office Supplies,0,10.44,4,23.2,East
US-2022-155516,10/21/2021,Michael Kennedy,Office Supplies,0,29.3412,7,104.79,East
US-2022-155516,10/21/2021,Michael Kennedy,Office Supplies,0,0.1472,2,7.36,East
US-2022-161746,10/21/2021,Carlos Soltero,Furniture,0.2,12.1068,3,242.136,West
US-2022-161746,10/21/2021,Carlos Soltero,Furniture,0,5.5888,2,19.96,West
US-2022-161746,10/21/2021,Carlos Soltero,Office Supplies,0,5.6994,3,12.39,West
US-2022-161746,10/21/2021,Carlos Soltero,Office Supplies,0,3.4092,3,340.92,West
US-2022-166373,10/21/2021,Jill Fjeld,Technology,0.2,-9.282,6,106.08,Central
US-2022-169334,10/21/2021,Giulietta Weimer,Office Supplies,0.2,6.9795,9,111.672,South
US-2022-116400,10/22/2021,Eric Barreto,Furniture,0,11.1776,4,39.92,South
US-2022-165148,10/22/2021,Peter McVee,Furniture,0,10.048,5,31.4,Central
US-2022-169887,10/22/2021,MaryBeth Skach,Furniture,0,30.582,3,101.94,West
US-2022-169887,10/22/2021,MaryBeth Skach,Office Supplies,0,2.2518,3,8.34,West
US-2022-169887,10/22/2021,MaryBeth Skach,Office Supplies,0,3.2064,1,6.68,West
US-2022-132661,10/23/2021,Steven Roelle,Office Supplies,0,178.318,10,379.4,East
US-2022-151323,10/23/2021,Alejandro Ballentine,Office Supplies,0,8.184,5,17.05,West
US-2022-165484,10/23/2021,Heather Kirkland,Furniture,0.6,-12.117,7,16.156,Central
US-2022-165484,10/23/2021,Heather Kirkland,Office Supplies,0.2,17.8152,3,54.816,Central
US-2022-118311,10/24/2021,Emily Ducich,Technology,0,162,5,450,West
US-2022-121020,10/24/2021,Catherine Glotzbach,Technology,0.2,17.9982,3,239.976,South
US-2022-121748,10/24/2021,Victoria Wilson,Technology,0,21.5988,2,359.98,West
US-2022-121748,10/24/2021,Victoria Wilson,Technology,0,21,4,100,West
US-2022-158925,10/24/2021,Jennifer Patt,Office Supplies,0.2,5.4432,3,15.552,Central
US-2022-166275,10/24/2021,Sonia Sunley,Technology,0,85.9957,1,199.99,West
US-2022-153318,10/25/2021,Jill Stevenson,Technology,0.2,78.396,5,783.96,South
US-2022-116596,10/27/2021,Ben Wallace,Furniture,0.1,80.7772,14,427.644,East
US-2022-116596,10/27/2021,Ben Wallace,Office Supplies,0.2,3.2832,2,9.728,East
US-2022-116596,10/27/2021,Ben Wallace,Office Supplies,0,12.6077,7,40.67,East
US-2022-116596,10/27/2021,Ben Wallace,Office Supplies,0,1.3392,2,33.48,East
US-2022-117387,10/27/2021,Pete Armstrong,Office Supplies,0.2,25.176,4,67.136,West
US-2022-120873,10/27/2021,Ben Wallace,Furniture,0,75.6548,1,290.98,South
US-2022-152632,10/27/2021,Jeremy Ellison,Furniture,0,19.296,3,40.2,East
US-2022-156811,10/27/2021,Bart Pistole,Office Supplies,0,11.8584,4,43.92,West
US-2022-156811,10/27/2021,Bart Pistole,Office Supplies,0.2,7.8225,3,25.032,West
US-2022-120369,10/28/2021,Victoria Brennan,Furniture,0,75.68,5,756.8,East
US-2022-125815,10/28/2021,Denise Leinenbach,Office Supplies,0,5.2164,3,12.42,East
US-2022-130162,10/28/2021,Jonathan Howell,Office Supplies,0,26.0568,6,93.06,West
US-2022-130162,10/28/2021,Jonathan Howell,Technology,0.2,22.6782,3,302.376,West
US-2022-134775,10/28/2021,Alejandro Savely,Office Supplies,0.2,17.3376,3,49.536,West
US-2022-134775,10/28/2021,Alejandro Savely,Office Supplies,0,25.48,7,50.96,West
US-2022-140641,10/28/2021,Emily Phan,Office Supplies,0.7,-26.733,5,38.19,South
US-2022-142545,10/28/2021,Jonathan Doherty,Furniture,0,38.024,4,77.6,East
US-2022-142545,10/28/2021,Jonathan Doherty,Office Supplies,0,6.5688,1,14.28,East
US-2022-142545,10/28/2021,Jonathan Doherty,Office Supplies,0,15.552,5,32.4,East
US-2022-142545,10/28/2021,Jonathan Doherty,Office Supplies,0,27.3168,3,56.91,East
US-2022-142545,10/28/2021,Jonathan Doherty,Office Supplies,0,10.8248,8,1082.48,East
US-2022-144344,10/28/2021,Patrick Gardner,Furniture,0.2,13.7862,3,47.952,South
US-2022-144344,10/28/2021,Patrick Gardner,Furniture,0.2,0,2,63.968,South
US-2022-144344,10/28/2021,Patrick Gardner,Furniture,0.2,41.262,3,165.048,South
US-2022-144344,10/28/2021,Patrick Gardner,Office Supplies,0.7,-29.94,5,37.425,South
US-2022-144393,10/28/2021,Suzanne McNair,Office Supplies,0.7,-14.0928,4,17.616,South
US-2022-112389,10/29/2021,Jim Mitchum,Office Supplies,0,3.0342,3,11.67,East
US-2022-112389,10/29/2021,Jim Mitchum,Office Supplies,0,0.4074,3,40.74,East
US-2022-131912,10/29/2021,Logan Haushalter,Office Supplies,0.2,3.8168,1,11.744,West
US-2022-146682,10/29/2021,Katrina Willman,Furniture,0,32.16,5,67,Central
US-2022-105291,10/30/2021,Susan Pistek,Office Supplies,0,1.1946,2,3.62,West
US-2022-153836,10/30/2021,Edward Hooks,Office Supplies,0,32.186,5,114.95,East
US-2022-153836,10/30/2021,Edward Hooks,Office Supplies,0.2,10.0632,3,28.752,East
US-2022-167290,10/30/2021,Jason Fortune-,Office Supplies,0,3.504,2,11.68,Central
US-2022-119165,10/31/2021,Bill Donatelli,Furniture,0.3,-14.081,5,492.835,East
US-2022-140130,10/31/2021,Helen Wasserman,Furniture,0,81.1734,3,368.97,Central
US-2022-140130,10/31/2021,Helen Wasserman,Office Supplies,0,3.4692,3,12.39,Central
US-2022-140130,10/31/2021,Helen Wasserman,Office Supplies,0,9.9882,3,332.94,Central
US-2022-140130,10/31/2021,Helen Wasserman,Office Supplies,0,6.1488,2,21.96,Central
US-2022-142251,10/31/2021,Frank Olsen,Office Supplies,0.2,11.2224,6,32.064,South
US-2022-144218,10/31/2021,Jonathan Doherty,Office Supplies,0,282.2092,7,1085.42,West
US-2022-146913,10/31/2021,Sylvia Foulston,Furniture,0.2,70.196,5,1403.92,West
US-2022-100671,11/1/2021,Cindy Schnelling,Office Supplies,0.2,6.9795,9,111.672,Central
US-2022-129196,11/1/2021,Xylona Preis,Technology,0.2,17.8794,3,68.112,Central
US-2022-159212,11/1/2021,Katherine Murray,Office Supplies,0,118.3413,3,251.79,South
US-2022-159212,11/1/2021,Katherine Murray,Technology,0,6.104,2,21.8,South
US-2022-109365,11/3/2021,Xylona Preis,Office Supplies,0,14.2956,2,43.32,West
US-2022-109365,11/3/2021,Xylona Preis,Office Supplies,0.2,3.0212,2,9.296,West
US-2022-109365,11/3/2021,Xylona Preis,Office Supplies,0.2,15.7992,12,43.584,West
US-2022-109365,11/3/2021,Xylona Preis,Office Supplies,0,5.0358,7,15.26,West
US-2022-109365,11/3/2021,Xylona Preis,Office Supplies,0,9.3312,3,19.44,West
US-2022-109365,11/3/2021,Xylona Preis,Office Supplies,0,56.9772,3,116.28,West
US-2022-109365,11/3/2021,Xylona Preis,Office Supplies,0,150.984,3,314.55,West
US-2022-114972,11/3/2021,Phillip Flathmann,Furniture,0.2,-29.9178,2,217.584,West
US-2022-114972,11/3/2021,Phillip Flathmann,Office Supplies,0,429.5772,4,1101.48,West
US-2022-114972,11/3/2021,Phillip Flathmann,Office Supplies,0,41.2237,7,87.71,West
US-2022-114972,11/3/2021,Phillip Flathmann,Technology,0,29.0325,5,82.95,West
US-2022-127250,11/3/2021,Sarah Foster,Office Supplies,0,2.3814,3,8.82,West
US-2022-128867,11/3/2021,Clay Ludtke,Office Supplies,0,22.788,2,75.96,Central
US-2022-128867,11/3/2021,Clay Ludtke,Office Supplies,0,13.3476,6,27.24,Central
US-2022-134180,11/3/2021,Julie Prescott,Furniture,0.3,-13.433,7,470.155,East
US-2022-134180,11/3/2021,Julie Prescott,Technology,0.2,14.4,1,72,East
US-2022-159023,11/3/2021,Natalie Webber,Office Supplies,0.7,-3.465,7,4.158,West
US-2022-159023,11/3/2021,Natalie Webber,Technology,0.7,-251.9874,3,179.991,West
US-2022-160136,11/3/2021,Patrick Jones,Office Supplies,0.2,3.3524,2,9.248,Central
US-2022-168893,11/3/2021,Arthur Prichep,Furniture,0,9.158,5,24.1,South
US-2022-168893,11/3/2021,Arthur Prichep,Furniture,0,160.1586,3,842.94,South
US-2022-168893,11/3/2021,Arthur Prichep,Office Supplies,0,2.0748,3,7.98,South
US-2022-168893,11/3/2021,Arthur Prichep,Office Supplies,0,2.625,1,8.75,South
US-2022-168893,11/3/2021,Arthur Prichep,Office Supplies,0,9.6,4,20,South
US-2022-111563,11/4/2021,Sally Matthias,Furniture,0.6,-84.2928,4,66.112,Central
US-2022-111563,11/4/2021,Sally Matthias,Furniture,0.6,-5.688,3,11.376,Central
US-2022-119018,11/4/2021,Carl Weiss,Office Supplies,0.2,1.305,1,4.176,West
US-2022-119018,11/4/2021,Carl Weiss,Office Supplies,0.2,2.7956,2,7.712,West
US-2022-119018,11/4/2021,Carl Weiss,Office Supplies,0,18.6624,6,38.88,West
US-2022-143308,11/4/2021,Roy Collins,Office Supplies,0,5.2626,3,10.74,South
US-2022-146766,11/4/2021,Thomas Thornton,Office Supplies,0,55.912,4,192.8,West
US-2022-158260,11/4/2021,Cindy Chapman,Technology,0.2,77.22,2,686.4,West
US-2022-162236,11/4/2021,Elpida Rittenbach,Furniture,0.4,-292.1,10,876.3,South
US-2022-162236,11/4/2021,Elpida Rittenbach,Office Supplies,0.2,3.9592,2,45.248,South
US-2022-162236,11/4/2021,Elpida Rittenbach,Office Supplies,0.2,-34.758,2,185.376,South
US-2022-163328,11/4/2021,Tracy Poddar,Furniture,0.2,-97.5528,3,650.352,West
US-2022-163328,11/4/2021,Tracy Poddar,Furniture,0.2,-14.4078,1,104.784,West
US-2022-163328,11/4/2021,Tracy Poddar,Office Supplies,0.2,228.0792,8,629.184,West
US-2022-163328,11/4/2021,Tracy Poddar,Office Supplies,0.2,5.3116,1,15.176,West
US-2022-163328,11/4/2021,Tracy Poddar,Office Supplies,0.2,16.7832,3,47.952,West
US-2022-163328,11/4/2021,Tracy Poddar,Office Supplies,0.2,-4.1762,7,17.584,West
US-2022-163755,11/4/2021,Alejandro Savely,Furniture,0,35.6796,3,209.88,West
US-2022-165827,11/4/2021,Maureen Fritzler,Furniture,0.2,8.2056,6,50.496,South
US-2022-166443,11/4/2021,Lisa Hazard,Furniture,0,16.4647,7,38.29,West
US-2022-106677,11/5/2021,Alejandro Savely,Technology,0.4,-15.992,2,23.988,East
US-2022-125094,11/5/2021,Nora Preis,Technology,0,52.7692,4,479.72,West
US-2022-131611,11/5/2021,Emily Phan,Furniture,0.32,-225.0976,7,956.6648,Central
US-2022-131611,11/5/2021,Emily Phan,Furniture,0.3,-160.2952,8,863.128,Central
US-2022-131611,11/5/2021,Emily Phan,Office Supplies,0.8,-20.1408,3,12.588,Central
US-2022-131611,11/5/2021,Emily Phan,Office Supplies,0.8,-6.237,3,3.564,Central
US-2022-131611,11/5/2021,Emily Phan,Technology,0.2,45.1395,5,171.96,Central
US-2022-140207,11/5/2021,Christopher Schild,Office Supplies,0.2,9.828,5,29.12,West
US-2022-143441,11/5/2021,Evan Bailliet,Office Supplies,0.2,4.44,1,11.84,Central
US-2022-144092,11/5/2021,Logan Haushalter,Furniture,0.2,9.9652,2,113.888,West
US-2022-144092,11/5/2021,Logan Haushalter,Office Supplies,0,77.4837,3,158.13,West
US-2022-144092,11/5/2021,Logan Haushalter,Technology,0,12.96,4,72,West
US-2022-148908,11/5/2021,Joseph Holt,Office Supplies,0.2,19.968,2,53.248,West
US-2022-157280,11/5/2021,Liz Willingham,Furniture,0,75.68,5,756.8,South
US-2022-157280,11/5/2021,Liz Willingham,Furniture,0,71.2296,2,273.96,South
US-2022-157280,11/5/2021,Liz Willingham,Technology,0,18.8937,3,89.97,South
US-2022-165078,11/5/2021,Michelle Arnett,Office Supplies,0,16.2688,2,39.68,Central
US-2022-165078,11/5/2021,Michelle Arnett,Office Supplies,0,50.352,5,104.9,Central
US-2022-165078,11/5/2021,Michelle Arnett,Office Supplies,0,24.84,5,51.75,Central
US-2022-109925,11/6/2021,Irene Maddox,Office Supplies,0,22.9068,3,84.84,West
US-2022-125969,11/6/2021,Lindsay Shagiari,Furniture,0.2,-9.1602,2,81.424,West
US-2022-125969,11/6/2021,Lindsay Shagiari,Furniture,0,26.2416,3,238.56,West
US-2022-153815,11/6/2021,Kelly Lampkin,Furniture,0.2,-28.5978,2,207.984,South
US-2022-153815,11/6/2021,Kelly Lampkin,Furniture,0.2,5.7798,2,35.568,South
US-2022-153815,11/6/2021,Kelly Lampkin,Office Supplies,0.2,12.6392,2,36.112,South
US-2022-153815,11/6/2021,Kelly Lampkin,Office Supplies,0.2,31.0688,2,88.768,South
US-2022-113817,11/7/2021,Max Jones,Office Supplies,0.2,9.688,2,27.68,West
US-2022-116337,11/7/2021,Michael Chen,Furniture,0.6,-17.784,5,44.46,Central
US-2022-116337,11/7/2021,Michael Chen,Office Supplies,0.2,19.6305,3,314.088,Central
US-2022-116379,11/7/2021,Lisa DeCherney,Office Supplies,0.2,20.1544,2,57.584,West
US-2022-132997,11/7/2021,Luke Weiss,Office Supplies,0.2,89.9548,2,276.784,East
US-2022-132997,11/7/2021,Luke Weiss,Office Supplies,0,6.2208,2,12.96,East
US-2022-132997,11/7/2021,Luke Weiss,Office Supplies,0,5.841,3,116.82,East
US-2022-132997,11/7/2021,Luke Weiss,Technology,0,71.2692,4,263.96,East
US-2022-132997,11/7/2021,Luke Weiss,Technology,0,100.7916,3,359.97,East
US-2022-139388,11/7/2021,Cindy Chapman,Office Supplies,0,0.2992,4,14.96,East
US-2022-144554,11/7/2021,Denise Monton,Technology,0.2,22.4955,3,119.976,East
US-2022-147585,11/7/2021,Claudia Bergmann,Furniture,0,6.2244,3,14.82,West
US-2022-152247,11/7/2021,Michelle Arnett,Furniture,0.2,100.196,4,1603.136,West
US-2022-161669,11/7/2021,Eudokia Martin,Office Supplies,0.2,11.7,4,37.44,West
US-2022-161669,11/7/2021,Eudokia Martin,Office Supplies,0.2,8.7672,4,26.976,West
US-2022-161669,11/7/2021,Eudokia Martin,Office Supplies,0,6.8714,2,14.62,West
US-2022-161669,11/7/2021,Eudokia Martin,Office Supplies,0,3.2944,2,11.36,West
US-2022-164896,11/7/2021,Penelope Sewall,Office Supplies,0,6.321,2,12.9,West
US-2022-168830,11/7/2021,Marina Lichtenstein,Technology,0,163.1898,3,479.97,West
US-2022-152156,11/8/2021,Claire Gute,Furniture,0,41.9136,2,261.96,South
US-2022-152156,11/8/2021,Claire Gute,Furniture,0,219.582,3,731.94,South
US-2022-138233,11/9/2021,Philip Fox,Technology,0,177.5889,3,479.97,West
US-2022-105494,11/10/2021,Pamela Coakley,Office Supplies,0.2,24.5028,3,70.008,West
US-2022-105494,11/10/2021,Pamela Coakley,Office Supplies,0,42.0714,7,155.82,West
US-2022-115588,11/10/2021,Art Foster,Office Supplies,0.2,-2.436,3,38.976,East
US-2022-115588,11/10/2021,Art Foster,Office Supplies,0.2,-3.312,5,14.72,East
US-2022-119935,11/10/2021,Kalyca Meade,Furniture,0,17.158,2,37.3,Central
US-2022-119935,11/10/2021,Kalyca Meade,Office Supplies,0,39.3408,2,81.96,Central
US-2022-125164,11/10/2021,Sally Hughsby,Office Supplies,0.2,7.3834,1,20.368,East
US-2022-125164,11/10/2021,Sally Hughsby,Office Supplies,0.2,16.8237,3,49.848,East
US-2022-127761,11/10/2021,Scott Williamson,Office Supplies,0.2,1.365,1,3.64,East
US-2022-127761,11/10/2021,Scott Williamson,Technology,0,220.4825,7,881.93,East
US-2022-136581,11/10/2021,Seth Vernon,Office Supplies,0.2,10.8864,6,31.104,East
US-2022-137736,11/10/2021,Debra Catini,Office Supplies,0,10.465,7,41.86,South
US-2022-140935,11/10/2021,Aaron Bergman,Furniture,0,54.7136,2,341.96,Central
US-2022-140935,11/10/2021,Aaron Bergman,Technology,0,62.1544,2,221.98,Central
US-2022-144547,11/10/2021,Maxwell Schwartz,Technology,0.2,48.9902,7,279.944,Central
US-2022-145177,11/10/2021,Paul Prost,Furniture,0.2,29.6576,7,148.288,East
US-2022-145177,11/10/2021,Paul Prost,Office Supplies,0.2,29.302,4,334.88,East
US-2022-145177,11/10/2021,Paul Prost,Office Supplies,0.7,-46.592,7,69.888,East
US-2022-145177,11/10/2021,Paul Prost,Office Supplies,0.2,3.3408,4,9.216,East
US-2022-145177,11/10/2021,Paul Prost,Office Supplies,0.2,1.6762,1,4.624,East
US-2022-145177,11/10/2021,Paul Prost,Office Supplies,0.2,7.5087,3,22.248,East
US-2022-145177,11/10/2021,Paul Prost,Office Supplies,0.2,32.4684,2,89.568,East
US-2022-145177,11/10/2021,Paul Prost,Technology,0.2,-29.0745,7,178.92,East
US-2022-145177,11/10/2021,Paul Prost,Technology,0.4,-9.7902,7,41.958,East
US-2022-152940,11/10/2021,Rose O'Brian,Office Supplies,0,4.461,1,29.74,West
US-2022-158694,11/10/2021,Arianne Irving,Furniture,0,191.6586,9,467.46,West
US-2022-158694,11/10/2021,Arianne Irving,Office Supplies,0,38.976,4,129.92,West
US-2022-158694,11/10/2021,Arianne Irving,Office Supplies,0,3.969,5,14.7,West
US-2022-158694,11/10/2021,Arianne Irving,Office Supplies,0.2,1.8144,3,5.184,West
US-2022-158694,11/10/2021,Arianne Irving,Office Supplies,0,28.858,5,61.4,West
US-2022-158694,11/10/2021,Arianne Irving,Office Supplies,0,32.5008,3,67.71,West
US-2022-158694,11/10/2021,Arianne Irving,Office Supplies,0,187.3976,4,720.76,West
US-2022-162348,11/10/2021,Ben Ferrer,Furniture,0,2.7944,1,9.98,West
US-2022-163384,11/10/2021,Chuck Clark,Office Supplies,0.2,4.4604,4,13.216,West
US-2022-163384,11/10/2021,Chuck Clark,Office Supplies,0,15.552,5,32.4,West
US-2022-103128,11/11/2021,Sung Chung,Office Supplies,0.2,1.2348,6,14.112,Central
US-2022-116722,11/11/2021,Liz Pelletier,Furniture,0.2,0,3,451.152,West
US-2022-116722,11/11/2021,Liz Pelletier,Furniture,0,10.9096,2,41.96,West
US-2022-116722,11/11/2021,Liz Pelletier,Office Supplies,0.2,11.0264,11,31.504,West
US-2022-124506,11/11/2021,Brenda Bowman,Furniture,0.3,-2.0568,2,47.992,Central
US-2022-124506,11/11/2021,Brenda Bowman,Technology,0.2,1.1996,4,95.968,Central
US-2022-124667,11/11/2021,Bryan Davis,Office Supplies,0,20.84,1,83.36,East
US-2022-124667,11/11/2021,Bryan Davis,Technology,0,14.9925,3,59.97,East
US-2022-130799,11/11/2021,Berenike Kampe,Furniture,0,2.2272,4,6.96,West
US-2022-131968,11/11/2021,Laurel Beltran,Office Supplies,0.2,50.3658,3,671.544,South
US-2022-131968,11/11/2021,Laurel Beltran,Office Supplies,0.7,-6.9216,2,9.888,South
US-2022-139878,11/11/2021,Lisa DeCherney,Technology,0,74.8142,2,257.98,Central
US-2022-145548,11/11/2021,Edward Becker,Furniture,0.1,8.1882,3,245.646,East
US-2022-145548,11/11/2021,Edward Becker,Office Supplies,0,25.0938,3,92.94,East
US-2022-145548,11/11/2021,Edward Becker,Office Supplies,0.2,17.19,3,55.008,East
US-2022-145548,11/11/2021,Edward Becker,Office Supplies,0.2,11.4504,3,35.232,East
US-2022-145548,11/11/2021,Edward Becker,Office Supplies,0,7.8792,3,28.14,East
US-2022-145548,11/11/2021,Edward Becker,Technology,0,6.48,2,36,East
US-2022-164196,11/11/2021,Alejandro Savely,Furniture,0,241.1046,6,2678.94,Central
US-2022-124590,11/12/2021,Susan Pistek,Furniture,0.3,0,9,1537.074,East
US-2022-124590,11/12/2021,Susan Pistek,Furniture,0.3,-12.8392,2,449.372,East
US-2022-124590,11/12/2021,Susan Pistek,Furniture,0.3,-21.0686,7,1474.802,East
US-2022-124590,11/12/2021,Susan Pistek,Office Supplies,0.2,33.0288,2,110.096,East
US-2022-124590,11/12/2021,Susan Pistek,Office Supplies,0.2,5.4444,6,16.752,East
US-2022-134348,11/12/2021,Maurice Satty,Office Supplies,0.7,-4.598,5,6.27,West
US-2022-134348,11/12/2021,Maurice Satty,Office Supplies,0.7,-3.3488,7,4.368,West
US-2022-134348,11/12/2021,Maurice Satty,Technology,0.2,1.999,2,31.984,West
US-2022-149349,11/12/2021,Stephanie Phelps,Furniture,0.6,-8.532,6,22.752,Central
US-2022-152170,11/12/2021,Frank Hawley,Office Supplies,0,10.5504,2,37.68,Central
US-2022-152170,11/12/2021,Frank Hawley,Office Supplies,0,5.5566,7,20.58,Central
US-2022-152170,11/12/2021,Frank Hawley,Office Supplies,0,8.69,2,17.38,Central
US-2022-152170,11/12/2021,Frank Hawley,Office Supplies,0,129.384,8,287.52,Central
US-2022-152170,11/12/2021,Frank Hawley,Office Supplies,0,8.991,2,19.98,Central
US-2022-164399,11/12/2021,Dianna Wilson,Furniture,0.2,-8.4294,3,674.352,West
US-2022-164399,11/12/2021,Dianna Wilson,Technology,0.2,25.497,3,203.976,West
US-2022-101336,11/13/2021,Cyma Kinney,Office Supplies,0,39.41,5,140.75,East
US-2022-101336,11/13/2021,Cyma Kinney,Office Supplies,0,6.9664,2,24.88,East
US-2022-101336,11/13/2021,Cyma Kinney,Office Supplies,0,20.163,5,77.55,East
US-2022-101336,11/13/2021,Cyma Kinney,Office Supplies,0,9.8901,3,36.63,East
US-2022-113677,11/13/2021,Corinna Mitchell,Office Supplies,0,6.8724,3,14.94,East
US-2022-113677,11/13/2021,Corinna Mitchell,Technology,0,592.7896,4,2279.96,East
US-2022-118570,11/13/2021,Chuck Clark,Office Supplies,0.2,78.6828,7,217.056,East
US-2022-121958,11/13/2021,Cindy Stewart,Office Supplies,0.2,5.8653,7,52.136,South
US-2022-128972,11/13/2021,Tom Stivers,Furniture,0,13.0548,4,30.36,Central
US-2022-147683,11/13/2021,Philisse Overcash,Furniture,0,7.2298,2,19.54,West
US-2022-149461,11/13/2021,Adrian Shami,Furniture,0,1.5048,1,4.18,West
US-2022-155488,11/13/2021,Frank Merwin,Office Supplies,0,11.4452,2,44.02,West
US-2022-162103,11/13/2021,Laurel Beltran,Office Supplies,0.8,-4.704,2,3.136,Central
US-2022-112970,11/14/2021,Tim Brockman,Office Supplies,0,2.8536,3,9.84,West
US-2022-117541,11/14/2021,Justin MacKendrick,Furniture,0,6.5736,4,19.92,East
US-2022-117541,11/14/2021,Justin MacKendrick,Office Supplies,0,7.567,5,16.45,East
US-2022-118759,11/14/2021,Maria Bertelson,Furniture,0.1,72.5344,2,408.006,East
US-2022-118759,11/14/2021,Maria Bertelson,Office Supplies,0,10.5144,3,40.44,East
US-2022-121370,11/14/2021,Eugene Barchas,Furniture,0.3,-21.7176,3,380.058,East
US-2022-121370,11/14/2021,Eugene Barchas,Furniture,0.2,9.7152,3,48.576,East
US-2022-121370,11/14/2021,Eugene Barchas,Technology,0.4,179.9964,4,1199.976,East
US-2022-131065,11/14/2021,Allen Armold,Office Supplies,0,3.8822,2,8.26,South
US-2022-131065,11/14/2021,Allen Armold,Office Supplies,0,2.376,1,5.28,South
US-2022-131065,11/14/2021,Allen Armold,Technology,0,114.9954,2,499.98,South
US-2022-134691,11/14/2021,Kelly Collister,Office Supplies,0.8,-3.9032,2,2.296,Central
US-2022-144351,11/14/2021,Ryan Crowe,Technology,0,25.1916,3,89.97,East
US-2022-149482,11/14/2021,Ralph Ritter,Office Supplies,0,3.4686,2,7.38,West
US-2022-166618,11/14/2021,Darren Powers,Office Supplies,0,6.149,1,23.65,East
US-2022-166618,11/14/2021,Darren Powers,Technology,0,3.9144,2,13.98,East
US-2022-105963,11/15/2021,Stewart Carmichael,Technology,0,40.7499,3,99.39,West
US-2022-130820,11/15/2021,Odella Nelson,Furniture,0.4,-199.5076,4,630.024,South
US-2022-146633,11/15/2021,Toby Gnade,Office Supplies,0.2,13.3476,7,38.136,West
US-2022-146633,11/15/2021,Toby Gnade,Office Supplies,0.2,381.297,1,1016.792,West
US-2022-148740,11/15/2021,Anna Häberlin,Technology,0.2,27.1032,2,361.376,West
US-2022-124527,11/16/2021,Ionia McGrath,Office Supplies,0.2,2.808,5,8.32,West
US-2022-154508,11/16/2021,Ruben Dartt,Office Supplies,0,13.348,5,28.4,West
US-2022-118500,11/17/2021,Heather Jas,Office Supplies,0,13.365,5,49.5,West
US-2022-134110,11/17/2021,Barry Gonzalez,Office Supplies,0.2,5.5216,4,15.232,Central
US-2022-134110,11/17/2021,Barry Gonzalez,Technology,0.2,6.7176,3,67.176,Central
US-2022-150658,11/17/2021,Maribeth Schnelling,Office Supplies,0.2,3.3675,3,10.776,West
US-2022-103464,11/18/2021,Patrick Gardner,Technology,0,95.2,5,595,West
US-2022-108630,11/18/2021,Bobby Elias,Office Supplies,0.2,22.156,5,61.12,West
US-2022-115378,11/18/2021,Ashley Jarboe,Furniture,0,33.2156,2,301.96,Central
US-2022-119963,11/18/2021,Steve Nguyen,Furniture,0.3,-18.222,6,255.108,Central
US-2022-119963,11/18/2021,Steve Nguyen,Office Supplies,0.2,1.0348,2,6.368,Central
US-2022-119963,11/18/2021,Steve Nguyen,Office Supplies,0.2,15.8756,2,48.848,Central
US-2022-119963,11/18/2021,Steve Nguyen,Office Supplies,0.2,6.6312,2,19.648,Central
US-2022-136812,11/18/2021,Arthur Wiediger,Office Supplies,0,55.896,4,1117.92,Central
US-2022-138408,11/18/2021,Karen Carlisle,Technology,0,527.984,4,1319.96,South
US-2022-158575,11/18/2021,Sean Braxton,Office Supplies,0.2,16.8948,6,103.968,East
US-2022-166226,11/18/2021,Tracy Collins,Office Supplies,0,18.3168,1,67.84,West
US-2022-166226,11/18/2021,Tracy Collins,Technology,0.2,6.1192,1,61.192,West
US-2022-110156,11/19/2021,Eric Hoffmann,Furniture,0.6,-0.7566,2,2.328,Central
US-2022-110156,11/19/2021,Eric Hoffmann,Office Supplies,0.8,-2.0264,2,1.192,Central
US-2022-110156,11/19/2021,Eric Hoffmann,Office Supplies,0.8,-17.248,5,10.78,Central
US-2022-110156,11/19/2021,Eric Hoffmann,Office Supplies,0.2,13.8267,3,40.968,Central
US-2022-110156,11/19/2021,Eric Hoffmann,Office Supplies,0.2,21.888,12,58.368,Central
US-2022-110156,11/19/2021,Eric Hoffmann,Office Supplies,0.2,3.6288,2,10.368,Central
US-2022-110156,11/19/2021,Eric Hoffmann,Office Supplies,0.2,-16.3644,6,100.704,Central
US-2022-110156,11/19/2021,Eric Hoffmann,Technology,0.2,25.186,5,71.96,Central
US-2022-111143,11/19/2021,Tim Taslimi,Office Supplies,0,15.9384,3,54.96,Central
US-2022-113138,11/19/2021,Nora Pelletier,Office Supplies,0,5.0112,6,17.28,East
US-2022-113138,11/19/2021,Nora Pelletier,Office Supplies,0.2,6.4206,3,17.712,East
US-2022-126858,11/19/2021,Janet Molinari,Furniture,0,1.598,2,31.96,West
US-2022-130778,11/19/2021,Natalie DeCherney,Office Supplies,0,2.2724,2,8.74,East
US-2022-130778,11/19/2021,Natalie DeCherney,Office Supplies,0,20.585,5,44.75,East
US-2022-157364,11/19/2021,Liz Thompson,Office Supplies,0.2,6.006,2,18.48,South
US-2022-164511,11/19/2021,Doug Jacobs,Office Supplies,0.2,4.6644,3,14.352,East
US-2022-164511,11/19/2021,Doug Jacobs,Office Supplies,0,2.5984,2,64.96,East
US-2022-164511,11/19/2021,Doug Jacobs,Office Supplies,0,18.522,4,68.6,East
US-2022-100041,11/20/2021,Barbara Fisher,Office Supplies,0,2.3077,1,4.91,Central
US-2022-100041,11/20/2021,Barbara Fisher,Office Supplies,0,150.984,3,314.55,Central
US-2022-100041,11/20/2021,Barbara Fisher,Office Supplies,0,4.086,2,9.08,Central
US-2022-107790,11/20/2021,Erica Hackney,Technology,0.2,13.2293,1,151.192,Central
US-2022-109820,11/20/2021,Allen Goldenen,Office Supplies,0.7,-10.5798,3,14.427,East
US-2022-109820,11/20/2021,Allen Goldenen,Office Supplies,0.7,-1.9272,2,2.628,East
US-2022-109820,11/20/2021,Allen Goldenen,Office Supplies,0.2,5.1012,3,15.696,East
US-2022-110772,11/20/2021,Nick Zandusky,Furniture,0.5,-48.7032,3,86.97,East
US-2022-110772,11/20/2021,Nick Zandusky,Office Supplies,0.2,6.6836,7,19.096,East
US-2022-110772,11/20/2021,Nick Zandusky,Office Supplies,0.2,6.2424,8,18.496,East
US-2022-110772,11/20/2021,Nick Zandusky,Technology,0.2,54.3966,2,255.984,East
US-2022-113845,11/20/2021,Frank Atkinson,Furniture,0.2,10.8588,2,289.568,South
US-2022-113845,11/20/2021,Frank Atkinson,Office Supplies,0.2,4.4685,5,39.72,South
US-2022-113845,11/20/2021,Frank Atkinson,Technology,0.2,24.4768,4,244.768,South
US-2022-114104,11/20/2021,Nora Paige,Office Supplies,0,6.8714,2,14.62,Central
US-2022-114104,11/20/2021,Nora Paige,Technology,0,236.2325,7,944.93,Central
US-2022-121356,11/20/2021,Shirley Jackson,Office Supplies,0,62.916,3,128.4,East
US-2022-127971,11/20/2021,David Wiener,Furniture,0.3,-77.333,5,318.43,Central
US-2022-127971,11/20/2021,David Wiener,Furniture,0.6,-2.8272,3,7.068,Central
US-2022-127971,11/20/2021,David Wiener,Technology,0.2,46.095,7,122.92,Central
US-2022-142615,11/20/2021,Brendan Murry,Technology,0,3.9032,2,27.88,West
US-2022-145492,11/20/2021,Matt Connell,Office Supplies,0,11.31,12,39,West
US-2022-113425,11/21/2021,Julie Kriz,Furniture,0.2,12.7764,2,113.568,East
US-2022-114293,11/21/2021,Justin Hirsh,Furniture,0.2,-12.196,4,195.136,West
US-2022-114482,11/21/2021,Denise Monton,Office Supplies,0,19.8254,7,40.46,Central
US-2022-114482,11/21/2021,Denise Monton,Technology,0,109.3338,3,404.94,Central
US-2022-114895,11/21/2021,Mike Vittorini,Office Supplies,0,6.3504,2,12.96,East
US-2022-140018,11/21/2021,Chloris Kastensmidt,Furniture,0.3,-9.111,3,127.554,East
US-2022-140018,11/21/2021,Chloris Kastensmidt,Furniture,0.2,15.5904,3,77.952,East
US-2022-140018,11/21/2021,Chloris Kastensmidt,Technology,0.7,-24.276,7,30.345,East
US-2022-146157,11/21/2021,Roger Demir,Office Supplies,0.2,13.4512,1,38.432,Central
US-2022-146157,11/21/2021,Roger Demir,Office Supplies,0.2,1.6176,2,21.568,Central
US-2022-146157,11/21/2021,Roger Demir,Technology,0.2,2.0394,3,81.576,Central
US-2022-152646,11/21/2021,Tiffany House,Office Supplies,0,15.552,5,32.4,West
US-2022-131576,11/22/2021,Rob Dowd,Office Supplies,0,24.2256,3,49.44,Central
US-2022-132577,11/22/2021,Jeremy Ellison,Office Supplies,0.2,2.6568,9,23.616,Central
US-2022-132577,11/22/2021,Jeremy Ellison,Office Supplies,0.8,-6.732,6,4.488,Central
US-2022-132577,11/22/2021,Jeremy Ellison,Office Supplies,0.8,-9.6348,6,6.216,Central
US-2022-132577,11/22/2021,Jeremy Ellison,Office Supplies,0.2,0.6786,1,2.088,Central
US-2022-132577,11/22/2021,Jeremy Ellison,Technology,0.2,-0.6008,2,24.032,Central
US-2022-154711,11/22/2021,Todd Boyes,Furniture,0,11.1664,2,39.88,East
US-2022-154711,11/22/2021,Todd Boyes,Office Supplies,0,7.4952,3,20.82,East
US-2022-154711,11/22/2021,Todd Boyes,Office Supplies,0.2,4.1148,4,12.192,East
US-2022-164945,11/22/2021,Cathy Armstrong,Office Supplies,0.2,46.9952,8,134.272,East
US-2022-160129,11/23/2021,Luke Schmidt,Furniture,0.2,3.9512,2,14.368,East
US-2022-160129,11/23/2021,Luke Schmidt,Furniture,0.2,12.3284,7,70.448,East
US-2022-160129,11/23/2021,Luke Schmidt,Office Supplies,0.2,2.37,5,15.8,East
US-2022-100083,11/24/2021,Carol Darley,Office Supplies,0.2,7.745,1,24.784,West
US-2022-100468,11/24/2021,Alyssa Tate,Furniture,0,3.0814,2,9.94,West
US-2022-100468,11/24/2021,Alyssa Tate,Technology,0.2,3.352,2,33.52,West
US-2022-105284,11/24/2021,Matthew Grinstein,Office Supplies,0.2,1.6008,3,4.416,East
US-2022-113726,11/24/2021,Steve Carroll,Furniture,0,33.7266,3,82.26,West
US-2022-123533,11/24/2021,Sample Company A,Furniture,0.2,8.498,5,339.92,South
US-2022-123533,11/24/2021,Sample Company A,Office Supplies,0.2,4.2384,2,42.384,South
US-2022-123533,11/24/2021,Sample Company A,Office Supplies,0.2,3.4216,4,10.528,South
US-2022-123806,11/24/2021,Laura Armstrong,Furniture,0,85.1816,4,207.76,East
US-2022-124485,11/24/2021,Nat Carroll,Office Supplies,0.2,6.0256,4,17.216,East
US-2022-124485,11/24/2021,Nat Carroll,Office Supplies,0,3.1104,1,6.48,East
US-2022-124485,11/24/2021,Nat Carroll,Office Supplies,0,5.6644,2,11.56,East
US-2022-124485,11/24/2021,Nat Carroll,Technology,0,11.492,4,88.4,East
US-2022-125661,11/24/2021,Cathy Armstrong,Office Supplies,0.2,15.282,3,40.752,East
US-2022-125661,11/24/2021,Cathy Armstrong,Technology,0.2,-22.7435,5,139.96,East
US-2022-128531,11/24/2021,Neola Schneider,Office Supplies,0.2,1.5795,3,14.04,Central
US-2022-128531,11/24/2021,Neola Schneider,Office Supplies,0.2,0.8688,3,4.344,Central
US-2022-128531,11/24/2021,Neola Schneider,Office Supplies,0.2,23.235,3,74.352,Central
US-2022-128531,11/24/2021,Neola Schneider,Office Supplies,0.2,3.668,5,41.92,Central
US-2022-128531,11/24/2021,Neola Schneider,Technology,0.2,-7.4394,3,297.576,Central
US-2022-128531,11/24/2021,Neola Schneider,Technology,0.2,-2.3748,2,94.992,Central
US-2022-132731,11/24/2021,George Ashbrook,Technology,0.2,49.3164,6,657.552,Central
US-2022-163573,11/24/2021,Amy Cox,Office Supplies,0.2,381.2375,5,1219.96,West
US-2022-163881,11/24/2021,Sung Pak,Furniture,0.2,210.594,6,1684.752,West
US-2022-163881,11/24/2021,Sung Pak,Technology,0,190.3728,8,559.92,West
US-2022-163881,11/24/2021,Sung Pak,Technology,0,217.767,2,659.9,West
US-2022-165561,11/24/2021,Clay Rozendal,Office Supplies,0,7.605,3,25.35,West
US-2022-108196,11/25/2021,Cindy Stewart,Office Supplies,0.7,-304.392,2,456.588,East
US-2022-108196,11/25/2021,Cindy Stewart,Technology,0.2,11.9952,3,59.976,East
US-2022-108196,11/25/2021,Cindy Stewart,Technology,0.7,-6599.978,5,4499.985,East
US-2022-113341,11/25/2021,Mark Hamilton,Furniture,0.2,19.4352,3,194.352,West
US-2022-119298,11/25/2021,Emily Phan,Technology,0,17.994,2,59.98,South
US-2022-132549,11/25/2021,Jay Kimmel,Office Supplies,0,19.8072,7,73.36,South
US-2022-160535,11/25/2021,Barry Pond,Office Supplies,0,67.608,4,563.4,East
US-2022-160535,11/25/2021,Barry Pond,Technology,0,118.3704,8,319.92,East
US-2022-165470,11/25/2021,Heather Jas,Office Supplies,0.2,1.651,1,5.08,South
US-2022-169838,11/25/2021,Brenda Bowman,Furniture,0,329.4081,9,1568.61,Central
US-2022-169838,11/25/2021,Brenda Bowman,Office Supplies,0,8.304,1,17.3,Central
US-2022-169838,11/25/2021,Brenda Bowman,Technology,0,62.4,8,160,Central
US-2022-106915,11/26/2021,George Ashbrook,Office Supplies,0.2,4.2408,4,17.856,Central
US-2022-107104,11/26/2021,Maribeth Schnelling,Furniture,0.15,160.3136,8,3406.664,West
US-2022-107104,11/26/2021,Maribeth Schnelling,Furniture,0,297.69,6,595.38,West
US-2022-107104,11/26/2021,Maribeth Schnelling,Office Supplies,0,19.488,2,64.96,West
US-2022-107104,11/26/2021,Maribeth Schnelling,Office Supplies,0,10.4076,9,37.17,West
US-2022-126893,11/26/2021,Carol Triggs,Technology,0.4,-115.4958,3,494.982,East
US-2022-129693,11/26/2021,Tamara Chand,Office Supplies,0.2,2.5592,2,7.312,West
US-2022-130288,11/26/2021,Dean Katz,Furniture,0.4,-120.0508,2,313.176,East
US-2022-133711,11/26/2021,Mark Cousins,Office Supplies,0,45.84,3,91.68,South
US-2022-133711,11/26/2021,Mark Cousins,Office Supplies,0,16.875,5,33.75,South
US-2022-133711,11/26/2021,Mark Cousins,Office Supplies,0,34.7802,7,70.98,South
US-2022-133711,11/26/2021,Mark Cousins,Technology,0,1459.2,8,3040,South
US-2022-145135,11/26/2021,Cynthia Delaney,Office Supplies,0,6.4128,2,13.36,East
US-2022-145135,11/26/2021,Cynthia Delaney,Technology,0,14.9925,3,59.97,East
US-2022-158288,11/26/2021,Eric Hoffmann,Office Supplies,0.7,-57.7566,9,78.759,East
US-2022-158309,11/26/2021,Pete Armstrong,Office Supplies,0.7,-2.6208,4,3.744,South
US-2022-104276,11/27/2021,Herbert Flentye,Furniture,0.45,-114.3534,7,331.023,South
US-2022-104276,11/27/2021,Herbert Flentye,Technology,0.2,14.595,1,116.76,South
US-2022-114230,11/27/2021,Chris McAfee,Office Supplies,0.2,3.9808,4,39.808,West
US-2022-117583,11/27/2021,Cassandra Brandow,Office Supplies,0,9.702,3,34.65,East
US-2022-117583,11/27/2021,Cassandra Brandow,Office Supplies,0,38.376,5,79.95,East
US-2022-117583,11/27/2021,Cassandra Brandow,Office Supplies,0,100.4255,5,204.95,East
US-2022-117583,11/27/2021,Cassandra Brandow,Office Supplies,0,12.4416,4,25.92,East
US-2022-129686,11/27/2021,Greg Guthrie,Office Supplies,0.2,-24.496,2,97.984,Central
US-2022-129686,11/27/2021,Greg Guthrie,Technology,0.2,19.5,6,62.4,Central
US-2022-144911,11/27/2021,Rob Williams,Office Supplies,0,69.92,5,152,Central
US-2022-144911,11/27/2021,Rob Williams,Technology,0,15.378,5,34.95,Central
US-2022-152121,11/27/2021,Craig Carreira,Technology,0.2,23.7993,1,271.992,West
US-2022-159639,11/27/2021,Pamela Coakley,Furniture,0,10.4148,3,31.56,East
US-2022-162313,11/27/2021,Victoria Brennan,Office Supplies,0.1,29.7408,6,167.292,Central
US-2022-105018,11/28/2021,Sally Knutson,Office Supplies,0,3.4368,2,7.16,East
US-2022-123617,11/28/2021,Anthony Jacobs,Office Supplies,0.7,-5.6994,6,7.434,South
US-2022-127243,11/28/2021,David Smith,Furniture,0.3,-24.843,7,347.802,East
US-2022-127243,11/28/2021,David Smith,Office Supplies,0.7,-5.0512,2,6.888,East
US-2022-127243,11/28/2021,David Smith,Office Supplies,0.2,2.6928,8,12.672,East
US-2022-127243,11/28/2021,David Smith,Office Supplies,0.2,-7.7292,2,32.544,East
US-2022-127243,11/28/2021,David Smith,Technology,0.4,-73.7061,3,340.182,East
US-2022-163167,11/28/2021,Randy Ferguson,Furniture,0,52.9743,3,182.67,South
US-2022-163167,11/28/2021,Randy Ferguson,Office Supplies,0,315.825,6,1263.3,South
US-2022-163167,11/28/2021,Randy Ferguson,Office Supplies,0,56.301,3,1126.02,South
US-2022-163167,11/28/2021,Randy Ferguson,Technology,0,6.102,6,101.7,South
US-2022-131674,11/29/2021,Nick Crebassa,Technology,0.2,16.7946,2,58.416,Central
US-2022-160241,11/29/2021,Daniel Raglin,Furniture,0.6,-302.72,4,242.176,Central
US-2022-134761,11/30/2021,Dean Braden,Technology,0.2,2.7144,1,36.192,South
US-2022-156748,11/30/2021,Bruce Stewart,Furniture,0,35.0973,3,389.97,Central
US-2022-156748,11/30/2021,Bruce Stewart,Office Supplies,0,16.68,4,33.36,Central
US-2022-156748,11/30/2021,Bruce Stewart,Office Supplies,0,6.3296,2,13.76,Central
US-2022-156748,11/30/2021,Bruce Stewart,Office Supplies,0,24.843,7,496.86,Central
US-2022-104689,12/1/2021,Fred Hopkins,Office Supplies,0,6.912,8,23.04,West
US-2022-113621,12/1/2021,Joel Eaton,Furniture,0,51.75,2,172.5,East
US-2022-113621,12/1/2021,Joel Eaton,Technology,0,44.9925,3,179.97,East
US-2022-127698,12/1/2021,Mike Vittorini,Technology,0.2,86.3928,9,863.928,South
US-2022-129903,12/1/2021,Gary Zandusky,Office Supplies,0,11.7208,4,23.92,Central
US-2022-130393,12/1/2021,John Murray,Furniture,0.3,-17.745,5,248.43,Central
US-2022-130393,12/1/2021,John Murray,Furniture,0.3,-1.2178,2,85.246,Central
US-2022-130393,12/1/2021,John Murray,Office Supplies,0.8,-30.8672,4,11.648,Central
US-2022-136434,12/1/2021,Rick Duston,Furniture,0,5.193,3,17.31,Central
US-2022-136483,12/1/2021,Allen Goldenen,Office Supplies,0.2,0.4116,2,4.704,South
US-2022-142594,12/1/2021,Eva Jacobs,Furniture,0,48.906,5,111.15,East
US-2022-142594,12/1/2021,Eva Jacobs,Furniture,0.3,-47.0583,3,366.009,East
US-2022-142594,12/1/2021,Eva Jacobs,Office Supplies,0,297.6435,3,901.95,East
US-2022-142594,12/1/2021,Eva Jacobs,Technology,0,35.8644,3,137.94,East
US-2022-143805,12/1/2021,Jonathan Doherty,Office Supplies,0,694.5015,7,2104.55,South
US-2022-143805,12/1/2021,Jonathan Doherty,Office Supplies,0,11.803,5,40.7,South
US-2022-150035,12/1/2021,Carl Ludwig,Furniture,0,4.3524,2,16.74,West
US-2022-155768,12/1/2021,Laurel Beltran,Furniture,0,1.598,2,31.96,West
US-2022-155768,12/1/2021,Laurel Beltran,Office Supplies,0,11.2308,3,22.92,West
US-2022-155768,12/1/2021,Laurel Beltran,Office Supplies,0,22.992,1,47.9,West
US-2022-155768,12/1/2021,Laurel Beltran,Office Supplies,0,222.588,3,1112.94,West
US-2022-157336,12/1/2021,Shirley Jackson,Furniture,0,150.384,4,751.92,East
US-2022-157336,12/1/2021,Shirley Jackson,Office Supplies,0,40.5168,6,88.08,East
US-2022-105354,12/2/2021,Pauline Webber,Office Supplies,0,54.4448,8,115.84,Central
US-2022-108455,12/2/2021,Mike Kennedy,Office Supplies,0,12.4416,4,25.92,West
US-2022-108455,12/2/2021,Mike Kennedy,Office Supplies,0,19.8254,7,40.46,West
US-2022-108455,12/2/2021,Mike Kennedy,Office Supplies,0,8.8062,3,33.87,West
US-2022-113985,12/2/2021,Keith Dawkins,Furniture,0,5.6628,3,14.52,West
US-2022-113985,12/2/2021,Keith Dawkins,Office Supplies,0,26.865,3,59.7,West
US-2022-113985,12/2/2021,Keith Dawkins,Office Supplies,0.2,33.8598,3,104.184,West
US-2022-113985,12/2/2021,Keith Dawkins,Office Supplies,0.2,9.264,2,24.704,West
US-2022-143154,12/2/2021,Alan Schoenberger,Technology,0.2,-6.21,3,165.6,West
US-2022-155103,12/2/2021,Jamie Frazer,Office Supplies,0.2,11.4504,3,35.232,East
US-2022-155103,12/2/2021,Jamie Frazer,Office Supplies,0.2,134.9322,3,415.176,East
US-2022-155103,12/2/2021,Jamie Frazer,Office Supplies,0,26.9304,1,54.96,East
US-2022-163804,12/2/2021,Deborah Brumfield,Furniture,0,23.8986,6,72.42,East
US-2022-163804,12/2/2021,Deborah Brumfield,Office Supplies,0,582.232,5,2079.4,East
US-2022-163804,12/2/2021,Deborah Brumfield,Technology,0,176.386,5,629.95,East
US-2022-164770,12/2/2021,Muhammed Yedwab,Furniture,0.32,-137.976,10,781.864,Central
US-2022-164770,12/2/2021,Muhammed Yedwab,Office Supplies,0.2,9.63,9,30.816,Central
US-2022-122063,12/3/2021,Michael Moore,Furniture,0,8.0946,1,29.98,Central
US-2022-122063,12/3/2021,Michael Moore,Furniture,0,104.7528,2,581.96,Central
US-2022-149762,12/3/2021,Roger Demir,Furniture,0.15,-12.098,2,205.666,West
US-2022-149762,12/3/2021,Roger Demir,Furniture,0.2,6.7176,3,268.704,West
US-2022-149762,12/3/2021,Roger Demir,Office Supplies,0,5.9184,8,21.92,West
US-2022-149762,12/3/2021,Roger Demir,Office Supplies,0,7.308,3,48.72,West
US-2022-150861,12/3/2021,Emily Grady,Furniture,0.1,102.4998,3,542.646,East
US-2022-150861,12/3/2021,Emily Grady,Furniture,0.4,-153.3456,2,400.032,East
US-2022-150861,12/3/2021,Emily Grady,Office Supplies,0,3.024,2,6.3,East
US-2022-150861,12/3/2021,Emily Grady,Office Supplies,0,84.0512,8,182.72,East
US-2022-150861,12/3/2021,Emily Grady,Office Supplies,0,10.089,3,33.63,East
US-2022-153598,12/3/2021,Neoma Murray,Furniture,0,51.474,6,111.9,West
US-2022-153598,12/3/2021,Neoma Murray,Technology,0,659.98,5,1649.95,West
US-2022-161025,12/3/2021,Gary McGarr,Office Supplies,0,108.1752,4,772.68,West
US-2022-161683,12/3/2021,Caroline Jumper,Office Supplies,0.2,93.7688,4,394.816,East
US-2022-161683,12/3/2021,Caroline Jumper,Office Supplies,0.7,-14.5536,4,18.192,East
US-2022-105277,12/4/2021,Liz MacKendrick,Office Supplies,0.2,5.823,3,15.528,East
US-2022-112060,12/4/2021,Kean Takahito,Office Supplies,0,50.328,1,104.85,West
US-2022-126004,12/4/2021,Becky Martin,Furniture,0,20.4822,3,113.79,East
US-2022-126004,12/4/2021,Becky Martin,Office Supplies,0.2,0.6048,1,1.728,East
US-2022-126004,12/4/2021,Becky Martin,Office Supplies,0,19.8744,4,40.56,East
US-2022-126004,12/4/2021,Becky Martin,Office Supplies,0,11.6316,2,193.86,East
US-2022-126004,12/4/2021,Becky Martin,Office Supplies,0,3.6588,3,182.94,East
US-2022-126004,12/4/2021,Becky Martin,Technology,0,34.386,1,78.15,East
US-2022-139885,12/4/2021,Ellis Ballard,Office Supplies,0,0,6,212.88,East
US-2022-108434,12/5/2021,James Galang,Office Supplies,0,120.9468,3,465.18,East
US-2022-109722,12/5/2021,Theone Pippenger,Office Supplies,0,70.1784,9,584.82,South
US-2022-109722,12/5/2021,Theone Pippenger,Technology,0,195.9944,2,699.98,South
US-2022-114489,12/5/2021,Justin Ellison,Furniture,0,585.552,8,1951.84,Central
US-2022-114489,12/5/2021,Justin Ellison,Office Supplies,0,80.6285,5,171.55,Central
US-2022-114489,12/5/2021,Justin Ellison,Technology,0,103.8015,11,384.45,Central
US-2022-114489,12/5/2021,Justin Ellison,Technology,0,5.9988,3,149.97,Central
US-2022-124772,12/5/2021,James Galang,Furniture,0,74.8098,3,191.82,South
US-2022-140564,12/5/2021,Tony Chapman,Office Supplies,0,13.2288,8,33.92,East
US-2022-143749,12/5/2021,Aleksandra Gannaway,Furniture,0,20.485,1,81.94,East
US-2022-145009,12/5/2021,Randy Ferguson,Office Supplies,0.2,3.8844,3,11.952,Central
US-2022-146374,12/5/2021,Harold Engle,Furniture,0,6.432,1,13.4,East
US-2022-146374,12/5/2021,Harold Engle,Office Supplies,0,51.5543,7,109.69,East
US-2022-146374,12/5/2021,Harold Engle,Office Supplies,0,2.3406,1,4.98,East
US-2022-161389,12/5/2021,Irene Maddox,Office Supplies,0.2,132.5922,3,407.976,West
US-2022-163636,12/5/2021,Mike Pelletier,Office Supplies,0.2,0.3094,2,3.536,Central
US-2022-103674,12/6/2021,Anne Pryor,Office Supplies,0,5.2332,7,18.69,West
US-2022-103674,12/6/2021,Anne Pryor,Office Supplies,0.2,153.1152,14,437.472,West
US-2022-103674,12/6/2021,Anne Pryor,Office Supplies,0.2,4.6816,4,13.376,West
US-2022-103674,12/6/2021,Anne Pryor,Office Supplies,0,0,7,13.86,West
US-2022-103674,12/6/2021,Anne Pryor,Office Supplies,0,6.4128,2,13.36,West
US-2022-103674,12/6/2021,Anne Pryor,Technology,0.2,31.198,2,249.584,West
US-2022-103674,12/6/2021,Anne Pryor,Technology,0.2,27.196,5,271.96,West
US-2022-114776,12/6/2021,Greg Guthrie,Office Supplies,0,9.3312,3,19.44,West
US-2022-162390,12/6/2021,Dave Poirier,Office Supplies,0.2,77.8232,13,222.352,East
US-2022-162390,12/6/2021,Dave Poirier,Office Supplies,0.2,314.8418,7,968.744,East
US-2022-162390,12/6/2021,Dave Poirier,Technology,0.2,89.997,2,479.984,East
US-2022-169040,12/6/2021,Greg Tran,Office Supplies,0.2,15.3426,7,47.208,West
US-2022-169040,12/6/2021,Greg Tran,Office Supplies,0.2,19.4376,3,59.808,West
US-2022-169040,12/6/2021,Greg Tran,Office Supplies,0,16.1505,1,35.89,West
US-2022-169040,12/6/2021,Greg Tran,Office Supplies,0,89.159,5,189.7,West
US-2022-169040,12/6/2021,Greg Tran,Office Supplies,0,116.5976,7,248.08,West
US-2022-169040,12/6/2021,Greg Tran,Technology,0.2,13.7193,1,156.792,West
US-2022-169040,12/6/2021,Greg Tran,Technology,0.2,26.9985,3,431.976,West
US-2022-113733,12/8/2021,Lena Hernandez,Technology,0.2,17.8794,3,68.112,South
US-2022-113733,12/8/2021,Lena Hernandez,Technology,0.2,-2.484,3,16.56,South
US-2022-113733,12/8/2021,Lena Hernandez,Technology,0.2,31.198,2,249.584,South
US-2022-115224,12/8/2021,Doug Bickford,Office Supplies,0,9.534,3,34.05,West
US-2022-115224,12/8/2021,Doug Bickford,Office Supplies,0,81.0474,2,352.38,West
US-2022-117590,12/8/2021,Gene Hale,Furniture,0.6,-147.963,5,190.92,Central
US-2022-117590,12/8/2021,Gene Hale,Technology,0.2,123.4737,7,1097.544,Central
US-2022-124562,12/8/2021,Julie Prescott,Office Supplies,0.7,-9.5018,7,12.957,East
US-2022-131289,12/8/2021,Stefania Perrino,Furniture,0.2,-195.4788,6,1421.664,West
US-2022-131289,12/8/2021,Stefania Perrino,Office Supplies,0,2.4824,2,8.56,West
US-2022-131289,12/8/2021,Stefania Perrino,Office Supplies,0,21.7728,7,45.36,West
US-2022-134425,12/8/2021,Quincy Jones,Technology,0,2.299,5,114.95,Central
US-2022-158302,12/8/2021,Julia Barnett,Office Supplies,0.2,3.4398,3,10.584,East
US-2022-160108,12/8/2021,Arthur Gainer,Furniture,0,32.4688,7,405.86,Central
US-2022-160108,12/8/2021,Arthur Gainer,Furniture,0,176.8026,3,680.01,Central
US-2022-102092,12/9/2021,Paul MacIntyre,Furniture,0,158.529,7,1056.86,South
US-2022-128923,12/9/2021,George Bell,Office Supplies,0.2,0.8162,1,9.328,Central
US-2022-128923,12/9/2021,George Bell,Office Supplies,0.2,3.2872,2,9.392,Central
US-2022-131114,12/9/2021,Rob Williams,Office Supplies,0.8,-11.7612,2,4.356,Central
US-2022-131114,12/9/2021,Rob Williams,Office Supplies,0.2,1.5426,3,20.568,Central
US-2022-131114,12/9/2021,Rob Williams,Technology,0.2,-1.428,4,19.04,Central
US-2022-133340,12/9/2021,Logan Haushalter,Office Supplies,0.1,23.3954,1,61.929,Central
US-2022-133340,12/9/2021,Logan Haushalter,Technology,0,25.1916,2,59.98,Central
US-2022-133340,12/9/2021,Logan Haushalter,Technology,0,3.052,1,10.9,Central
US-2022-137330,12/9/2021,Ken Black,Office Supplies,0,15.6884,7,60.34,Central
US-2022-137330,12/9/2021,Ken Black,Office Supplies,0,5.0596,7,19.46,Central
US-2022-141082,12/9/2021,Fred McMath,Office Supplies,0,1.7343,1,3.69,East
US-2022-141082,12/9/2021,Fred McMath,Office Supplies,0,56.1752,4,122.12,East
US-2022-149503,12/9/2021,Stephanie Phelps,Office Supplies,0.2,99.296,8,273.92,West
US-2022-159989,12/9/2021,Emily Burns,Technology,0.2,-9.153,3,40.68,South
US-2022-161844,12/9/2021,Damala Kotsonis,Furniture,0.4,-29.3238,3,79.974,South
US-2022-161844,12/9/2021,Damala Kotsonis,Office Supplies,0.7,-2.0622,2,2.946,South
US-2022-100587,12/10/2021,Sara Luxemburg,Office Supplies,0,3.1104,1,6.48,East
US-2022-127194,12/10/2021,Bart Watters,Office Supplies,0,29.5254,9,62.82,East
US-2022-128412,12/10/2021,Arthur Prichep,Office Supplies,0,12.285,3,35.1,West
US-2022-128412,12/10/2021,Arthur Prichep,Office Supplies,0,22.869,3,65.34,West
US-2022-128412,12/10/2021,Arthur Prichep,Office Supplies,0.2,51.8238,3,153.552,West
US-2022-128412,12/10/2021,Arthur Prichep,Office Supplies,0,55.764,4,123.92,West
US-2022-128412,12/10/2021,Arthur Prichep,Technology,0,8.5025,5,44.75,West
US-2022-143448,12/10/2021,Mark Hamilton,Furniture,0,356.225,5,1424.9,Central
US-2022-144309,12/10/2021,Chris McAfee,Office Supplies,0.2,220.987,5,679.96,East
US-2022-144309,12/10/2021,Chris McAfee,Office Supplies,0,8.7138,2,18.54,East
US-2022-146941,12/10/2021,Delfina Latchford,Office Supplies,0,162.864,4,361.92,East
US-2022-146941,12/10/2021,Delfina Latchford,Office Supplies,0,22.5624,6,80.58,East
US-2022-147123,12/10/2021,Sanjit Jacobs,Office Supplies,0,36.9288,12,80.28,West
US-2022-154739,12/10/2021,Logan Haushalter,Furniture,0.2,28.1372,2,321.568,West
US-2022-105816,12/11/2021,Janet Molinari,Office Supplies,0,6.2566,7,15.26,East
US-2022-105816,12/11/2021,Janet Molinari,Technology,0,298.6855,5,1029.95,East
US-2022-132857,12/11/2021,Cynthia Arntzen,Office Supplies,0.2,1.668,3,6.672,South
US-2022-135720,12/11/2021,Fred McMath,Office Supplies,0.2,-51.7191,3,243.384,West
US-2022-135720,12/11/2021,Fred McMath,Technology,0.2,29.95,5,119.8,West
US-2022-135720,12/11/2021,Fred McMath,Technology,0.2,30.0768,4,300.768,West
US-2022-143609,12/11/2021,Deborah Brumfield,Furniture,0.2,25.245,5,403.92,West
US-2022-148803,12/11/2021,Lena Radford,Office Supplies,0.2,7.4571,3,85.224,South
US-2022-151260,12/11/2021,Steve Chapman,Office Supplies,0.2,9.192,4,73.536,East
US-2022-160745,12/11/2021,Anthony Rawles,Furniture,0,6.068,4,14.8,West
US-2022-160745,12/11/2021,Anthony Rawles,Technology,0,31.6,4,316,West
US-2022-160745,12/11/2021,Anthony Rawles,Technology,0.2,22.6782,3,302.376,West
US-2022-162187,12/11/2021,Noel Staavos,Furniture,0.3,-137.529,5,458.43,East
US-2022-162187,12/11/2021,Noel Staavos,Furniture,0.4,-147.8655,3,328.59,East
US-2022-162187,12/11/2021,Noel Staavos,Office Supplies,0.2,24.196,4,387.136,East
US-2022-162187,12/11/2021,Noel Staavos,Office Supplies,0.2,-4.06,5,64.96,East
US-2022-162187,12/11/2021,Noel Staavos,Office Supplies,0.2,1.69,2,13.52,East
US-2022-165330,12/11/2021,William Brown,Furniture,0.2,-31.843,5,363.92,West
US-2022-165330,12/11/2021,William Brown,Furniture,0.2,111.517,7,892.136,West
US-2022-165330,12/11/2021,William Brown,Office Supplies,0,24.1918,2,83.42,West
US-2022-165330,12/11/2021,William Brown,Office Supplies,0,6.0632,2,23.32,West
US-2022-165330,12/11/2021,William Brown,Office Supplies,0.2,11.19,3,35.808,West
US-2022-165330,12/11/2021,William Brown,Office Supplies,0.2,2.1286,2,5.872,West
US-2022-165330,12/11/2021,William Brown,Office Supplies,0.2,39.8736,9,122.688,West
US-2022-165330,12/11/2021,William Brown,Office Supplies,0.2,68.12,5,209.6,West
US-2022-165330,12/11/2021,William Brown,Office Supplies,0,13.941,1,30.98,West
US-2022-165330,12/11/2021,William Brown,Office Supplies,0,2.0088,3,50.22,West
US-2022-165330,12/11/2021,William Brown,Technology,0,25.1916,4,119.96,West
US-2022-108777,12/12/2021,Jim Mitchum,Office Supplies,0.7,-14.3313,3,18.693,East
US-2022-108777,12/12/2021,Jim Mitchum,Technology,0.2,76.7904,6,383.952,East
US-2022-136686,12/12/2021,Roy Französisch,Furniture,0,122.7648,6,383.64,West
US-2022-136686,12/12/2021,Roy Französisch,Office Supplies,0,15.8256,3,56.52,West
US-2022-139395,12/12/2021,Matthew Grinstein,Furniture,0,8.7048,4,33.48,Central
US-2022-139395,12/12/2021,Matthew Grinstein,Office Supplies,0,3.614,5,13.9,Central
US-2022-139395,12/12/2021,Matthew Grinstein,Office Supplies,0,6.715,2,26.86,Central
US-2022-139395,12/12/2021,Matthew Grinstein,Technology,0,184.2204,7,657.93,Central
US-2022-169369,12/12/2021,Erin Creighton,Office Supplies,0,23.0864,4,49.12,South
US-2022-169369,12/12/2021,Erin Creighton,Technology,0,19.996,5,249.95,South
US-2022-169824,12/12/2021,Noel Staavos,Furniture,0,19.9155,5,60.35,East
US-2022-169824,12/12/2021,Noel Staavos,Office Supplies,0,4.816,7,11.2,East
US-2022-169824,12/12/2021,Noel Staavos,Office Supplies,0,9.9456,4,35.52,East
US-2022-100153,12/13/2021,Ken Heidel,Technology,0,24.9132,4,63.88,Central
US-2022-102792,12/13/2021,Jasper Cacioppo,Office Supplies,0,3.2472,3,9.84,West
US-2022-142958,12/13/2021,Rob Williams,Furniture,0.2,41.7852,4,1114.272,West
US-2022-142958,12/13/2021,Rob Williams,Office Supplies,0.2,2.2098,2,6.096,West
US-2022-129126,12/14/2021,Pete Kriz,Furniture,0,198.46,4,396.92,East
US-2022-129126,12/14/2021,Pete Kriz,Office Supplies,0.2,7.803,2,23.12,East
US-2022-129126,12/14/2021,Pete Kriz,Office Supplies,0,10.5252,6,21.48,East
US-2022-129126,12/14/2021,Pete Kriz,Office Supplies,0,2.8224,2,5.76,East
US-2022-129126,12/14/2021,Pete Kriz,Office Supplies,0,6.7252,2,14.62,East
US-2022-129126,12/14/2021,Pete Kriz,Office Supplies,0,4.6305,1,17.15,East
US-2022-146143,12/14/2021,Michael Chen,Furniture,0,58.6872,6,133.38,South
US-2022-146325,12/14/2021,David Smith,Furniture,0.2,-9.1602,2,81.424,West
US-2022-146325,12/14/2021,David Smith,Office Supplies,0,35.048,10,134.8,West
US-2022-100307,12/15/2021,Tony Chapman,Office Supplies,0,9.3312,3,19.44,South
US-2022-113600,12/15/2021,Shahid Hopkins,Office Supplies,0.7,-1.476,3,2.214,East
US-2022-116442,12/15/2021,Benjamin Patterson,Furniture,0,4.2804,2,14.76,West
US-2022-127334,12/15/2021,Mike Pelletier,Furniture,0.5,-304.6653,3,564.195,West
US-2022-127334,12/15/2021,Mike Pelletier,Office Supplies,0.2,8.7168,2,87.168,West
US-2022-142335,12/15/2021,Michael Paige,Furniture,0,231.4116,3,1652.94,Central
US-2022-142335,12/15/2021,Michael Paige,Office Supplies,0,80.0199,3,296.37,Central
US-2022-100419,12/16/2021,Craig Carreira,Office Supplies,0.8,-7.9002,3,4.788,Central
US-2022-104794,12/16/2021,Keith Dawkins,Office Supplies,0,1.8032,2,3.68,East
US-2022-118332,12/16/2021,Pete Kriz,Furniture,0.2,7.049,5,563.92,West
US-2022-130442,12/16/2021,Sandra Flanagan,Office Supplies,0.2,3.0576,3,34.944,South
US-2022-155446,12/16/2021,Tanja Norvell,Technology,0,4.4541,7,21.21,West
US-2022-117121,12/17/2021,Adrian Barton,Office Supplies,0,4946.37,13,9892.74,Central
US-2022-131639,12/17/2021,Noel Staavos,Office Supplies,0.2,3.8529,1,11.416,West
US-2022-131639,12/17/2021,Noel Staavos,Office Supplies,0.2,4.3836,2,13.488,West
US-2022-147109,12/17/2021,Adam Hart,Office Supplies,0.2,18.144,10,51.84,Central
US-2022-147109,12/17/2021,Adam Hart,Technology,0.2,-6.21,3,165.6,Central
US-2022-155383,12/17/2021,Steve Carroll,Office Supplies,0,13.0284,3,46.53,West
US-2022-155530,12/17/2021,Charles McCrossin,Furniture,0.2,-325.572,6,2003.52,West
US-2022-101546,12/18/2021,Grace Kelly,Office Supplies,0,843.1706,2,1793.98,East
US-2022-112697,12/18/2021,Alan Haines,Office Supplies,0.2,24.316,2,194.528,South
US-2022-112697,12/18/2021,Alan Haines,Office Supplies,0.7,-169.372,7,254.058,South
US-2022-112697,12/18/2021,Alan Haines,Office Supplies,0.2,-204.3145,5,961.48,South
US-2022-133795,12/18/2021,Jeremy Ellison,Furniture,0,11.1776,4,39.92,West
US-2022-133795,12/18/2021,Jeremy Ellison,Technology,0,21.792,2,72.64,West
US-2022-133795,12/18/2021,Jeremy Ellison,Technology,0,146.7693,3,772.47,West
US-2022-138597,12/18/2021,Parhena Norris,Furniture,0,112.788,3,563.94,Central
US-2022-139934,12/18/2021,Andy Yotov,Technology,0.2,6.6976,7,66.976,West
US-2022-145261,12/18/2021,Adrian Hane,Furniture,0.5,-264.215,5,377.45,West
US-2022-145261,12/18/2021,Adrian Hane,Office Supplies,0.2,2.336,4,18.688,West
US-2022-145261,12/18/2021,Adrian Hane,Office Supplies,0.7,-30.16,4,45.24,West
US-2022-145261,12/18/2021,Adrian Hane,Office Supplies,0.2,5.1792,4,15.936,West
US-2022-145261,12/18/2021,Adrian Hane,Office Supplies,0.2,3.7856,2,11.648,West
US-2022-145261,12/18/2021,Adrian Hane,Technology,0.2,-8.4582,3,112.776,West
US-2022-145261,12/18/2021,Adrian Hane,Technology,0.2,-7.17,3,28.68,West
US-2022-145919,12/18/2021,Henry Goldwyn,Furniture,0,62.5056,8,183.84,West
US-2022-145919,12/18/2021,Henry Goldwyn,Office Supplies,0,18.6624,6,38.88,West
US-2022-145919,12/18/2021,Henry Goldwyn,Office Supplies,0,28.965,5,579.3,West
US-2022-147067,12/18/2021,Justin Deggeller,Furniture,0,6.0288,3,18.84,Central
US-2022-150945,12/18/2021,Julie Kriz,Office Supplies,0,117.0104,4,900.08,East
US-2022-108364,12/19/2021,Barry Pond,Office Supplies,0.8,-2.88,5,1.8,Central
US-2022-118129,12/19/2021,Clay Ludtke,Furniture,0.2,-30.392,5,303.92,East
US-2022-134936,12/19/2021,Erin Smith,Furniture,0.5,-218.8656,6,455.97,West
US-2022-134936,12/19/2021,Erin Smith,Office Supplies,0.7,-7.656,6,10.44,West
US-2022-134936,12/19/2021,Erin Smith,Office Supplies,0.7,-4.1712,2,5.214,West
US-2022-141523,12/19/2021,Mark Haberlin,Office Supplies,0,1.0208,2,3.52,East
US-2022-141523,12/19/2021,Mark Haberlin,Office Supplies,0.2,11.5587,3,34.248,East
US-2022-151155,12/20/2021,Alejandro Ballentine,Furniture,0,7.3788,4,18.92,South
US-2022-151155,12/20/2021,Alejandro Ballentine,Office Supplies,0,6.939,2,15.42,South
US-2022-157840,12/20/2021,Matt Collins,Office Supplies,0,15.594,5,33.9,Central
US-2022-168536,12/20/2021,Stuart Calhoun,Technology,0,8.619,3,66.3,South
US-2022-103359,12/22/2021,Lena Creighton,Office Supplies,0.2,8.9544,2,25.584,East
US-2022-114860,12/22/2021,Duane Noonan,Furniture,0,202.2528,8,842.72,West
US-2022-114860,12/22/2021,Duane Noonan,Furniture,0,10.9096,2,41.96,West
US-2022-149916,12/22/2021,Emily Ducich,Office Supplies,0.2,19.376,4,55.36,West
US-2022-149916,12/22/2021,Emily Ducich,Technology,0.2,3.757,1,11.56,West
US-2022-167507,12/22/2021,Sue Ann Reed,Furniture,0.2,3.108,4,11.84,West
US-2022-167507,12/22/2021,Sue Ann Reed,Furniture,0.2,4.8416,1,22.784,West
US-2022-167507,12/22/2021,Sue Ann Reed,Office Supplies,0.7,-25.056,10,31.32,West
US-2022-114867,12/23/2021,Frank Merwin,Office Supplies,0.2,2.6892,2,7.968,East
US-2022-114867,12/23/2021,Frank Merwin,Technology,0.4,-374.9925,5,1499.97,East
US-2022-115574,12/23/2021,Ben Peterman,Furniture,0.3,-14.1372,2,141.372,Central
US-2022-132829,12/23/2021,Laura Armstrong,Furniture,0.6,-0.7566,2,2.328,Central
US-2022-132829,12/23/2021,Laura Armstrong,Office Supplies,0.2,14.742,9,45.36,Central
US-2022-132829,12/23/2021,Laura Armstrong,Technology,0.2,35.985,3,287.88,Central
US-2022-132829,12/23/2021,Laura Armstrong,Technology,0.2,39.6879,3,453.576,Central
US-2022-132829,12/23/2021,Laura Armstrong,Technology,0.2,14.8365,3,131.88,Central
US-2022-135776,12/23/2021,Edward Hooks,Office Supplies,0,1.176,2,4.2,West
US-2022-135776,12/23/2021,Edward Hooks,Office Supplies,0,2.5578,3,8.82,West
US-2022-135776,12/23/2021,Edward Hooks,Office Supplies,0,30.3604,2,61.96,West
US-2022-135776,12/23/2021,Edward Hooks,Office Supplies,0,18.2112,2,37.94,West
US-2022-135776,12/23/2021,Edward Hooks,Office Supplies,0,22.992,1,47.9,West
US-2022-135776,12/23/2021,Edward Hooks,Office Supplies,0,2.2728,2,227.28,West
US-2022-135776,12/23/2021,Edward Hooks,Office Supplies,0,55.896,4,1117.92,West
US-2022-136049,12/23/2021,Neoma Murray,Office Supplies,0.7,-4.0722,3,5.553,East
US-2022-137043,12/23/2021,Logan Currie,Furniture,0,166.1004,6,572.76,South
US-2022-137043,12/23/2021,Logan Currie,Furniture,0,83.0502,3,286.38,South
US-2022-157791,12/23/2021,Carol Adams,Technology,0,899.982,4,1999.96,East
US-2022-157868,12/23/2021,Matt Collister,Office Supplies,0,11.6795,7,24.85,Central
US-2022-101651,12/24/2021,Sean Christensen,Furniture,0,18.4632,7,43.96,West
US-2022-101651,12/24/2021,Sean Christensen,Office Supplies,0,18.6872,7,39.76,West
US-2022-123526,12/24/2021,Benjamin Venier,Office Supplies,0,16.032,5,33.4,West
US-2022-140438,12/24/2021,Pauline Webber,Technology,0,53.4519,3,197.97,East
US-2022-157259,12/24/2021,Jessica Myrick,Furniture,0,207.8856,9,799.56,East
US-2022-168620,12/24/2021,Ross Baird,Office Supplies,0.7,-20.4468,3,27.882,South
US-2022-168620,12/24/2021,Ross Baird,Office Supplies,0.2,-47.2542,3,540.048,South
US-2022-168620,12/24/2021,Ross Baird,Technology,0.2,76.704,8,255.68,South
US-2022-101168,12/25/2021,Saphhira Shifley,Furniture,0,6.5472,4,21.12,East
US-2022-105081,12/25/2021,Joe Elijah,Furniture,0.2,52.3764,3,698.352,West
US-2022-105081,12/25/2021,Joe Elijah,Furniture,0,629.01,5,1747.25,West
US-2022-109827,12/25/2021,Laurel Workman,Furniture,0.2,4.1972,2,47.968,West
US-2022-109827,12/25/2021,Laurel Workman,Furniture,0.5,-24.1026,1,35.445,West
US-2022-109827,12/25/2021,Laurel Workman,Technology,0.2,-7.896,3,45.12,West
US-2022-109827,12/25/2021,Laurel Workman,Technology,0.2,21.42,2,100.8,West
US-2022-109827,12/25/2021,Laurel Workman,Technology,0.7,-386.957,2,269.97,West
US-2022-110975,12/25/2021,Darren Budd,Furniture,0.1,173.3292,3,866.646,East
US-2022-110975,12/25/2021,Darren Budd,Furniture,0.4,-120.0508,2,313.176,East
US-2022-111941,12/25/2021,Brian DeCherney,Office Supplies,0.2,11.7488,2,33.568,East
US-2022-116729,12/25/2021,Grace Kelly,Office Supplies,0,21.7728,7,45.36,West
US-2022-116729,12/25/2021,Grace Kelly,Technology,0,76.272,7,254.24,West
US-2022-116729,12/25/2021,Grace Kelly,Technology,0.2,257.5944,7,2575.944,West
US-2022-148684,12/25/2021,Trudy Schmidt,Furniture,0,137.54,5,343.85,South
US-2022-148684,12/25/2021,Trudy Schmidt,Office Supplies,0,5.3703,9,19.89,South
US-2022-148684,12/25/2021,Trudy Schmidt,Office Supplies,0,49.9704,3,106.32,South
US-2022-148684,12/25/2021,Trudy Schmidt,Technology,0,171.9914,2,399.98,South
US-2022-169670,12/25/2021,Joe Elijah,Furniture,0.1,313.2624,8,2563.056,East
US-2022-114538,12/26/2021,Roy Collins,Office Supplies,0.2,2.5488,2,11.328,West
US-2022-123015,12/26/2021,Anthony Johnson,Office Supplies,0.2,1.6848,3,4.992,East
US-2022-129868,12/26/2021,Mike Caudle,Furniture,0.2,-5.4882,3,146.352,West
US-2022-129868,12/26/2021,Mike Caudle,Furniture,0.2,33.8517,3,902.712,West
US-2022-129868,12/26/2021,Mike Caudle,Office Supplies,0,2.054,2,7.9,West
US-2022-129868,12/26/2021,Mike Caudle,Office Supplies,0,15.1116,3,53.97,West
US-2022-129868,12/26/2021,Mike Caudle,Office Supplies,0,4.9728,2,17.76,West
US-2022-129868,12/26/2021,Mike Caudle,Technology,0.2,30.2384,2,302.384,West
US-2022-147536,12/26/2021,Andrew Roberts,Technology,0,18.8937,3,89.97,East
US-2022-151512,12/26/2021,Sally Hughsby,Office Supplies,0.2,3.51,2,18.72,West
US-2022-153129,12/26/2021,Frank Preis,Office Supplies,0,15.594,5,33.9,West
US-2022-155166,12/26/2021,Brenda Bowman,Furniture,0,25.5528,3,212.94,East
US-2022-155166,12/26/2021,Brenda Bowman,Office Supplies,0,7.4172,1,26.49,East
US-2022-102596,12/27/2021,Ross DeVincentis,Office Supplies,0.2,6.2292,6,17.184,East
US-2022-111605,12/27/2021,Joni Wasserman,Office Supplies,0,1.2006,1,2.61,South
US-2022-131058,12/27/2021,Eugene Moren,Office Supplies,0,9.8784,7,20.16,West
US-2022-138667,12/27/2021,Mitch Webber,Technology,0.2,0.5,2,40,East
US-2022-162726,12/27/2021,Meg Tillman,Office Supplies,0.2,3.6288,2,10.368,Central
US-2022-162726,12/27/2021,Meg Tillman,Office Supplies,0.2,7.4,4,23.68,Central
US-2022-162852,12/27/2021,Brooke Gillingham,Furniture,0.3,-12.0784,8,845.488,Central
US-2022-112578,12/29/2021,Frank Olsen,Office Supplies,0,4.0687,1,14.03,West
US-2022-112578,12/29/2021,Frank Olsen,Office Supplies,0,7.2696,2,27.96,West
US-2022-122017,12/29/2021,Carlos Daly,Furniture,0,23.9904,6,70.56,Central
US-2022-122017,12/29/2021,Carlos Daly,Office Supplies,0,22.9488,2,81.96,Central
US-2022-124051,12/29/2021,Kelly Andreada,Office Supplies,0.2,67.4424,6,186.048,Central
US-2022-135209,12/29/2021,Marc Harrigan,Office Supplies,0.2,8.8704,6,25.344,South
US-2022-135209,12/29/2021,Marc Harrigan,Office Supplies,0.2,13.0928,7,37.408,South
US-2022-139689,12/29/2021,Michael Paige,Office Supplies,0.7,-1.9656,3,2.808,South
US-2022-139689,12/29/2021,Michael Paige,Office Supplies,0.7,-27.9312,4,38.088,South
US-2022-156300,12/29/2021,Troy Blackwell,Furniture,0,60.356,5,754.45,Central
US-2022-157742,12/29/2021,Ken Lonsdale,Office Supplies,0.2,10.422,3,27.792,West
US-2022-163258,12/29/2021,Phillip Flathmann,Office Supplies,0.2,3.9312,3,11.232,West
US-2022-105746,12/30/2021,Brian Dahlen,Furniture,0.3,0,1,170.786,East
US-2022-111528,12/30/2021,Julie Prescott,Office Supplies,0.2,2.1546,1,6.384,West
US-2022-111528,12/30/2021,Julie Prescott,Office Supplies,0,125.1432,4,481.32,West
US-2022-117226,12/30/2021,Keith Dawkins,Office Supplies,0.8,-10.386,6,6.924,Central
US-2022-117660,12/30/2021,Bryan Mills,Office Supplies,0.2,1.9926,2,5.904,East
US-2022-117660,12/30/2021,Bryan Mills,Office Supplies,0.2,1.0284,2,13.712,East
US-2022-160486,12/30/2021,Evan Henry,Office Supplies,0.2,25.2784,4,72.224,South
US-2022-163951,12/30/2021,Carl Jackson,Office Supplies,0.2,1.652,5,16.52,East
US-2022-100202,12/31/2021,Brian DeCherney,Technology,0.2,22.6782,3,302.376,West
US-2022-105830,12/31/2021,Duane Benoit,Office Supplies,0.2,-35.2152,4,156.512,East
US-2022-156139,12/31/2021,Becky Pak,Office Supplies,0.2,13.4316,3,38.376,West
US-2022-160395,12/31/2021,Kelly Lampkin,Office Supplies,0,1.638,2,3.64,West
US-2022-160395,12/31/2021,Kelly Lampkin,Office Supplies,0.2,53.9217,7,159.768,West
US-2022-165953,12/31/2021,Emily Phan,Office Supplies,0.2,3.5712,3,47.616,South
US-2022-165953,12/31/2021,Emily Phan,Office Supplies,0.2,8.218,5,23.48,South
US-2023-107503,1/1/2022,Guy Armstrong,Furniture,0.2,8.5568,4,48.896,East
US-2023-144463,1/1/2022,Steven Cartwright,Furniture,0,199.2606,11,474.43,West
US-2023-151750,1/1/2022,Janet Martin,Furniture,0.3,-26.6352,4,310.744,Central
US-2023-151750,1/1/2022,Janet Martin,Furniture,0.6,-187.3815,5,141.42,Central
US-2023-151750,1/1/2022,Janet Martin,Office Supplies,0.8,-38.8212,2,15.224,Central
US-2023-151750,1/1/2022,Janet Martin,Office Supplies,0.2,2.2288,4,12.736,Central
US-2023-151750,1/1/2022,Janet Martin,Office Supplies,0.8,-9.705,5,6.47,Central
US-2023-151750,1/1/2022,Janet Martin,Office Supplies,0.8,-22.6842,14,13.748,Central
US-2023-151750,1/1/2022,Janet Martin,Office Supplies,0.2,-107.958,5,454.56,Central
US-2023-154466,1/1/2022,Dennis Pardue,Office Supplies,0,1.728,2,3.6,Central
US-2023-113481,1/2/2022,Aaron Smayling,Office Supplies,0.7,-21.1596,6,28.854,South
US-2023-113481,1/2/2022,Aaron Smayling,Office Supplies,0.7,-12.528,5,15.66,South
US-2023-113481,1/2/2022,Aaron Smayling,Technology,0.5,-27.828,2,695.7,South
US-2023-118668,1/2/2022,Fred Wasserman,Technology,0,5.8065,1,16.59,West
US-2023-147207,1/2/2022,Trudy Schmidt,Furniture,0.3,-169.637,5,913.43,Central
US-2023-147207,1/2/2022,Trudy Schmidt,Office Supplies,0.8,-13.58,2,5.432,Central
US-2023-147207,1/2/2022,Trudy Schmidt,Office Supplies,0.2,3.968,2,31.744,Central
US-2023-147207,1/2/2022,Trudy Schmidt,Office Supplies,0.2,27.9108,3,372.144,Central
US-2023-111738,1/3/2022,Christopher Martinez,Office Supplies,0,3.1008,3,9.12,West
US-2023-111738,1/3/2022,Christopher Martinez,Office Supplies,0.2,682.5168,8,2022.272,West
US-2023-114034,1/3/2022,Delfina Latchford,Office Supplies,0,18.6624,6,38.88,West
US-2023-150931,1/6/2022,Dennis Pardue,Office Supplies,0,15.5204,7,33.74,South
US-2023-123862,1/7/2022,Jamie Frazer,Office Supplies,0,3.5505,1,7.89,West
US-2023-123862,1/7/2022,Jamie Frazer,Office Supplies,0,44.5962,11,153.78,West
US-2023-123862,1/7/2022,Jamie Frazer,Office Supplies,0,0.6102,3,61.02,West
US-2023-123862,1/7/2022,Jamie Frazer,Office Supplies,0,31.9319,7,110.11,West
US-2023-159366,1/7/2022,Bart Watters,Technology,0.1,679.996,2,3059.982,Central
US-2023-168690,1/7/2022,Thais Sissman,Office Supplies,0.7,-1.9656,3,2.808,South
US-2023-115154,1/8/2022,Ricardo Sperren,Furniture,0,80.3682,2,892.98,West
US-2023-154760,1/9/2022,Beth Paige,Office Supplies,0.7,-228.7425,3,274.491,East
US-2023-108000,1/12/2022,Linda Southworth,Office Supplies,0,4.89,1,9.78,West
US-2023-148551,1/12/2022,David Bremer,Office Supplies,0.8,-1141.47,5,760.98,Central
US-2023-158512,1/12/2022,Dianna Arnett,Furniture,0,15.8256,2,37.68,East
US-2023-158512,1/12/2022,Dianna Arnett,Office Supplies,0,19.2384,6,40.08,East
US-2023-167402,1/13/2022,Cathy Prescott,Furniture,0,53.235,3,212.94,Central
US-2023-167402,1/13/2022,Cathy Prescott,Office Supplies,0,54.5844,6,209.94,Central
US-2023-167402,1/13/2022,Cathy Prescott,Office Supplies,0,15.552,5,32.4,Central
US-2023-167402,1/13/2022,Cathy Prescott,Office Supplies,0,83.281,5,4164.05,Central
US-2023-106131,1/14/2022,Tracy Poddar,Office Supplies,0.2,14.7546,9,168.624,West
US-2023-106131,1/14/2022,Tracy Poddar,Technology,0.2,-14.7931,7,169.064,West
US-2023-113278,1/14/2022,Hallie Redmond,Furniture,0,8.532,2,18.96,Central
US-2023-113278,1/14/2022,Hallie Redmond,Office Supplies,0,0.1008,2,2.52,Central
US-2023-113278,1/14/2022,Hallie Redmond,Office Supplies,0,5.5566,1,11.34,Central
US-2023-113278,1/14/2022,Hallie Redmond,Office Supplies,0,17.524,5,67.4,Central
US-2023-113278,1/14/2022,Hallie Redmond,Office Supplies,0,5.2528,2,18.76,Central
US-2023-113278,1/14/2022,Hallie Redmond,Technology,0,2.5452,4,12.12,Central
US-2023-113278,1/14/2022,Hallie Redmond,Technology,0,70.312,4,159.8,Central
US-2023-113278,1/14/2022,Hallie Redmond,Technology,0,1.356,4,67.8,Central
US-2023-127306,1/14/2022,Brosina Hoffman,Office Supplies,0.7,-4.577,5,5.97,South
US-2023-127306,1/14/2022,Brosina Hoffman,Office Supplies,0.7,-1.8392,2,2.508,South
US-2023-127306,1/14/2022,Brosina Hoffman,Office Supplies,0.2,6.6468,3,18.336,South
US-2023-127306,1/14/2022,Brosina Hoffman,Office Supplies,0.2,12.7008,7,36.288,South
US-2023-127306,1/14/2022,Brosina Hoffman,Technology,0.2,6.999,2,111.984,South
US-2023-138779,1/14/2022,Rob Beeghly,Office Supplies,0.2,7.3386,1,21.744,South
US-2023-138779,1/14/2022,Rob Beeghly,Technology,0.2,0.693,5,7.92,South
US-2023-149076,1/14/2022,Sean O'Donnell,Office Supplies,0,69.705,5,154.9,West
US-2023-104661,1/15/2022,Tim Brockman,Office Supplies,0.8,-6.6278,1,4.276,Central
US-2023-104661,1/15/2022,Tim Brockman,Office Supplies,0.8,-52.4544,4,32.784,Central
US-2023-104661,1/15/2022,Tim Brockman,Technology,0.2,13.3008,8,62.592,Central
US-2023-104661,1/15/2022,Tim Brockman,Technology,0.2,14.3952,2,47.984,Central
US-2023-152961,1/15/2022,Sanjit Chand,Office Supplies,0,5.842,2,12.7,East
US-2023-160934,1/15/2022,Tonja Turnell,Office Supplies,0,6.206,5,21.4,West
US-2023-167752,1/15/2022,Robert Waldorf,Office Supplies,0.2,3.8682,1,34.384,East
US-2023-167752,1/15/2022,Robert Waldorf,Office Supplies,0.2,312.676,8,1924.16,East
US-2023-125913,1/16/2022,Jack O'Briant,Furniture,0,8.0968,4,27.92,West
US-2023-125913,1/16/2022,Jack O'Briant,Furniture,0.2,-14.9877,7,399.672,West
US-2023-138289,1/16/2022,Andy Reiter,Furniture,0,72.6408,3,302.67,Central
US-2023-138289,1/16/2022,Andy Reiter,Office Supplies,0,2504.2216,4,5443.96,Central
US-2023-138289,1/16/2022,Andy Reiter,Office Supplies,0,25.2315,7,56.07,Central
US-2023-127292,1/19/2022,Raymond Messe,Office Supplies,0,152.0232,3,542.94,East
US-2023-127292,1/19/2022,Raymond Messe,Office Supplies,0,0.9588,1,2.04,East
US-2023-127292,1/19/2022,Raymond Messe,Office Supplies,0,37.5624,4,79.92,East
US-2023-127292,1/19/2022,Raymond Messe,Office Supplies,0,5.7716,1,12.28,East
US-2023-153045,1/19/2022,Neola Schneider,Furniture,0.3,-63.3765,3,887.271,East
US-2023-153045,1/19/2022,Neola Schneider,Furniture,0.2,6.3936,2,31.968,East
US-2023-153045,1/19/2022,Neola Schneider,Office Supplies,0.2,7.0512,4,21.696,East
US-2023-153045,1/19/2022,Neola Schneider,Technology,0.4,-93.08,2,429.6,East
US-2023-154718,1/19/2022,Dan Lawera,Office Supplies,0.2,2.1,2,6,Central
US-2023-120649,1/20/2022,Jeremy Farry,Office Supplies,0,1.0208,2,3.52,East
US-2023-144589,1/20/2022,Tamara Manning,Office Supplies,0,7.986,5,24.2,West
US-2023-144589,1/20/2022,Tamara Manning,Technology,0.2,130.4913,3,359.976,West
US-2023-152079,1/20/2022,Maris LaWare,Office Supplies,0.2,4.176,5,11.52,Central
US-2023-157252,1/20/2022,Cynthia Voltz,Furniture,0.1,2.3094,3,207.846,East
US-2023-161809,1/20/2022,Thea Hendricks,Technology,0.2,10.0485,3,160.776,West
US-2023-127026,1/21/2022,Mick Hernandez,Office Supplies,0,7.056,5,14.4,Central
US-2023-127026,1/21/2022,Mick Hernandez,Office Supplies,0,42.0744,4,89.52,Central
US-2023-127026,1/21/2022,Mick Hernandez,Technology,0,111.591,5,619.95,Central
US-2023-127026,1/21/2022,Mick Hernandez,Technology,0.1,152.0883,3,350.973,Central
US-2023-127026,1/21/2022,Mick Hernandez,Technology,0,49.497,1,164.99,Central
US-2023-131954,1/21/2022,Darrin Sayre,Furniture,0,18.6956,1,84.98,West
US-2023-131954,1/21/2022,Darrin Sayre,Office Supplies,0.2,6.552,5,18.72,West
US-2023-131954,1/21/2022,Darrin Sayre,Office Supplies,0.2,9.4284,4,27.936,West
US-2023-131954,1/21/2022,Darrin Sayre,Office Supplies,0.2,33.6474,6,99.696,West
US-2023-131954,1/21/2022,Darrin Sayre,Office Supplies,0,9.7176,3,242.94,West
US-2023-131954,1/21/2022,Darrin Sayre,Technology,0,86.3856,3,179.97,West
US-2023-141782,1/21/2022,Bobby Elias,Office Supplies,0.2,90.6444,4,268.576,Central
US-2023-160423,1/21/2022,Penelope Sewall,Office Supplies,0.7,-28.6272,7,35.784,South
US-2023-160423,1/21/2022,Penelope Sewall,Office Supplies,0.2,30.4682,7,348.208,South
US-2023-127432,1/22/2022,Alan Dominguez,Office Supplies,0,5.382,2,11.96,West
US-2023-127432,1/22/2022,Alan Dominguez,Office Supplies,0,56.301,3,1126.02,West
US-2023-127432,1/22/2022,Alan Dominguez,Office Supplies,0,13.8915,3,51.45,West
US-2023-127432,1/22/2022,Alan Dominguez,Technology,0,1379.977,5,2999.95,West
US-2023-152499,1/22/2022,Edward Hooks,Office Supplies,0.2,0.8856,3,7.872,Central
US-2023-152499,1/22/2022,Edward Hooks,Office Supplies,0.2,4.914,5,15.12,Central
US-2023-139080,1/23/2022,Chris Selesnick,Office Supplies,0.2,6.888,5,19.68,West
US-2023-139080,1/23/2022,Chris Selesnick,Office Supplies,0,3.1104,1,6.48,West
US-2023-139080,1/23/2022,Chris Selesnick,Office Supplies,0,12.4416,4,25.92,West
US-2023-139080,1/23/2022,Chris Selesnick,Technology,0.2,8.6352,6,86.352,West
US-2023-145142,1/23/2022,Matt Connell,Furniture,0,21.098,2,210.98,Central
US-2023-161893,1/23/2022,Harold Pawlan,Office Supplies,0.7,-3.6212,2,4.938,West
US-2023-161893,1/23/2022,Harold Pawlan,Technology,0.2,11.998,2,95.984,West
US-2023-104619,1/24/2022,Keith Dawkins,Office Supplies,0,6.7236,3,25.86,West
US-2023-104619,1/24/2022,Keith Dawkins,Office Supplies,0.2,89.9548,2,276.784,West
US-2023-104619,1/24/2022,Keith Dawkins,Technology,0.2,8.2764,3,110.352,West
US-2023-119669,1/24/2022,Theone Pippenger,Office Supplies,0,0.1134,3,5.67,South
US-2023-105935,1/26/2022,Bradley Drucker,Furniture,0,24.4608,4,62.72,South
US-2023-105935,1/26/2022,Bradley Drucker,Technology,0,764.3818,7,2939.93,South
US-2023-134649,1/26/2022,Carol Adams,Office Supplies,0,4.1769,7,15.47,South
US-2023-134649,1/26/2022,Carol Adams,Office Supplies,0,3.4368,2,7.16,South
US-2023-150469,1/26/2022,Caroline Jumper,Office Supplies,0,5.6832,8,11.84,West
US-2023-164098,1/26/2022,Claire Gute,Office Supplies,0.2,1.816,2,18.16,Central
US-2023-104437,1/27/2022,Toby Gnade,Technology,0,35.8644,3,137.94,East
US-2023-117870,1/27/2022,John Huston,Office Supplies,0.2,1.752,3,14.016,East
US-2023-117870,1/27/2022,John Huston,Technology,0.2,-8.997,3,71.976,East
US-2023-117870,1/27/2022,John Huston,Technology,0.4,-26.9955,3,107.982,East
US-2023-115994,1/28/2022,Beth Thompson,Furniture,0,12.8316,3,37.74,West
US-2023-115994,1/28/2022,Beth Thompson,Technology,0,26.3967,3,239.97,West
US-2023-147984,1/28/2022,Giulietta Baptist,Office Supplies,0,137.151,5,279.9,Central
US-2023-166037,1/28/2022,Craig Leslie,Technology,0,157.4685,9,449.91,East
US-2023-127341,1/29/2022,Clytie Kelty,Office Supplies,0.8,-20.6176,4,12.128,Central
US-2023-131653,1/29/2022,Rob Dowd,Office Supplies,0,2.4012,2,5.22,East
US-2023-139304,1/29/2022,Vivek Gonzalez,Office Supplies,0,2.1684,3,8.34,West
US-2023-139304,1/29/2022,Vivek Gonzalez,Office Supplies,0.2,40.3704,8,119.616,West
US-2023-139304,1/29/2022,Vivek Gonzalez,Office Supplies,0,2.2282,1,8.57,West
US-2023-145338,1/29/2022,Bryan Davis,Office Supplies,0.2,0.4768,2,4.768,East
US-2023-160927,1/29/2022,Tamara Manning,Furniture,0,4.6221,3,14.91,Central
US-2023-160927,1/29/2022,Tamara Manning,Office Supplies,0,45.528,5,94.85,Central
US-2023-160927,1/29/2022,Tamara Manning,Office Supplies,0,6.2208,2,12.96,Central
US-2023-160927,1/29/2022,Tamara Manning,Office Supplies,0,3.5048,1,13.48,Central
US-2023-104220,1/30/2022,Benjamin Venier,Furniture,0,14.5236,7,34.58,Central
US-2023-104220,1/30/2022,Benjamin Venier,Office Supplies,0,10.881,2,40.3,Central
US-2023-104220,1/30/2022,Benjamin Venier,Office Supplies,0,16.175,5,32.35,Central
US-2023-104220,1/30/2022,Benjamin Venier,Office Supplies,0,9.14,2,18.28,Central
US-2023-104220,1/30/2022,Benjamin Venier,Office Supplies,0,3.4695,1,7.71,Central
US-2023-104220,1/30/2022,Benjamin Venier,Technology,0,51.75,3,207,Central
US-2023-112725,1/30/2022,Eugene Hildebrand,Furniture,0.2,-13.5882,1,120.784,West
US-2023-112725,1/30/2022,Eugene Hildebrand,Office Supplies,0,2.3814,3,8.82,West
US-2023-112725,1/30/2022,Eugene Hildebrand,Office Supplies,0,5.733,7,12.74,West
US-2023-121790,1/30/2022,Liz Preis,Furniture,0.5,-47.175,1,69.375,Central
US-2023-121790,1/30/2022,Liz Preis,Office Supplies,0.2,3.1536,2,9.344,Central
US-2023-121790,1/30/2022,Liz Preis,Office Supplies,0.2,2.772,4,31.68,Central
US-2023-121790,1/30/2022,Liz Preis,Technology,0.2,250.396,4,2003.168,Central
US-2023-148999,1/30/2022,Emily Burns,Furniture,0.2,-68.1096,4,419.136,South
US-2023-157273,1/30/2022,Sam Zeldin,Technology,0.2,60.4768,4,604.768,West
US-2023-164329,1/30/2022,Michael Moore,Office Supplies,0,6.465,2,129.3,West
US-2023-128076,2/2/2022,Bill Overfelt,Furniture,0,12.6348,2,210.58,West
US-2023-128076,2/2/2022,Bill Overfelt,Office Supplies,0.2,10.062,2,30.96,West
US-2023-128076,2/2/2022,Bill Overfelt,Technology,0.2,38.9974,2,239.984,West
US-2023-161333,2/2/2022,John Lee,Furniture,0,29.3284,2,86.26,West
US-2023-161333,2/2/2022,John Lee,Office Supplies,0,16.38,4,46.8,West
US-2023-161333,2/2/2022,John Lee,Office Supplies,0,38.9312,4,139.04,West
US-2023-164147,2/2/2022,Dorothy Wardle,Office Supplies,0.2,6.9732,9,21.456,East
US-2023-164147,2/2/2022,Dorothy Wardle,Office Supplies,0.2,29.364,2,78.304,East
US-2023-164147,2/2/2022,Dorothy Wardle,Technology,0.4,-11.994,5,59.97,East
US-2023-126354,2/3/2022,Shahid Collister,Office Supplies,0.7,-2.588,2,3.882,South
US-2023-126354,2/3/2022,Shahid Collister,Office Supplies,0.2,40.3536,3,115.296,South
US-2023-127474,2/3/2022,Ross DeVincentis,Furniture,0.6,-26.085,1,22.2,Central
US-2023-127474,2/3/2022,Ross DeVincentis,Office Supplies,0.2,146.79,5,419.4,Central
US-2023-127474,2/3/2022,Ross DeVincentis,Office Supplies,0.2,23.7742,2,65.584,Central
US-2023-127474,2/3/2022,Ross DeVincentis,Office Supplies,0.2,1.8144,1,5.184,Central
US-2023-167703,2/3/2022,Matt Collins,Office Supplies,0.7,-4.1832,3,5.229,East
US-2023-167703,2/3/2022,Matt Collins,Office Supplies,0.2,35.694,2,285.552,East
US-2023-169474,2/4/2022,Jay Fein,Office Supplies,0,8.4942,3,32.67,East
US-2023-107517,2/5/2022,Fred Chung,Office Supplies,0,459.396,5,1640.7,West
US-2023-107517,2/5/2022,Fred Chung,Technology,0.2,41.76,5,371.2,West
US-2023-131282,2/5/2022,Cassandra Brandow,Office Supplies,0.2,0.712,5,7.12,Central
US-2023-131282,2/5/2022,Cassandra Brandow,Office Supplies,0.8,-426.986,4,243.992,Central
US-2023-101840,2/6/2022,Sibella Parks,Office Supplies,0.2,15.606,4,46.24,East
US-2023-101840,2/6/2022,Sibella Parks,Technology,0,65.9634,6,227.46,East
US-2023-115105,2/6/2022,Bryan Davis,Furniture,0.2,30.098,1,240.784,East
US-2023-122994,2/6/2022,Mark Van Huff,Furniture,0,79.1934,3,359.97,South
US-2023-154102,2/6/2022,Skye Norling,Office Supplies,0,13.455,5,29.9,West
US-2023-118773,2/9/2022,Tom Prescott,Furniture,0.6,-2.6892,2,3.984,Central
US-2023-118773,2/9/2022,Tom Prescott,Office Supplies,0.8,-32.48,2,12.992,Central
US-2023-118773,2/9/2022,Tom Prescott,Office Supplies,0.8,-417.0936,4,252.784,Central
US-2023-118773,2/9/2022,Tom Prescott,Technology,0.2,15.998,2,127.984,Central
US-2023-145807,2/9/2022,Sarah Bern,Office Supplies,0,17.745,5,354.9,West
US-2023-150602,2/9/2022,Marina Lichtenstein,Furniture,0,6.5472,4,21.12,West
US-2023-123659,2/10/2022,Michael Nguyen,Office Supplies,0,11.3288,4,23.12,East
US-2023-124086,2/10/2022,Mike Pelletier,Furniture,0.15,16.7986,2,203.983,West
US-2023-116204,2/11/2022,Victoria Wilson,Office Supplies,0.2,7.7343,7,21.336,West
US-2023-118535,2/11/2022,Don Jones,Office Supplies,0,9.936,2,20.7,East
US-2023-131828,2/11/2022,Cari Sayre,Furniture,0.2,108.3528,4,963.136,West
US-2023-131828,2/11/2022,Cari Sayre,Technology,0.2,7.7679,3,88.776,West
US-2023-138156,2/11/2022,Magdelene Morse,Furniture,0.2,-3.6892,2,147.568,East
US-2023-104801,2/13/2022,Fred Harton,Furniture,0,21.506,1,107.53,West
US-2023-104801,2/13/2022,Fred Harton,Office Supplies,0,1.7901,3,6.63,West
US-2023-104801,2/13/2022,Fred Harton,Technology,0,343.9828,4,799.96,West
US-2023-104906,2/13/2022,Jennifer Patt,Office Supplies,0,8.7906,3,17.94,East
US-2023-151176,2/13/2022,Stewart Visinsky,Office Supplies,0,2.7846,3,10.71,East
US-2023-151176,2/13/2022,Stewart Visinsky,Office Supplies,0,6.5052,3,25.02,East
US-2023-154809,2/13/2022,Mark Hamilton,Office Supplies,0,38.9752,8,90.64,Central
US-2023-118521,2/16/2022,Luke Foster,Office Supplies,0,18.2112,2,37.94,East
US-2023-120019,2/16/2022,Nat Gilpin,Office Supplies,0,81.1314,3,579.51,East
US-2023-120019,2/16/2022,Nat Gilpin,Technology,0,7.3451,1,14.99,East
US-2023-163265,2/16/2022,Joy Smith,Furniture,0.3,-8.5794,3,600.558,Central
US-2023-163265,2/16/2022,Joy Smith,Furniture,0.6,-3.6537,1,7.692,Central
US-2023-163265,2/16/2022,Joy Smith,Office Supplies,0.2,3.504,6,28.032,Central
US-2023-163265,2/16/2022,Joy Smith,Office Supplies,0.2,6.1992,2,18.368,Central
US-2023-163265,2/16/2022,Joy Smith,Office Supplies,0.2,-8.1822,3,50.352,Central
US-2023-109085,2/17/2022,Christine Kargatis,Furniture,0.3,-12.849,5,899.43,East
US-2023-109085,2/17/2022,Christine Kargatis,Furniture,0.2,8.2896,2,30.144,East
US-2023-109085,2/17/2022,Christine Kargatis,Furniture,0.4,-106.393,5,455.97,East
US-2023-109085,2/17/2022,Christine Kargatis,Office Supplies,0.7,-4.7625,5,5.715,East
US-2023-109085,2/17/2022,Christine Kargatis,Technology,0.4,-11.5188,1,57.594,East
US-2023-132647,2/17/2022,Gary Hansen,Office Supplies,0,5.7624,2,11.76,East
US-2023-132647,2/17/2022,Gary Hansen,Office Supplies,0,39.948,5,166.45,East
US-2023-154039,2/17/2022,Julie Kriz,Furniture,0.5,-269.3376,3,480.96,Central
US-2023-154039,2/17/2022,Julie Kriz,Technology,0.2,10.9193,1,124.792,Central
US-2023-159149,2/17/2022,Cyra Reiten,Furniture,0.32,-17.0274,1,89.0664,Central
US-2023-159149,2/17/2022,Cyra Reiten,Office Supplies,0.2,52.632,6,175.44,Central
US-2023-159149,2/17/2022,Cyra Reiten,Technology,0.2,-87.6672,4,438.336,Central
US-2023-163195,2/17/2022,Lauren Leatherbury,Technology,0,8.4564,3,29.16,South
US-2023-164707,2/18/2022,Cynthia Voltz,Office Supplies,0,4.8118,2,9.82,West
US-2023-164707,2/18/2022,Cynthia Voltz,Technology,0,47.0979,3,109.53,West
US-2023-164707,2/18/2022,Cynthia Voltz,Technology,0.2,10.4985,3,167.976,West
US-2023-122693,2/19/2022,Nicole Hansen,Office Supplies,0,361.2994,7,1245.86,South
US-2023-134838,2/19/2022,Emily Ducich,Furniture,0,12.0609,3,44.67,West
US-2023-134838,2/19/2022,Emily Ducich,Office Supplies,0,3.4668,3,12.84,West
US-2023-166415,2/19/2022,Max Engle,Office Supplies,0,0.2244,3,11.22,West
US-2023-105445,2/20/2022,Bart Pistole,Office Supplies,0.2,3.0654,3,9.432,West
US-2023-105809,2/20/2022,Helen Wasserman,Furniture,0,7.3359,1,22.23,West
US-2023-105809,2/20/2022,Helen Wasserman,Technology,0.2,18.8972,2,215.968,West
US-2023-135937,2/20/2022,Katherine Murray,Furniture,0.2,16.3172,2,68.704,West
US-2023-135937,2/20/2022,Katherine Murray,Furniture,0.5,-185.7168,9,386.91,West
US-2023-135937,2/20/2022,Katherine Murray,Office Supplies,0.2,3.857,5,10.64,West
US-2023-135937,2/20/2022,Katherine Murray,Office Supplies,0.2,-6.396,2,51.168,West
US-2023-135937,2/20/2022,Katherine Murray,Technology,0.2,4.7988,1,31.992,West
US-2023-135937,2/20/2022,Katherine Murray,Technology,0.2,25.0182,3,333.576,West
US-2023-150525,2/20/2022,Julie Prescott,Office Supplies,0,3.4086,3,13.11,Central
US-2023-150525,2/20/2022,Julie Prescott,Office Supplies,0,1.9024,2,6.56,Central
US-2023-124940,2/21/2022,Dave Kipp,Technology,0.2,-2.994,1,47.904,Central
US-2023-104647,2/23/2022,Clytie Kelty,Office Supplies,0,16.848,6,37.44,West
US-2023-136007,2/23/2022,Ann Chong,Office Supplies,0,0.336,5,8.4,West
US-2023-136007,2/23/2022,Ann Chong,Technology,0.2,25.186,5,71.96,West
US-2023-111374,2/24/2022,Christy Brittain,Office Supplies,0.7,-3.7996,4,4.956,East
US-2023-127397,2/24/2022,Erin Smith,Office Supplies,0.2,38.725,5,123.92,East
US-2023-127397,2/24/2022,Erin Smith,Technology,0.2,214.4675,5,1319.8,East
US-2023-125878,2/25/2022,Michelle Huthwaite,Office Supplies,0.8,-3.0396,3,1.788,Central
US-2023-134642,2/25/2022,Scot Wooten,Furniture,0.2,5.798,5,231.92,South
US-2023-134642,2/25/2022,Scot Wooten,Furniture,0.2,-22.1382,2,196.784,South
US-2023-117212,2/26/2022,Bradley Talbott,Furniture,0.2,89.2224,3,892.224,West
US-2023-117212,2/26/2022,Bradley Talbott,Office Supplies,0,22.1184,4,81.92,West
US-2023-117212,2/26/2022,Bradley Talbott,Office Supplies,0,11.3288,4,23.12,West
US-2023-117212,2/26/2022,Bradley Talbott,Office Supplies,0,109.7208,4,223.92,West
US-2023-117212,2/26/2022,Bradley Talbott,Technology,0.2,66.7152,8,889.536,West
US-2023-121258,2/26/2022,Dave Brooks,Furniture,0,15.6332,2,91.96,West
US-2023-121258,2/26/2022,Dave Brooks,Office Supplies,0,13.32,4,29.6,West
US-2023-121258,2/26/2022,Dave Brooks,Technology,0.2,19.3932,2,258.576,West
US-2023-121706,2/26/2022,Becky Martin,Office Supplies,0,99.9012,7,356.79,West
US-2023-101959,2/28/2022,Duane Benoit,Office Supplies,0,4.7232,2,9.84,East
US-2023-101959,2/28/2022,Duane Benoit,Office Supplies,0,3.501,1,7.78,East
US-2023-104885,3/2/2022,Dorothy Badders,Furniture,0,101.6508,2,441.96,East
US-2023-104885,3/2/2022,Dorothy Badders,Office Supplies,0,15.4752,3,59.52,East
US-2023-104885,3/2/2022,Dorothy Badders,Office Supplies,0,27.2412,7,57.96,East
US-2023-104885,3/2/2022,Dorothy Badders,Office Supplies,0,33.3396,6,68.04,East
US-2023-124114,3/2/2022,Roland Schwarz,Office Supplies,0.8,-0.9452,1,0.556,Central
US-2023-146024,3/2/2022,Stewart Carmichael,Office Supplies,0.8,-20.1663,7,12.222,Central
US-2023-146024,3/2/2022,Stewart Carmichael,Office Supplies,0.2,-1.3952,4,6.976,Central
US-2023-152261,3/2/2022,Joseph Airdo,Office Supplies,0.7,-12.352,4,18.528,East
US-2023-155712,3/2/2022,Ken Dana,Office Supplies,0.2,33.64,2,107.648,West
US-2023-163902,3/2/2022,Maribeth Yedwab,Technology,0,52.7934,6,479.94,West
US-2023-163902,3/2/2022,Maribeth Yedwab,Technology,0.2,14.7582,3,196.776,West
US-2023-111815,3/3/2022,Emily Phan,Furniture,0,47.0548,1,180.98,Central
US-2023-111815,3/3/2022,Emily Phan,Technology,0,42.9914,2,99.98,Central
US-2023-117513,3/3/2022,Bill Tyler,Furniture,0.2,-14.9877,7,399.672,West
US-2023-121804,3/3/2022,Liz Preis,Office Supplies,0,19.656,5,72.8,South
US-2023-123085,3/3/2022,Ed Jacobs,Furniture,0.2,-17.0352,3,170.352,West
US-2023-123085,3/3/2022,Ed Jacobs,Technology,0,440.7648,8,1049.44,West
US-2023-127621,3/3/2022,Richard Eichhorn,Office Supplies,0.2,9.744,8,26.88,Central
US-2023-110478,3/4/2022,Sung Pak,Office Supplies,0,2.7028,4,9.32,West
US-2023-110478,3/4/2022,Sung Pak,Office Supplies,0,7.015,1,15.25,West
US-2023-119816,3/4/2022,Tonja Turnell,Furniture,0.6,-77.625,5,103.5,Central
US-2023-119816,3/4/2022,Tonja Turnell,Office Supplies,0.2,0.8624,1,2.464,Central
US-2023-119816,3/4/2022,Tonja Turnell,Office Supplies,0.2,0.654,1,8.72,Central
US-2023-142174,3/4/2022,Darren Powers,Office Supplies,0.2,32.4684,2,89.568,Central
US-2023-147753,3/5/2022,Pete Kriz,Office Supplies,0,11.7782,2,25.06,Central
US-2023-161046,3/5/2022,Claudia Bergmann,Office Supplies,0,78.672,2,262.24,South
US-2023-161046,3/5/2022,Claudia Bergmann,Office Supplies,0,112.4928,6,234.36,South
US-2023-161046,3/5/2022,Claudia Bergmann,Office Supplies,0,19.6328,4,42.68,South
US-2023-161046,3/5/2022,Claudia Bergmann,Technology,0,125.9874,3,299.97,South
US-2023-168123,3/5/2022,Julia Dunbar,Office Supplies,0,62.7004,2,127.96,Central
US-2023-168123,3/5/2022,Julia Dunbar,Office Supplies,0,9.1581,3,18.69,Central
US-2023-168123,3/5/2022,Julia Dunbar,Office Supplies,0,2.528,2,7.9,Central
US-2023-168123,3/5/2022,Julia Dunbar,Office Supplies,0,57.5016,4,221.16,Central
US-2023-119039,3/6/2022,Ben Ferrer,Office Supplies,0.2,5.4288,9,14.976,West
US-2023-125101,3/6/2022,Sally Hughsby,Office Supplies,0,16.945,2,67.78,West
US-2023-148642,3/6/2022,Don Weiss,Office Supplies,0.2,4.7616,4,63.488,Central
US-2023-148642,3/6/2022,Don Weiss,Office Supplies,0.2,1.7248,2,4.928,Central
US-2023-167640,3/6/2022,Frank Carlisle,Office Supplies,0,8.1192,6,23.88,West
US-2023-167640,3/6/2022,Frank Carlisle,Office Supplies,0,5.6448,4,11.52,West
US-2023-167640,3/6/2022,Frank Carlisle,Office Supplies,0,140.5957,7,286.93,West
US-2023-167640,3/6/2022,Frank Carlisle,Technology,0.2,23.2182,2,206.384,West
US-2023-168193,3/6/2022,Roland Murray,Furniture,0,16.5531,3,71.97,East
US-2023-168193,3/6/2022,Roland Murray,Office Supplies,0,12.1348,1,26.38,East
US-2023-110884,3/7/2022,Shahid Hopkins,Office Supplies,0.2,9.072,6,25.92,East
US-2023-110884,3/7/2022,Shahid Hopkins,Office Supplies,0,42.1314,3,91.59,East
US-2023-136672,3/7/2022,Michael Granlund,Technology,0,4.908,3,49.08,East
US-2023-104080,3/8/2022,Alan Hwang,Office Supplies,0,0.8736,2,3.36,West
US-2023-104080,3/8/2022,Alan Hwang,Office Supplies,0.2,64.2,5,171.2,West
US-2023-155698,3/8/2022,Victoria Brennan,Office Supplies,0,168.4384,8,647.84,South
US-2023-155698,3/8/2022,Victoria Brennan,Office Supplies,0,9.936,2,20.7,South
US-2023-102834,3/9/2022,Lindsay Williams,Technology,0,69.993,2,199.98,West
US-2023-147354,3/9/2022,Karl Braun,Office Supplies,0.2,9.6375,5,30.84,West
US-2023-147354,3/9/2022,Karl Braun,Technology,0.2,59.998,2,479.984,West
US-2023-130967,3/10/2022,Emily Burns,Technology,0.4,-10.7964,3,53.982,East
US-2023-132290,3/10/2022,Maribeth Dona,Furniture,0.3,-173.3472,4,933.408,Central
US-2023-140494,3/10/2022,Candace McMahon,Technology,0,21.2724,4,111.96,West
US-2023-144638,3/10/2022,Mick Hernandez,Furniture,0.2,11.5164,2,43.872,East
US-2023-144638,3/10/2022,Mick Hernandez,Furniture,0.2,0.5022,1,6.696,East
US-2023-144638,3/10/2022,Mick Hernandez,Office Supplies,0.2,0.5904,2,5.248,East
US-2023-144638,3/10/2022,Mick Hernandez,Technology,0.4,-8.379,3,35.91,East
US-2023-155824,3/10/2022,Karen Seio,Office Supplies,0.2,3.6588,1,48.784,South
US-2023-155824,3/10/2022,Karen Seio,Office Supplies,0.7,-10.0372,4,13.092,South
US-2023-133081,3/11/2022,Paul Van Hugh,Furniture,0,11.7568,1,26.72,East
US-2023-133081,3/11/2022,Paul Van Hugh,Technology,0,24.9132,4,63.88,East
US-2023-141558,3/11/2022,Marc Harrigan,Furniture,0.4,-46.4292,3,154.764,East
US-2023-141558,3/11/2022,Marc Harrigan,Office Supplies,0.7,-8.6058,1,12.294,East
US-2023-141558,3/11/2022,Marc Harrigan,Office Supplies,0.2,3.246,1,43.28,East
US-2023-141558,3/11/2022,Marc Harrigan,Technology,0.4,-181.265,5,776.85,East
US-2023-147291,3/11/2022,Max Jones,Office Supplies,0,421.0824,4,895.92,Central
US-2023-116288,3/12/2022,Bill Stewart,Office Supplies,0,9.7176,3,242.94,West
US-2023-152786,3/12/2022,Guy Armstrong,Office Supplies,0,18.5886,9,40.41,South
US-2023-159352,3/12/2022,Ken Black,Technology,0,32.1678,7,69.93,East
US-2023-105851,3/13/2022,Sanjit Engle,Office Supplies,0.2,-299.8116,2,1332.496,West
US-2023-106859,3/13/2022,Benjamin Farhat,Office Supplies,0,21.7728,7,45.36,West
US-2023-106859,3/13/2022,Benjamin Farhat,Office Supplies,0,138.3552,6,288.24,West
US-2023-106859,3/13/2022,Benjamin Farhat,Office Supplies,0,25.424,8,90.8,West
US-2023-106859,3/13/2022,Benjamin Farhat,Technology,0,88.1295,5,214.95,West
US-2023-106859,3/13/2022,Benjamin Farhat,Technology,0.2,49.2576,8,140.736,West
US-2023-107713,3/13/2022,Joy Bell-,Office Supplies,0,81.921,3,174.3,East
US-2023-146906,3/13/2022,Meg Tillman,Technology,0,74.975,2,299.9,East
US-2023-153843,3/13/2022,Shahid Collister,Office Supplies,0,120.9416,2,465.16,East
US-2023-153843,3/13/2022,Shahid Collister,Office Supplies,0,15.44,2,30.88,East
US-2023-153843,3/13/2022,Shahid Collister,Office Supplies,0,12.4752,4,27.12,East
US-2023-157966,3/13/2022,Stephanie Ulpright,Furniture,0.3,-2.5648,1,89.768,Central
US-2023-157966,3/13/2022,Stephanie Ulpright,Office Supplies,0.2,2.1888,4,19.456,Central
US-2023-157966,3/13/2022,Stephanie Ulpright,Office Supplies,0.2,1.86,5,29.76,Central
US-2023-157966,3/13/2022,Stephanie Ulpright,Office Supplies,0.2,5.6376,3,15.552,Central
US-2023-157966,3/13/2022,Stephanie Ulpright,Technology,0.2,335.9944,2,959.984,Central
US-2023-157966,3/13/2022,Stephanie Ulpright,Technology,0.3,8.9994,2,209.986,Central
US-2023-157966,3/13/2022,Stephanie Ulpright,Technology,0.2,-7.3015,1,34.36,Central
US-2023-162474,3/13/2022,Frank Hawley,Technology,0.2,2.5974,1,7.992,Central
US-2023-166296,3/13/2022,Karen Ferguson,Office Supplies,0,150.984,3,314.55,West
US-2023-114370,3/14/2022,Brad Norvell,Technology,0.2,4.9616,2,49.616,Central
US-2023-101539,3/16/2022,Valerie Mitchum,Office Supplies,0,3.1104,1,6.48,West
US-2023-101539,3/16/2022,Valerie Mitchum,Office Supplies,0,1.8604,1,46.51,West
US-2023-101539,3/16/2022,Valerie Mitchum,Technology,0.2,49.4982,3,659.976,West
US-2023-129294,3/16/2022,Ken Dana,Office Supplies,0,54.8613,3,140.67,West
US-2023-129294,3/16/2022,Ken Dana,Office Supplies,0.2,6.888,5,19.68,West
US-2023-129294,3/16/2022,Ken Dana,Office Supplies,0.2,22.9008,6,70.464,West
US-2023-129294,3/16/2022,Ken Dana,Office Supplies,0,80.6312,2,310.12,West
US-2023-152135,3/16/2022,Matthew Grinstein,Technology,0.4,-81.664,8,445.44,East
US-2023-161172,3/16/2022,Susan Pistek,Furniture,0.2,7.6896,6,51.264,East
US-2023-161172,3/16/2022,Susan Pistek,Office Supplies,0.7,-3.462,3,5.193,East
US-2023-161172,3/16/2022,Susan Pistek,Office Supplies,0.2,3.389,2,54.224,East
US-2023-161172,3/16/2022,Susan Pistek,Technology,0.2,43.9956,2,159.984,East
US-2023-161172,3/16/2022,Susan Pistek,Technology,0.4,-7.396,2,44.376,East
US-2023-129224,3/17/2022,Ann Steele,Office Supplies,0.2,1.6704,2,4.608,South
US-2023-129567,3/17/2022,Clay Ludtke,Office Supplies,0.2,5.8914,2,17.456,West
US-2023-140949,3/17/2022,Denny Blanton,Office Supplies,0,22.458,6,59.1,East
US-2023-140949,3/17/2022,Denny Blanton,Office Supplies,0.2,3.0861,3,9.144,East
US-2023-140949,3/17/2022,Denny Blanton,Office Supplies,0,9,5,18.75,East
US-2023-140949,3/17/2022,Denny Blanton,Office Supplies,0,3.4357,1,7.31,East
US-2023-140949,3/17/2022,Denny Blanton,Office Supplies,0,27.9344,8,107.44,East
US-2023-140949,3/17/2022,Denny Blanton,Office Supplies,0,12.0978,3,46.53,East
US-2023-140949,3/17/2022,Denny Blanton,Technology,0,18.2592,3,57.06,East
US-2023-140949,3/17/2022,Denny Blanton,Technology,0,13.604,8,71.6,East
US-2023-140949,3/17/2022,Denny Blanton,Technology,0,31.122,6,119.7,East
US-2023-142867,3/17/2022,Philisse Overcash,Office Supplies,0.8,-22.0416,6,13.776,Central
US-2023-142867,3/17/2022,Philisse Overcash,Office Supplies,0.2,3.21,3,10.272,Central
US-2023-119438,3/18/2022,Carol Darley,Furniture,0.6,-41.262,3,82.524,Central
US-2023-119438,3/18/2022,Carol Darley,Office Supplies,0.8,-7.392,3,2.688,Central
US-2023-119438,3/18/2022,Carol Darley,Office Supplies,0.8,-320.2395,3,182.994,Central
US-2023-119438,3/18/2022,Carol Darley,Technology,0.2,4.5201,3,27.816,Central
US-2023-122007,3/18/2022,Jason Klamczynski,Office Supplies,0,26.3494,7,90.86,West
US-2023-143084,3/18/2022,Barry Pond,Office Supplies,0,3.753,5,13.9,West
US-2023-143084,3/18/2022,Barry Pond,Office Supplies,0,9.312,5,19.4,West
US-2023-148145,3/18/2022,Scott Williamson,Office Supplies,0,21.252,4,46.2,West
US-2023-160087,3/18/2022,Edward Nazzal,Office Supplies,0.2,6.5538,3,23.832,Central
US-2023-162075,3/18/2022,Thomas Thornton,Technology,0.2,47.0351,7,537.544,Central
US-2023-104955,3/19/2022,Catherine Glotzbach,Office Supplies,0,13.2986,7,28.91,East
US-2023-105410,3/19/2022,Natalie DeCherney,Office Supplies,0.2,6.6906,6,19.824,West
US-2023-105410,3/19/2022,Natalie DeCherney,Technology,0,10.9494,2,99.54,West
US-2023-105410,3/19/2022,Natalie DeCherney,Technology,0,85.9828,4,199.96,West
US-2023-105410,3/19/2022,Natalie DeCherney,Technology,0.2,-131.5008,6,657.504,West
US-2023-124436,3/19/2022,Sue Ann Reed,Furniture,0,12.6813,1,30.93,West
US-2023-124436,3/19/2022,Sue Ann Reed,Furniture,0.2,8.7145,5,697.16,West
US-2023-124436,3/19/2022,Sue Ann Reed,Office Supplies,0.2,9.2799,7,27.496,West
US-2023-124436,3/19/2022,Sue Ann Reed,Office Supplies,0.2,5.1184,2,14.624,West
US-2023-140515,3/19/2022,George Zrebassa,Office Supplies,0,106.7808,7,381.36,West
US-2023-166499,3/19/2022,Vivek Grady,Office Supplies,0,2.4138,3,8.94,East
US-2023-122763,3/20/2022,Harry Greene,Office Supplies,0.2,19.1376,2,56.704,Central
US-2023-122763,3/20/2022,Harry Greene,Office Supplies,0.2,102.774,7,274.064,Central
US-2023-143770,3/20/2022,Roger Demir,Office Supplies,0,27.882,2,61.96,East
US-2023-143770,3/20/2022,Roger Demir,Technology,0,38.08,2,238,East
US-2023-154214,3/20/2022,Troy Blackwell,Furniture,0,1.3677,1,2.91,Central
US-2023-165491,3/20/2022,Helen Wasserman,Technology,0,63.8232,7,265.93,West
US-2023-108539,3/21/2022,Steven Cartwright,Office Supplies,0.2,2.8836,2,8.544,West
US-2023-108539,3/21/2022,Steven Cartwright,Office Supplies,0.2,3.9498,3,10.896,West
US-2023-108539,3/21/2022,Steven Cartwright,Office Supplies,0,210.4936,4,725.84,West
US-2023-111591,3/21/2022,Paul Stevenson,Furniture,0,6.4206,3,22.14,West
US-2023-111591,3/21/2022,Paul Stevenson,Office Supplies,0.2,10.3194,6,30.576,West
US-2023-111591,3/21/2022,Paul Stevenson,Office Supplies,0,0.3906,7,13.02,West
US-2023-111591,3/21/2022,Paul Stevenson,Office Supplies,0,7.1864,4,359.32,West
US-2023-117156,3/21/2022,Ted Butterfield,Office Supplies,0.2,2.8782,3,8.856,East
US-2023-119452,3/21/2022,Clay Ludtke,Furniture,0,523.7052,6,1805.88,Central
US-2023-156272,3/21/2022,Pauline Webber,Office Supplies,0.2,8.048,1,64.384,South
US-2023-169285,3/21/2022,Robert Waldorf,Office Supplies,0,133.152,5,277.4,Central
US-2023-169285,3/21/2022,Robert Waldorf,Office Supplies,0,2.8322,1,5.78,Central
US-2023-120719,3/23/2022,Sanjit Jacobs,Office Supplies,0.2,11.297,5,34.76,West
US-2023-135650,3/23/2022,Anna Chung,Office Supplies,0.2,-32.3388,2,143.728,Central
US-2023-136511,3/23/2022,Mary Zewe,Office Supplies,0,17.379,3,347.58,East
US-2023-140074,3/23/2022,Erin Creighton,Office Supplies,0,11.556,6,25.68,East
US-2023-140151,3/23/2022,Raymond Buch,Office Supplies,0,9.6192,3,20.04,West
US-2023-140151,3/23/2022,Raymond Buch,Office Supplies,0,4.872,2,32.48,West
US-2023-140151,3/23/2022,Raymond Buch,Technology,0,6719.9808,4,13999.96,West
US-2023-155985,3/23/2022,Bill Eplett,Furniture,0,76.2624,8,211.84,West
US-2023-101637,3/24/2022,Ann Chong,Office Supplies,0.2,0.9576,2,12.768,Central
US-2023-122308,3/24/2022,Mark Van Huff,Furniture,0.1,60.392,2,271.764,East
US-2023-166184,3/24/2022,Harold Ryan,Furniture,0.1,2.3094,3,207.846,East
US-2023-166184,3/24/2022,Harold Ryan,Office Supplies,0,22.0947,3,47.01,East
US-2023-166184,3/24/2022,Harold Ryan,Technology,0,136.2971,1,469.99,East
US-2023-167101,3/24/2022,Brian Moss,Office Supplies,0,106.5216,4,221.92,East
US-2023-167101,3/24/2022,Brian Moss,Technology,0,11.7,2,26,East
US-2023-101077,3/25/2022,Duane Benoit,Office Supplies,0.2,2.14,2,6.848,Central
US-2023-105193,3/25/2022,John Lee,Office Supplies,0,2.9835,5,11.05,East
US-2023-112039,3/25/2022,John Castell,Technology,0.2,47.0376,3,470.376,Central
US-2023-117534,3/25/2022,Christina VanderZanden,Office Supplies,0,45.7704,4,176.04,West
US-2023-117534,3/25/2022,Christina VanderZanden,Office Supplies,0,4.4856,9,16.02,West
US-2023-117534,3/25/2022,Christina VanderZanden,Office Supplies,0.2,62.748,4,185.92,West
US-2023-117534,3/25/2022,Christina VanderZanden,Technology,0.2,59.998,2,479.984,West
US-2023-117534,3/25/2022,Christina VanderZanden,Technology,0.2,15.8376,4,211.168,West
US-2023-143651,3/25/2022,Filia McAdams,Office Supplies,0,6.93,2,23.1,West
US-2023-155880,3/25/2022,Justin Deggeller,Furniture,0,14.5584,1,90.99,Central
US-2023-155880,3/25/2022,Justin Deggeller,Furniture,0,40.5867,3,368.97,Central
US-2023-155880,3/25/2022,Justin Deggeller,Furniture,0,427.4368,7,1526.56,Central
US-2023-113208,3/26/2022,Michelle Lonsdale,Furniture,0,23.1192,3,60.84,Central
US-2023-121251,3/26/2022,Gary McGarr,Furniture,0.2,-28.9764,2,257.568,East
US-2023-121251,3/26/2022,Gary McGarr,Technology,0,33.5888,4,119.96,East
US-2023-141677,3/26/2022,Heather Kirkland,Office Supplies,0.8,-226.6368,8,87.168,Central
US-2023-141677,3/26/2022,Heather Kirkland,Office Supplies,0.2,23.235,3,74.352,Central
US-2023-141677,3/26/2022,Heather Kirkland,Office Supplies,0.2,2.4174,3,32.232,Central
US-2023-141677,3/26/2022,Heather Kirkland,Technology,0.2,1.7995,5,143.96,Central
US-2023-141677,3/26/2022,Heather Kirkland,Technology,0.2,569.9905,5,2399.96,Central
US-2023-147144,3/26/2022,Maria Zettner,Office Supplies,0,5.949,1,19.83,West
US-2023-162033,3/26/2022,Evan Minnotte,Office Supplies,0,1.316,2,3.76,South
US-2023-162033,3/26/2022,Evan Minnotte,Technology,0,20.7675,3,53.25,South
US-2023-113705,3/27/2022,Lena Cacioppo,Furniture,0,58.42,2,292.1,South
US-2023-113705,3/27/2022,Lena Cacioppo,Office Supplies,0,8.88,2,17.76,South
US-2023-113705,3/27/2022,Lena Cacioppo,Office Supplies,0,3.7996,2,8.26,South
US-2023-113705,3/27/2022,Lena Cacioppo,Office Supplies,0,8.1144,4,17.64,South
US-2023-113705,3/27/2022,Lena Cacioppo,Office Supplies,0,9.9882,3,332.94,South
US-2023-113705,3/27/2022,Lena Cacioppo,Technology,0,55.647,5,206.1,South
US-2023-124716,3/27/2022,Brendan Dodson,Office Supplies,0,21.0128,2,45.68,West
US-2023-124716,3/27/2022,Brendan Dodson,Office Supplies,0,5.97,3,11.94,West
US-2023-124716,3/27/2022,Brendan Dodson,Office Supplies,0,53.2608,2,110.96,West
US-2023-139416,3/27/2022,Alejandro Grove,Furniture,0.2,1.5008,2,15.008,East
US-2023-144491,3/27/2022,Caroline Jumper,Furniture,0.32,-30.098,5,1023.332,Central
US-2023-144491,3/27/2022,Caroline Jumper,Furniture,0.3,-66.3916,2,211.246,Central
US-2023-144491,3/27/2022,Caroline Jumper,Furniture,0.3,-8.5794,3,600.558,Central
US-2023-144491,3/27/2022,Caroline Jumper,Technology,0.2,6.9986,1,39.992,Central
US-2023-147886,3/28/2022,Dave Hallsten,Furniture,0,10.0624,1,26.48,West
US-2023-147886,3/28/2022,Dave Hallsten,Furniture,0,6.8992,7,21.56,West
US-2023-147886,3/28/2022,Dave Hallsten,Office Supplies,0,6.3504,2,12.96,West
US-2023-147886,3/28/2022,Dave Hallsten,Office Supplies,0,9.6192,3,20.04,West
US-2023-147886,3/28/2022,Dave Hallsten,Office Supplies,0,12.8256,4,26.72,West
US-2023-147886,3/28/2022,Dave Hallsten,Office Supplies,0,7.9548,7,795.48,West
US-2023-147886,3/28/2022,Dave Hallsten,Technology,0.2,53.272,2,532.72,West
US-2023-166611,3/28/2022,Cyma Kinney,Office Supplies,0.7,-48.1194,9,68.742,South
US-2023-126550,3/29/2022,Roger Demir,Office Supplies,0,21.164,5,81.4,Central
US-2023-113474,3/30/2022,Tony Molinari,Office Supplies,0,149.8956,2,325.86,Central
US-2023-120147,3/30/2022,Tom Boeckenhauer,Office Supplies,0,2.0672,2,6.08,West
US-2023-120147,3/30/2022,Tom Boeckenhauer,Technology,0.2,18.5391,1,164.792,West
US-2023-126634,3/30/2022,Alan Barnes,Furniture,0,39.564,5,94.2,West
US-2023-129910,3/30/2022,Maria Etezadi,Office Supplies,0,16.7328,1,59.76,South
US-2023-154851,3/30/2022,Becky Pak,Office Supplies,0.7,-4.7625,5,5.715,East
US-2023-100524,3/31/2022,Chad McGuire,Furniture,0,8.0406,2,29.78,East
US-2023-100524,3/31/2022,Chad McGuire,Office Supplies,0,36.0192,8,75.04,East
US-2023-100524,3/31/2022,Chad McGuire,Technology,0,176.1708,3,677.58,East
US-2023-102771,3/31/2022,Denny Ordway,Technology,0,22.087,5,84.95,East
US-2023-114524,3/31/2022,Emily Grady,Office Supplies,0.8,-22.8956,13,13.468,Central
US-2023-133263,3/31/2022,Jim Epp,Office Supplies,0,30.7776,4,64.12,South
US-2023-133263,3/31/2022,Jim Epp,Office Supplies,0,17.27,1,34.54,South
US-2023-133263,3/31/2022,Jim Epp,Technology,0,1439.976,5,2999.95,South
US-2023-144680,3/31/2022,Scott Cohen,Office Supplies,0.8,-90.774,5,33.62,Central
US-2023-154907,3/31/2022,David Smith,Furniture,0.32,-36.2352,2,205.3328,Central
US-2023-159205,3/31/2022,Daniel Byrd,Furniture,0,25.62,5,61,South
US-2023-159205,3/31/2022,Daniel Byrd,Technology,0,188.1404,7,671.93,South
US-2023-160143,3/31/2022,Henry Goldwyn,Office Supplies,0,8.019,3,29.7,West
US-2023-118360,4/1/2022,John Castell,Office Supplies,0,19.3185,9,42.93,East
US-2023-129028,4/1/2022,George Bell,Furniture,0,21.7515,3,127.95,South
US-2023-134495,4/1/2022,Barry Französisch,Furniture,0.2,-19.1058,3,218.352,South
US-2023-134495,4/1/2022,Barry Französisch,Office Supplies,0.2,1.8207,3,20.808,South
US-2023-134495,4/1/2022,Barry Französisch,Office Supplies,0.2,2.0358,3,6.264,South
US-2023-134495,4/1/2022,Barry Französisch,Technology,0.2,-5.6943,3,23.976,South
US-2023-145877,4/1/2022,Adam Shillingsburg,Office Supplies,0,13.348,5,28.4,Central
US-2023-145877,4/1/2022,Adam Shillingsburg,Office Supplies,0,23.55,6,94.2,Central
US-2023-147942,4/1/2022,Maribeth Schnelling,Office Supplies,0.2,38.025,13,121.68,West
US-2023-147942,4/1/2022,Maribeth Schnelling,Office Supplies,0,2.7166,2,5.78,West
US-2023-149881,4/1/2022,Nick Crebassa,Furniture,0.15,85.176,8,482.664,West
US-2023-149881,4/1/2022,Nick Crebassa,Technology,0.2,359.9988,2,4799.984,West
US-2023-106355,4/2/2022,Alyssa Tate,Office Supplies,0,2.8912,4,11.12,East
US-2023-121419,4/2/2022,Tony Chapman,Furniture,0,70.006,2,411.8,South
US-2023-121419,4/2/2022,Tony Chapman,Technology,0,129.6,4,360,South
US-2023-123281,4/2/2022,Jamie Frazer,Furniture,0,6.5286,3,25.11,West
US-2023-145275,4/2/2022,Amy Hunt,Office Supplies,0,6.8724,3,14.94,South
US-2023-127264,4/3/2022,Sue Ann Reed,Office Supplies,0.2,2.205,3,7.056,Central
US-2023-131156,4/3/2022,Katherine Hughes,Furniture,0.2,7.6416,4,25.472,East
US-2023-109211,4/4/2022,Penelope Sewall,Office Supplies,0,8.49,1,16.98,East
US-2023-140536,4/4/2022,Tom Ashbrook,Office Supplies,0,2.0416,4,7.04,East
US-2023-144848,4/4/2022,Darrin Sayre,Office Supplies,0,7.2111,1,240.37,East
US-2023-144848,4/4/2022,Darrin Sayre,Technology,0,33.3256,2,119.02,East
US-2023-144848,4/4/2022,Darrin Sayre,Technology,0,11.1294,1,41.22,East
US-2023-157903,4/4/2022,Anne McFarland,Technology,0.2,47.98,4,383.84,Central
US-2023-107265,4/6/2022,Max Ludwig,Office Supplies,0,49.9704,3,106.32,Central
US-2023-161592,4/6/2022,Charles Sheldon,Office Supplies,0.7,-5.94,5,8.1,South
US-2023-100930,4/7/2022,Christopher Schild,Furniture,0.2,0,3,258.072,South
US-2023-100930,4/7/2022,Christopher Schild,Furniture,0.45,-102.048,2,233.86,South
US-2023-100930,4/7/2022,Christopher Schild,Furniture,0.45,-248.2458,3,620.6145,South
US-2023-100930,4/7/2022,Christopher Schild,Office Supplies,0.7,-3.552,2,5.328,South
US-2023-100930,4/7/2022,Christopher Schild,Technology,0.2,-7.7247,3,617.976,South
US-2023-165904,4/7/2022,Hallie Redmond,Office Supplies,0.2,1.2192,2,16.256,South
US-2023-165904,4/7/2022,Hallie Redmond,Technology,0.2,19.1786,2,219.184,South
US-2023-112333,4/8/2022,Karen Ferguson,Office Supplies,0,10.4875,5,41.95,East
US-2023-112333,4/8/2022,Karen Ferguson,Office Supplies,0,621.9744,4,2591.56,East
US-2023-136721,4/8/2022,Nicole Hansen,Furniture,0,79.794,3,306.9,Central
US-2023-136721,4/8/2022,Nicole Hansen,Furniture,0,71.2296,2,273.96,Central
US-2023-150987,4/8/2022,Adrian Hane,Office Supplies,0,114.9385,5,244.55,West
US-2023-150987,4/8/2022,Adrian Hane,Office Supplies,0,97.88,4,195.76,West
US-2023-157854,4/8/2022,Denise Monton,Furniture,0,15.7584,6,56.28,South
US-2023-157854,4/8/2022,Denise Monton,Office Supplies,0,1264.7559,3,2690.97,South
US-2023-112900,4/9/2022,Ken Lonsdale,Office Supplies,0,219.9904,8,478.24,Central
US-2023-122154,4/9/2022,Sue Ann Reed,Office Supplies,0.7,-13.363,1,17.43,South
US-2023-122154,4/9/2022,Sue Ann Reed,Office Supplies,0.2,4.914,3,15.12,South
US-2023-122154,4/9/2022,Sue Ann Reed,Office Supplies,0.2,88.074,3,251.64,South
US-2023-135279,4/9/2022,Bryan Spruell,Office Supplies,0,9.7119,3,35.97,East
US-2023-135279,4/9/2022,Bryan Spruell,Office Supplies,0,4.2336,3,8.64,East
US-2023-135279,4/9/2022,Bryan Spruell,Office Supplies,0,4.8118,2,9.82,East
US-2023-135279,4/9/2022,Bryan Spruell,Office Supplies,0,91.968,4,191.6,East
US-2023-135279,4/9/2022,Bryan Spruell,Office Supplies,0,6.2208,2,12.96,East
US-2023-135279,4/9/2022,Bryan Spruell,Office Supplies,0,0,3,501.81,East
US-2023-169404,4/9/2022,Noah Childs,Office Supplies,0.7,-29.0536,4,37.896,East
US-2023-169404,4/9/2022,Noah Childs,Office Supplies,0.2,23.7742,2,65.584,East
US-2023-115070,4/10/2022,Mitch Gastineau,Furniture,0.2,1.848,5,12.32,South
US-2023-115070,4/10/2022,Mitch Gastineau,Office Supplies,0.7,-3.0933,3,4.419,South
US-2023-125115,4/10/2022,Russell D'Ascenzo,Office Supplies,0.2,3.6288,2,10.368,Central
US-2023-125115,4/10/2022,Russell D'Ascenzo,Technology,0.2,20.3439,3,95.736,Central
US-2023-135069,4/10/2022,Bruce Stewart,Furniture,0.2,6.4176,3,36.672,East
US-2023-135069,4/10/2022,Bruce Stewart,Office Supplies,0.2,21.9492,4,195.104,East
US-2023-150623,4/10/2022,Dennis Bolton,Office Supplies,0,71.5375,5,286.15,East
US-2023-150623,4/10/2022,Dennis Bolton,Technology,0,41.9958,1,99.99,East
US-2023-161984,4/10/2022,Sanjit Jacobs,Office Supplies,0,3.58,2,7.16,East
US-2023-161984,4/10/2022,Sanjit Jacobs,Office Supplies,0,3.5767,1,7.61,East
US-2023-100482,4/11/2022,Jack Lebron,Office Supplies,0.2,1.4672,2,16.768,East
US-2023-100482,4/11/2022,Jack Lebron,Technology,0.2,-4.746,2,27.12,East
US-2023-130904,4/11/2022,Henry MacAllister,Office Supplies,0.2,2.3616,8,20.992,South
US-2023-130904,4/11/2022,Henry MacAllister,Office Supplies,0.2,0.1533,1,1.752,South
US-2023-143028,4/11/2022,Sample Company A,Office Supplies,0.8,-17.046,3,11.364,Central
US-2023-166128,4/11/2022,Luke Weiss,Office Supplies,0,14.2324,7,41.86,West
US-2023-166128,4/11/2022,Luke Weiss,Technology,0,21.9945,5,199.95,West
US-2023-122735,4/12/2022,Bill Donatelli,Office Supplies,0,13.365,5,29.7,East
US-2023-122735,4/12/2022,Bill Donatelli,Office Supplies,0,17.982,4,39.96,East
US-2023-135076,4/13/2022,Yana Sorensen,Furniture,0.2,-38.2116,6,436.704,West
US-2023-141663,4/13/2022,Dave Poirier,Office Supplies,0.2,1.683,5,7.92,East
US-2023-155460,4/13/2022,Rob Williams,Office Supplies,0.2,302.373,5,895.92,West
US-2023-155460,4/13/2022,Rob Williams,Office Supplies,0,2.376,1,5.28,West
US-2023-126060,4/14/2022,Dorothy Wardle,Furniture,0.2,-32.2192,8,198.272,South
US-2023-127117,4/14/2022,Harry Marie,Furniture,0,20.1015,5,74.45,East
US-2023-131233,4/14/2022,Christine Sundaresam,Furniture,0.2,9.0882,3,242.352,East
US-2023-131233,4/14/2022,Christine Sundaresam,Office Supplies,0.2,3.5022,3,10.776,East
US-2023-144932,4/14/2022,Alan Barnes,Office Supplies,0.2,21.3408,3,89.856,East
US-2023-144932,4/14/2022,Alan Barnes,Office Supplies,0.2,2.5536,3,14.592,East
US-2023-144932,4/14/2022,Alan Barnes,Office Supplies,0.2,5.0286,3,13.872,East
US-2023-159604,4/14/2022,Craig Leslie,Office Supplies,0,4.2048,2,8.76,Central
US-2023-114412,4/15/2022,Andrew Allen,Office Supplies,0.2,5.4432,3,15.552,South
US-2023-118857,4/15/2022,Adam Hart,Furniture,0,70.722,5,196.45,West
US-2023-126774,4/15/2022,Shahid Hopkins,Office Supplies,0,2.0049,1,4.89,South
US-2023-134635,4/15/2022,Noel Staavos,Office Supplies,0,36.4044,3,79.14,West
US-2023-141698,4/15/2022,Shirley Daniels,Office Supplies,0.2,7.2576,4,20.736,Central
US-2023-161851,4/15/2022,Bart Pistole,Office Supplies,0.7,-11.937,3,15.57,South
US-2023-108070,4/16/2022,Joel Eaton,Furniture,0.15,-6.049,1,102.833,West
US-2023-108070,4/16/2022,Joel Eaton,Office Supplies,0,2.0592,4,205.92,West
US-2023-109946,4/16/2022,Paul Lucas,Office Supplies,0.2,2.065,5,16.52,Central
US-2023-122707,4/16/2022,Edward Becker,Office Supplies,0,9.5448,4,477.24,South
US-2023-122707,4/16/2022,Edward Becker,Technology,0,1.5588,2,25.98,South
US-2023-136497,4/16/2022,Roy Französisch,Office Supplies,0.7,-10.054,5,13.71,East
US-2023-138086,4/16/2022,Jesus Ocampo,Office Supplies,0,12.222,3,40.74,West
US-2023-156356,4/16/2022,Natalie DeCherney,Office Supplies,0.8,-44.2782,3,26.046,Central
US-2023-156356,4/16/2022,Natalie DeCherney,Office Supplies,0.8,-4.7784,1,2.896,Central
US-2023-156356,4/16/2022,Natalie DeCherney,Office Supplies,0.2,-7.7292,2,32.544,Central
US-2023-119389,4/17/2022,Bruce Geld,Furniture,0.2,5.2773,3,60.312,East
US-2023-128965,4/17/2022,Pamela Stobb,Furniture,0.2,-19.1058,3,218.352,West
US-2023-128965,4/17/2022,Pamela Stobb,Office Supplies,0,3.597,5,10.9,West
US-2023-128965,4/17/2022,Pamela Stobb,Office Supplies,0,3.4686,2,7.38,West
US-2023-128965,4/17/2022,Pamela Stobb,Office Supplies,0,11.2896,8,23.04,West
US-2023-128965,4/17/2022,Pamela Stobb,Office Supplies,0,13.5072,3,28.14,West
US-2023-128965,4/17/2022,Pamela Stobb,Technology,0,46.7313,11,274.89,West
US-2023-129203,4/17/2022,Brendan Murry,Office Supplies,0.2,-43.9056,4,195.136,Central
US-2023-134845,4/17/2022,Sharelle Roach,Office Supplies,0.7,-9.223,5,12.03,West
US-2023-134845,4/17/2022,Sharelle Roach,Office Supplies,0.7,-15.8356,2,21.594,West
US-2023-134845,4/17/2022,Sharelle Roach,Office Supplies,0.7,-6.5736,6,8.964,West
US-2023-134845,4/17/2022,Sharelle Roach,Office Supplies,0.2,7.2576,4,20.736,West
US-2023-134845,4/17/2022,Sharelle Roach,Technology,0.7,-3399.98,5,2549.985,West
US-2023-100615,4/20/2022,Sarah Jordon,Furniture,0.3,-18.1176,3,317.058,Central
US-2023-100615,4/20/2022,Sarah Jordon,Furniture,0.6,-6.188,5,14.56,Central
US-2023-100615,4/20/2022,Sarah Jordon,Office Supplies,0.2,3.546,2,15.76,Central
US-2023-119655,4/20/2022,Christina VanderZanden,Office Supplies,0,18.28,4,36.56,Central
US-2023-119655,4/20/2022,Christina VanderZanden,Office Supplies,0,70.4928,7,146.86,Central
US-2023-151484,4/20/2022,Cynthia Voltz,Furniture,0.2,10.3936,2,51.968,East
US-2023-151484,4/20/2022,Cynthia Voltz,Furniture,0.2,9.5418,3,42.408,East
US-2023-151484,4/20/2022,Cynthia Voltz,Office Supplies,0.2,33.2704,1,332.704,East
US-2023-151484,4/20/2022,Cynthia Voltz,Office Supplies,0.2,5.7753,3,51.336,East
US-2023-166324,4/20/2022,Brad Eason,Office Supplies,0.7,-6.38,5,8.7,East
US-2023-166324,4/20/2022,Brad Eason,Office Supplies,0.2,-21.2136,4,848.544,East
US-2023-166324,4/20/2022,Brad Eason,Technology,0.4,-24.4764,3,122.382,East
US-2023-166849,4/20/2022,Sanjit Jacobs,Furniture,0.6,-52.17,2,44.4,Central
US-2023-128853,4/21/2022,Janet Martin,Furniture,0,227.205,9,908.82,East
US-2023-140802,4/21/2022,Katherine Nockton,Office Supplies,0.2,7.2576,4,20.736,Central
US-2023-140802,4/21/2022,Katherine Nockton,Technology,0.2,8.3958,3,47.976,Central
US-2023-145863,4/21/2022,Resi Pölking,Office Supplies,0.8,-4.9878,3,2.934,Central
US-2023-145863,4/21/2022,Resi Pölking,Office Supplies,0.8,-4.7145,3,2.694,Central
US-2023-152366,4/21/2022,Shirley Jackson,Office Supplies,0.8,-243.16,4,97.264,Central
US-2023-166198,4/21/2022,Joni Wasserman,Furniture,0,34.146,3,162.6,West
US-2023-166198,4/21/2022,Joni Wasserman,Technology,0,3.462,1,11.54,West
US-2023-135783,4/22/2022,Gary McGarr,Furniture,0,6.2152,2,18.28,West
US-2023-146192,4/22/2022,Bruce Degenhardt,Office Supplies,0,87.7578,3,675.06,South
US-2023-169054,4/22/2022,Meg O'Connel,Furniture,0.2,0,3,254.352,East
US-2023-101700,4/23/2022,Sean O'Donnell,Furniture,0.2,3.3534,3,11.664,West
US-2023-101700,4/23/2022,Sean O'Donnell,Office Supplies,0.2,7.008,2,18.688,West
US-2023-104010,4/23/2022,Tamara Dahlen,Office Supplies,0,15.372,5,54.9,East
US-2023-108553,4/23/2022,Sally Knutson,Office Supplies,0,35.3626,2,121.94,East
US-2023-108553,4/23/2022,Sally Knutson,Office Supplies,0,36.813,7,122.71,East
US-2023-132031,4/23/2022,Parhena Norris,Furniture,0.2,-14.5176,4,387.136,South
US-2023-132031,4/23/2022,Parhena Norris,Furniture,0.2,-11.6928,3,77.952,South
US-2023-132031,4/23/2022,Parhena Norris,Office Supplies,0.2,1.05,1,3,South
US-2023-132031,4/23/2022,Parhena Norris,Technology,0.2,11.9196,2,45.408,South
US-2023-136651,4/23/2022,Jay Fein,Furniture,0,26.544,7,66.36,West
US-2023-136651,4/23/2022,Jay Fein,Furniture,0,7.9662,2,24.14,West
US-2023-136651,4/23/2022,Jay Fein,Office Supplies,0.2,30.186,6,92.88,West
US-2023-146360,4/23/2022,Sean Christensen,Technology,0,55.9224,6,155.34,Central
US-2023-157112,4/23/2022,Greg Guthrie,Office Supplies,0.7,-7.84,5,11.76,East
US-2023-157112,4/23/2022,Greg Guthrie,Office Supplies,0.2,1.8704,1,5.344,East
US-2023-116953,4/24/2022,Susan Vittorini,Technology,0.2,34.5,10,552,West
US-2023-125269,4/24/2022,Art Ferguson,Office Supplies,0.8,-18.2525,5,10.43,Central
US-2023-125269,4/24/2022,Art Ferguson,Office Supplies,0.2,-18.196,1,72.784,Central
US-2023-128832,4/24/2022,Linda Southworth,Technology,0,4.8986,2,69.98,East
US-2023-149489,4/24/2022,Damala Kotsonis,Office Supplies,0.2,12.41,2,99.28,East
US-2023-149489,4/24/2022,Damala Kotsonis,Office Supplies,0.7,-5.7638,2,7.518,East
US-2023-149489,4/24/2022,Damala Kotsonis,Office Supplies,0.7,-0.99,2,1.188,East
US-2023-166933,4/24/2022,Michael Granlund,Office Supplies,0,0.6516,1,1.81,West
US-2023-168102,4/24/2022,Christine Phan,Office Supplies,0.2,-21.294,2,113.568,South
US-2023-120222,4/25/2022,Lauren Leatherbury,Office Supplies,0.2,27.504,3,73.344,West
US-2023-120222,4/25/2022,Lauren Leatherbury,Office Supplies,0,8.763,3,19.05,West
US-2023-125381,4/25/2022,Speros Goranitis,Technology,0,22.6737,3,107.97,West
US-2023-129707,4/25/2022,Larry Hughes,Office Supplies,0.2,0.6672,4,8.896,West
US-2023-132213,4/25/2022,Parhena Norris,Office Supplies,0.2,6.792,5,67.92,South
US-2023-132213,4/25/2022,Parhena Norris,Office Supplies,0.2,5.256,9,42.048,South
US-2023-151071,4/25/2022,Mick Brown,Office Supplies,0.2,4.5188,2,13.904,West
US-2023-159226,4/25/2022,Rob Lucas,Furniture,0.15,28.4102,7,344.981,West
US-2023-143665,4/26/2022,Philisse Overcash,Office Supplies,0,19.2472,8,39.28,West
US-2023-143665,4/26/2022,Philisse Overcash,Office Supplies,0,9.3564,3,20.34,West
US-2023-160045,4/26/2022,Larry Blacks,Furniture,0.6,-1.4413,1,1.988,Central
US-2023-135692,4/27/2022,Cynthia Voltz,Furniture,0.32,-42.1096,4,220.2656,Central
US-2023-135692,4/27/2022,Cynthia Voltz,Office Supplies,0.2,11.592,4,33.12,Central
US-2023-151281,4/27/2022,Henry MacAllister,Furniture,0,39.0824,7,139.58,West
US-2023-168228,4/27/2022,Arthur Prichep,Office Supplies,0,5.6994,3,12.39,West
US-2023-168228,4/27/2022,Arthur Prichep,Office Supplies,0,12.298,2,47.3,West
US-2023-168228,4/27/2022,Arthur Prichep,Office Supplies,0,33.4584,4,123.92,West
US-2023-120894,4/28/2022,Jack Lebron,Office Supplies,0.2,5.265,3,28.08,South
US-2023-137631,4/28/2022,Janet Lee,Technology,0.2,84.5982,2,751.984,South
US-2023-160962,4/28/2022,Matt Connell,Office Supplies,0.2,0.7704,2,6.848,East
US-2023-160962,4/28/2022,Matt Connell,Office Supplies,0.2,0.7336,1,8.384,East
US-2023-126718,4/29/2022,Kean Thornton,Office Supplies,0,2.4059,1,4.91,East
US-2023-164056,4/29/2022,Filia McAdams,Furniture,0.4,-69.89,5,1048.35,East
US-2023-107636,4/30/2022,Neoma Murray,Office Supplies,0,2.8224,2,5.76,East
US-2023-108315,4/30/2022,Mick Hernandez,Furniture,0.2,-8.2764,6,220.704,South
US-2023-108315,4/30/2022,Mick Hernandez,Office Supplies,0.7,-3.5508,3,4.842,South
US-2023-108322,4/30/2022,Saphhira Shifley,Furniture,0.2,6.216,8,23.68,South
US-2023-108322,4/30/2022,Saphhira Shifley,Technology,0.2,0.7425,3,2.376,South
US-2023-124597,4/30/2022,Ann Steele,Office Supplies,0.2,4.8525,3,15.528,South
US-2023-124597,4/30/2022,Ann Steele,Office Supplies,0.2,3.8844,3,11.952,South
US-2023-124597,4/30/2022,Ann Steele,Office Supplies,0.2,1.6704,2,4.608,South
US-2023-136784,4/30/2022,Alan Dominguez,Office Supplies,0,80.3404,4,163.96,West
US-2023-137876,4/30/2022,Don Jones,Furniture,0,21.4368,2,64.96,West
US-2023-137876,4/30/2022,Don Jones,Office Supplies,0,14.9744,4,30.56,West
US-2023-144526,4/30/2022,Quincy Jones,Office Supplies,0.7,-9.264,3,13.896,East
US-2023-144526,4/30/2022,Quincy Jones,Technology,0.4,-158.102,5,677.58,East
US-2023-144582,4/30/2022,Tony Chapman,Office Supplies,0.8,-69.3952,7,43.372,Central
US-2023-150609,4/30/2022,Nick Zandusky,Office Supplies,0.2,7.553,5,23.24,West
US-2023-150847,4/30/2022,Jeremy Farry,Office Supplies,0.2,3.6288,2,10.368,East
US-2023-151911,4/30/2022,Dionis Lloyd,Office Supplies,0,28.332,4,62.96,East
US-2023-154501,4/30/2022,Erin Ashbrook,Office Supplies,0,4.0098,2,9.78,West
US-2023-102204,5/1/2022,Caroline Jumper,Furniture,0.2,0,5,2803.92,South
US-2023-102204,5/1/2022,Caroline Jumper,Furniture,0.45,-458.1468,4,933.262,South
US-2023-102204,5/1/2022,Caroline Jumper,Office Supplies,0.2,0.416,2,3.328,South
US-2023-110198,5/1/2022,Arthur Gainer,Furniture,0.2,-15.7176,3,314.352,South
US-2023-110198,5/1/2022,Arthur Gainer,Office Supplies,0.2,1.4976,2,4.608,South
US-2023-110212,5/1/2022,Sanjit Jacobs,Technology,0,18.093,5,48.9,South
US-2023-123134,5/2/2022,Dorothy Wardle,Furniture,0,12.993,3,129.93,East
US-2023-128398,5/2/2022,Elizabeth Moffitt,Technology,0,59.0372,4,159.56,West
US-2023-147844,5/2/2022,Dorothy Dickinson,Office Supplies,0,15.4752,3,59.52,West
US-2023-147844,5/2/2022,Dorothy Dickinson,Office Supplies,0,15.824,5,34.4,West
US-2023-147844,5/2/2022,Dorothy Dickinson,Office Supplies,0,7.065,5,15.7,West
US-2023-132178,5/3/2022,Darren Budd,Office Supplies,0,45.8064,8,763.44,West
US-2023-132178,5/3/2022,Darren Budd,Office Supplies,0,19.4656,2,69.52,West
US-2023-132199,5/3/2022,Bill Overfelt,Furniture,0.2,7.3008,2,32.448,East
US-2023-132199,5/3/2022,Bill Overfelt,Furniture,0.4,-112.041,5,373.47,East
US-2023-132199,5/3/2022,Bill Overfelt,Office Supplies,0.7,-44.94,5,64.2,East
US-2023-132199,5/3/2022,Bill Overfelt,Office Supplies,0.7,-17.592,4,26.388,East
US-2023-132199,5/3/2022,Bill Overfelt,Office Supplies,0.2,2.8,2,8,East
US-2023-163209,5/3/2022,Mike Kennedy,Office Supplies,0,6.6584,7,22.96,West
US-2023-163209,5/3/2022,Mike Kennedy,Office Supplies,0,12.4416,4,25.92,West
US-2023-119914,5/4/2022,Chris Cortes,Office Supplies,0,72.948,2,243.16,West
US-2023-128755,5/4/2022,Mike Kennedy,Office Supplies,0,4.0995,1,9.11,South
US-2023-128755,5/4/2022,Mike Kennedy,Office Supplies,0,15.552,5,32.4,South
US-2023-128755,5/4/2022,Mike Kennedy,Office Supplies,0,4.5657,1,16.91,South
US-2023-128755,5/4/2022,Mike Kennedy,Office Supplies,0,165.7176,4,571.44,South
US-2023-133067,5/4/2022,Muhammed Yedwab,Office Supplies,0.7,-1.5414,2,2.202,East
US-2023-133067,5/4/2022,Muhammed Yedwab,Office Supplies,0.7,-7.5168,3,9.396,East
US-2023-162978,5/4/2022,Lindsay Williams,Furniture,0.2,11.2839,1,300.904,West
US-2023-162978,5/4/2022,Lindsay Williams,Office Supplies,0,8.4528,3,17.61,West
US-2023-162978,5/4/2022,Lindsay Williams,Technology,0.2,20.6955,5,183.96,West
US-2023-168900,5/4/2022,Shahid Hopkins,Office Supplies,0.7,-1.9275,1,2.313,East
US-2023-105991,5/5/2022,Lisa Hazard,Furniture,0.7,-152.9847,3,89.991,West
US-2023-105991,5/5/2022,Lisa Hazard,Office Supplies,0.7,-7.3232,8,9.552,West
US-2023-105991,5/5/2022,Lisa Hazard,Office Supplies,0.2,7.434,9,21.24,West
US-2023-107552,5/5/2022,Arianne Irving,Office Supplies,0,3.2064,1,6.68,East
US-2023-141943,5/5/2022,Darren Koutras,Office Supplies,0,11.58,2,23.16,West
US-2023-160724,5/5/2022,Yana Sorensen,Office Supplies,0,15.525,3,34.5,South
US-2023-133200,5/6/2022,Dorothy Badders,Furniture,0.32,-119.1918,7,623.4648,Central
US-2023-133200,5/6/2022,Dorothy Badders,Office Supplies,0.8,-18.802,10,11.06,Central
US-2023-133200,5/6/2022,Dorothy Badders,Office Supplies,0.2,-57.951,5,772.68,Central
US-2023-133487,5/6/2022,Trudy Schmidt,Office Supplies,0,41.2938,3,152.94,West
US-2023-140242,5/6/2022,Max Ludwig,Office Supplies,0.2,0.6408,3,6.408,Central
US-2023-140242,5/6/2022,Max Ludwig,Technology,0.2,76.6395,7,408.744,Central
US-2023-144498,5/6/2022,Mick Brown,Office Supplies,0.7,-52.5481,11,68.541,South
US-2023-144498,5/6/2022,Mick Brown,Office Supplies,0.2,39.689,5,122.12,South
US-2023-144498,5/6/2022,Mick Brown,Technology,0.2,70.5564,4,627.168,South
US-2023-145779,5/6/2022,Doug Bickford,Office Supplies,0.2,27.4352,4,84.416,West
US-2023-156769,5/6/2022,Gary Zandusky,Office Supplies,0,18.0378,6,54.66,South
US-2023-162124,5/6/2022,Jeremy Farry,Technology,0.2,28.7952,4,191.968,Central
US-2023-167668,5/6/2022,Toby Carlisle,Office Supplies,0,29.6,4,59.2,East
US-2023-102820,5/7/2022,Carlos Soltero,Technology,0.2,52.493,7,419.944,West
US-2023-141733,5/7/2022,Rick Wilson,Furniture,0,119.2,2,476.8,Central
US-2023-141733,5/7/2022,Rick Wilson,Furniture,0,7.4592,1,26.64,Central
US-2023-141733,5/7/2022,Rick Wilson,Furniture,0,423.0085,5,1458.65,Central
US-2023-141733,5/7/2022,Rick Wilson,Office Supplies,0.1,18.4604,2,87.444,Central
US-2023-159688,5/7/2022,Adam Bellavance,Technology,0,28.7964,1,79.99,West
US-2023-104451,5/8/2022,Michelle Moray,Office Supplies,0,22.7024,4,81.08,West
US-2023-107797,5/8/2022,Ed Braxton,Office Supplies,0.2,14.5152,8,41.472,Central
US-2023-133865,5/8/2022,Penelope Sewall,Technology,0.2,1049.985,6,3359.952,West
US-2023-149181,5/8/2022,Maribeth Dona,Furniture,0.3,-2.0568,2,47.992,East
US-2023-156895,5/8/2022,Don Jones,Furniture,0.3,-23.7822,3,128.058,East
US-2023-118199,5/9/2022,Laurel Beltran,Furniture,0,63.107,1,286.85,West
US-2023-118199,5/9/2022,Laurel Beltran,Office Supplies,0.2,46.225,5,147.92,West
US-2023-118199,5/9/2022,Laurel Beltran,Office Supplies,0,26.07,3,104.28,West
US-2023-118199,5/9/2022,Laurel Beltran,Office Supplies,0,2.6784,4,66.96,West
US-2023-118199,5/9/2022,Laurel Beltran,Technology,0,87.9912,2,199.98,West
US-2023-134810,5/9/2022,Matt Connell,Furniture,0.2,25.875,3,207,South
US-2023-134810,5/9/2022,Matt Connell,Office Supplies,0.2,22.0158,3,65.232,South
US-2023-115322,5/11/2022,Zuschuss Carroll,Office Supplies,0,12.7368,3,43.92,East
US-2023-133823,5/11/2022,Liz Pelletier,Office Supplies,0.2,9.4366,2,26.032,West
US-2023-133823,5/11/2022,Liz Pelletier,Office Supplies,0,17.6673,3,37.59,West
US-2023-133823,5/11/2022,Liz Pelletier,Office Supplies,0,16.848,6,37.44,West
US-2023-139647,5/11/2022,Todd Sumrall,Furniture,0.7,-356.9643,7,209.979,West
US-2023-140298,5/11/2022,Julie Kriz,Furniture,0.6,-6.9965,1,7.996,Central
US-2023-140298,5/11/2022,Julie Kriz,Office Supplies,0.2,0.5904,2,5.248,Central
US-2023-140298,5/11/2022,Julie Kriz,Office Supplies,0.2,2.14,2,6.848,Central
US-2023-140298,5/11/2022,Julie Kriz,Office Supplies,0.2,-14.8832,2,74.416,Central
US-2023-104577,5/12/2022,Chloris Kastensmidt,Office Supplies,0,42.048,5,87.6,East
US-2023-106796,5/12/2022,Julie Prescott,Office Supplies,0.2,1.1556,3,10.272,East
US-2023-117632,5/12/2022,Charles Sheldon,Furniture,0.2,-10.7055,5,285.48,West
US-2023-117632,5/12/2022,Charles Sheldon,Office Supplies,0,2.0979,1,7.77,West
US-2023-117632,5/12/2022,Charles Sheldon,Office Supplies,0.2,6.4692,4,19.168,West
US-2023-117632,5/12/2022,Charles Sheldon,Office Supplies,0,4.7724,2,238.62,West
US-2023-122175,5/12/2022,Cynthia Arntzen,Furniture,0,15.426,5,42.85,East
US-2023-122175,5/12/2022,Cynthia Arntzen,Office Supplies,0,2.9568,2,6.16,East
US-2023-122175,5/12/2022,Cynthia Arntzen,Office Supplies,0,4.42,2,17,East
US-2023-122175,5/12/2022,Cynthia Arntzen,Technology,0,34.96,5,87.4,East
US-2023-152226,5/12/2022,Jonathan Howell,Office Supplies,0.2,1.9926,2,5.904,East
US-2023-158218,5/12/2022,Alyssa Crouse,Office Supplies,0.8,-53.072,4,34.24,Central
US-2023-158218,5/12/2022,Alyssa Crouse,Office Supplies,0.2,-15.99,5,127.92,Central
US-2023-100748,5/13/2022,Ross Baird,Office Supplies,0,27.4856,8,58.48,West
US-2023-104318,5/13/2022,Frank Hawley,Office Supplies,0.2,2.3364,2,20.768,South
US-2023-137785,5/13/2022,Mick Hernandez,Furniture,0.3,-124.431,5,458.43,East
US-2023-149048,5/13/2022,Brian Moss,Office Supplies,0,411.7365,3,914.97,Central
US-2023-149048,5/13/2022,Brian Moss,Office Supplies,0,81.432,2,180.96,Central
US-2023-149048,5/13/2022,Brian Moss,Office Supplies,0,7.3206,3,14.94,Central
US-2023-149048,5/13/2022,Brian Moss,Office Supplies,0,95.4612,2,530.34,Central
US-2023-149048,5/13/2022,Brian Moss,Technology,0,158.7519,3,587.97,Central
US-2023-161655,5/13/2022,Carl Weiss,Office Supplies,0,149.76,9,299.52,East
US-2023-115546,5/14/2022,Amy Hunt,Office Supplies,0,5.8708,2,22.58,East
US-2023-115546,5/14/2022,Amy Hunt,Technology,0,134.9925,3,539.97,East
US-2023-129357,5/14/2022,Ken Black,Office Supplies,0,206.8893,9,440.19,West
US-2023-129357,5/14/2022,Ken Black,Office Supplies,0,1.932,5,64.4,West
US-2023-133361,5/14/2022,Anthony Jacobs,Furniture,0,23.5764,2,261.96,East
US-2023-133361,5/14/2022,Anthony Jacobs,Office Supplies,0,1.0904,2,3.76,East
US-2023-133361,5/14/2022,Anthony Jacobs,Office Supplies,0,6.615,5,14.7,East
US-2023-133361,5/14/2022,Anthony Jacobs,Office Supplies,0,9.3,5,37.2,East
US-2023-133361,5/14/2022,Anthony Jacobs,Office Supplies,0,37,5,74,East
US-2023-133361,5/14/2022,Anthony Jacobs,Technology,0,18.8937,3,89.97,East
US-2023-133641,5/14/2022,Eva Jacobs,Office Supplies,0,23.8581,9,48.69,South
US-2023-143686,5/14/2022,Pauline Johnson,Furniture,0,6.2152,2,18.28,West
US-2023-143686,5/14/2022,Pauline Johnson,Technology,0,601.9699,7,1399.93,West
US-2023-154872,5/14/2022,Darren Powers,Office Supplies,0.7,-46.536,5,58.17,East
US-2023-154872,5/14/2022,Darren Powers,Office Supplies,0.2,1.764,2,5.04,East
US-2023-154872,5/14/2022,Darren Powers,Office Supplies,0.2,7.745,1,24.784,East
US-2023-161774,5/14/2022,Greg Tran,Furniture,0.3,-12.849,5,899.43,Central
US-2023-161774,5/14/2022,Greg Tran,Office Supplies,0.2,5.775,5,46.2,Central
US-2023-161774,5/14/2022,Greg Tran,Office Supplies,0.2,16.1838,3,47.952,Central
US-2023-161774,5/14/2022,Greg Tran,Office Supplies,0.2,26.9024,2,76.864,Central
US-2023-161774,5/14/2022,Greg Tran,Technology,0.2,0.6993,1,7.992,Central
US-2023-102414,5/15/2022,Joseph Airdo,Office Supplies,0.7,-3.168,2,4.752,West
US-2023-102414,5/15/2022,Joseph Airdo,Office Supplies,0.2,5.6376,3,15.552,West
US-2023-102414,5/15/2022,Joseph Airdo,Technology,0.2,2.5893,1,29.592,West
US-2023-110604,5/15/2022,Jason Fortune-,Furniture,0.2,4.2624,2,42.624,West
US-2023-110604,5/15/2022,Jason Fortune-,Furniture,0.2,24.858,1,220.96,West
US-2023-110604,5/15/2022,Jason Fortune-,Furniture,0,17.1828,2,39.96,West
US-2023-152569,5/15/2022,Joy Daniels,Office Supplies,0.2,19.1376,2,56.704,Central
US-2023-152569,5/15/2022,Joy Daniels,Technology,0.2,3.475,2,11.12,Central
US-2023-166576,5/16/2022,John Murray,Office Supplies,0.2,-55.256,2,221.024,East
US-2023-112536,5/18/2022,Susan Gilcrest,Office Supplies,0.8,-3.2934,1,1.996,Central
US-2023-112536,5/18/2022,Susan Gilcrest,Office Supplies,0.8,-10.6547,7,6.874,Central
US-2023-112536,5/18/2022,Susan Gilcrest,Office Supplies,0.2,0.6696,2,8.928,Central
US-2023-112865,5/18/2022,Brosina Hoffman,Technology,0.2,-0.9012,3,36.048,East
US-2023-117401,5/18/2022,Paul Prost,Office Supplies,0,197.9208,7,706.86,Central
US-2023-117401,5/18/2022,Paul Prost,Office Supplies,0,20.7312,7,43.19,Central
US-2023-117401,5/18/2022,Paul Prost,Technology,0,2.299,5,114.95,Central
US-2023-117863,5/18/2022,Toby Swindell,Furniture,0,6.2608,2,14.56,East
US-2023-117863,5/18/2022,Toby Swindell,Office Supplies,0.2,1.0287,1,3.048,East
US-2023-121643,5/18/2022,Adrian Barton,Technology,0.2,38.7792,2,344.704,West
US-2023-155642,5/18/2022,Brendan Murry,Furniture,0.6,-0.9933,1,1.892,Central
US-2023-155642,5/18/2022,Brendan Murry,Furniture,0.6,-10.1736,3,22.608,Central
US-2023-159464,5/18/2022,Todd Boyes,Furniture,0,75.735,3,302.94,South
US-2023-159464,5/18/2022,Todd Boyes,Office Supplies,0,4.4824,2,17.24,South
US-2023-159464,5/18/2022,Todd Boyes,Office Supplies,0,54.6912,6,113.94,South
US-2023-159464,5/18/2022,Todd Boyes,Technology,0,15.6375,5,34.75,South
US-2023-159464,5/18/2022,Todd Boyes,Technology,0,15.6744,2,55.98,South
US-2023-100048,5/19/2022,Roland Schwarz,Office Supplies,0,109.7226,6,281.34,East
US-2023-100048,5/19/2022,Roland Schwarz,Technology,0,113.9886,3,299.97,East
US-2023-100048,5/19/2022,Roland Schwarz,Technology,0,89.3142,2,307.98,East
US-2023-108700,5/19/2022,Patrick Jones,Office Supplies,0.2,13.7808,6,38.016,Central
US-2023-113530,5/19/2022,Becky Castell,Furniture,0.2,42.588,12,681.408,West
US-2023-113530,5/19/2022,Becky Castell,Office Supplies,0,1.395,1,5.58,West
US-2023-113530,5/19/2022,Becky Castell,Office Supplies,0,1.0208,2,3.52,West
US-2023-113530,5/19/2022,Becky Castell,Technology,0,10.896,1,36.32,West
US-2023-120607,5/19/2022,John Castell,Office Supplies,0,91.9508,4,195.64,South
US-2023-122077,5/19/2022,Jason Fortune-,Office Supplies,0.2,4.2952,4,13.216,Central
US-2023-122077,5/19/2022,Jason Fortune-,Technology,0.2,9.5992,1,95.992,Central
US-2023-127803,5/19/2022,Neil Ducich,Office Supplies,0,12.8184,4,26.16,South
US-2023-138975,5/19/2022,Shahid Collister,Furniture,0,374.6286,9,1628.82,South
US-2023-138975,5/19/2022,Shahid Collister,Office Supplies,0,140.5957,7,286.93,South
US-2023-138975,5/19/2022,Shahid Collister,Technology,0,4.068,4,67.8,South
US-2023-138975,5/19/2022,Shahid Collister,Technology,0,98.2722,3,377.97,South
US-2023-145702,5/19/2022,Adam Hart,Furniture,0.2,-35.3646,3,314.352,South
US-2023-145702,5/19/2022,Adam Hart,Office Supplies,0.2,10.1094,7,27.888,South
US-2023-147998,5/19/2022,Sue Ann Reed,Office Supplies,0.2,49.92,5,133.12,West
US-2023-153787,5/19/2022,Annie Thurman,Office Supplies,0,28.1764,2,97.16,West
US-2023-111332,5/20/2022,Nat Carroll,Office Supplies,0,7.095,10,21.5,Central
US-2023-111332,5/20/2022,Nat Carroll,Office Supplies,0,8.2944,4,25.92,Central
US-2023-111332,5/20/2022,Nat Carroll,Office Supplies,0,35.6238,3,131.94,Central
US-2023-111332,5/20/2022,Nat Carroll,Office Supplies,0,3.4827,3,7.41,Central
US-2023-111332,5/20/2022,Nat Carroll,Office Supplies,0,162.0948,4,704.76,Central
US-2023-149468,5/20/2022,Allen Rosenblatt,Office Supplies,0,19.8144,2,41.28,Central
US-2023-166688,5/20/2022,Rick Duston,Office Supplies,0,18.821,5,64.9,West
US-2023-166688,5/20/2022,Rick Duston,Office Supplies,0.2,3.0044,2,8.288,West
US-2023-166688,5/20/2022,Rick Duston,Technology,0.2,70.1955,9,1123.128,West
US-2023-166695,5/20/2022,Chuck Clark,Furniture,0.2,-97.176,8,518.272,West
US-2023-166695,5/20/2022,Chuck Clark,Furniture,0,3.3504,1,6.98,West
US-2023-166695,5/20/2022,Chuck Clark,Technology,0.2,38.61,1,343.2,West
US-2023-167899,5/21/2022,John Grady,Furniture,0,72.807,5,520.05,East
US-2023-167899,5/21/2022,John Grady,Office Supplies,0,5.2113,3,17.97,East
US-2023-130106,5/22/2022,Vicky Freymann,Office Supplies,0,2.8536,3,9.84,West
US-2023-130106,5/22/2022,Vicky Freymann,Office Supplies,0,0.7228,1,2.78,West
US-2023-150595,5/22/2022,Laurel Elliston,Furniture,0.3,-54.5958,2,181.986,Central
US-2023-150595,5/22/2022,Laurel Elliston,Office Supplies,0.8,-2.6268,2,1.592,Central
US-2023-150595,5/22/2022,Laurel Elliston,Office Supplies,0.2,2.5137,3,22.344,Central
US-2023-151127,5/22/2022,Rob Lucas,Office Supplies,0,18.8328,7,49.56,West
US-2023-153080,5/22/2022,Eric Hoffmann,Technology,0,25.3302,7,68.46,West
US-2023-164042,5/23/2022,Ken Lonsdale,Office Supplies,0.8,-46.716,5,18.32,Central
US-2023-164042,5/23/2022,Ken Lonsdale,Office Supplies,0.8,-1.9602,1,1.188,Central
US-2023-164042,5/23/2022,Ken Lonsdale,Office Supplies,0.2,0.6156,2,1.824,Central
US-2023-164042,5/23/2022,Ken Lonsdale,Office Supplies,0.2,-11.5938,3,48.816,Central
US-2023-167003,5/23/2022,Vivek Sundaresam,Furniture,0.2,-6.4233,3,171.288,West
US-2023-112473,5/25/2022,Jeremy Lonsdale,Office Supplies,0.2,-11.2806,3,50.136,Central
US-2023-120168,5/25/2022,Trudy Brown,Furniture,0,6.0288,3,18.84,East
US-2023-120168,5/25/2022,Trudy Brown,Office Supplies,0.2,207.475,5,663.92,East
US-2023-120168,5/25/2022,Trudy Brown,Office Supplies,0,1.4805,1,3.29,East
US-2023-120168,5/25/2022,Trudy Brown,Technology,0,13.2,8,120,East
US-2023-161088,5/25/2022,Mick Hernandez,Office Supplies,0,13.428,2,29.84,South
US-2023-107853,5/26/2022,Carlos Daly,Office Supplies,0,6.2208,2,12.96,West
US-2023-123687,5/26/2022,Kimberly Carter,Office Supplies,0,62.532,3,208.44,South
US-2023-123687,5/26/2022,Kimberly Carter,Office Supplies,0,0.7728,2,25.76,South
US-2023-152968,5/26/2022,Bryan Mills,Technology,0,6.924,2,23.08,South
US-2023-116897,5/27/2022,James Galang,Furniture,0,14.7,4,35,West
US-2023-116897,5/27/2022,James Galang,Office Supplies,0,28.629,5,477.15,West
US-2023-116897,5/27/2022,James Galang,Technology,0.2,22.6782,3,302.376,West
US-2023-132297,5/27/2022,Dianna Wilson,Office Supplies,0,28.0032,2,58.34,South
US-2023-132297,5/27/2022,Dianna Wilson,Technology,0,134.9925,3,539.97,South
US-2023-134152,5/27/2022,Roy Phan,Office Supplies,0,7.86,3,31.44,West
US-2023-134152,5/27/2022,Roy Phan,Technology,0,9.816,6,98.16,West
US-2023-136882,5/27/2022,Duane Noonan,Furniture,0,138.417,5,477.3,Central
US-2023-151855,5/27/2022,Bart Watters,Office Supplies,0.7,-10.05,5,12.06,South
US-2023-151855,5/27/2022,Bart Watters,Technology,0.2,0.3399,3,27.192,South
US-2023-160458,5/27/2022,Eric Hoffmann,Office Supplies,0.2,9.072,5,25.92,South
US-2023-100055,5/28/2022,Michael Dominguez,Furniture,0,9.8856,2,27.46,East
US-2023-100055,5/28/2022,Michael Dominguez,Office Supplies,0,36.2877,3,125.13,East
US-2023-112613,5/28/2022,Jonathan Howell,Technology,0.2,4.0776,4,54.368,Central
US-2023-118556,5/28/2022,Tiffany House,Furniture,0.3,-29.0073,3,106.869,Central
US-2023-118556,5/28/2022,Tiffany House,Office Supplies,0.8,-6.237,3,3.564,Central
US-2023-140088,5/28/2022,Patrick O'Donnell,Furniture,0,33.2156,2,301.96,South
US-2023-141572,5/28/2022,Lori Olson,Furniture,0,101.4504,8,247.44,East
US-2023-145765,5/28/2022,Candace McMahon,Office Supplies,0.2,5.4432,3,15.552,West
US-2023-145765,5/28/2022,Candace McMahon,Technology,0.2,54.3936,4,271.968,West
US-2023-145765,5/28/2022,Candace McMahon,Technology,0.2,19.596,5,195.96,West
US-2023-161340,5/28/2022,Alice McCarthy,Furniture,0.5,-64.9376,4,115.96,East
US-2023-161340,5/28/2022,Alice McCarthy,Office Supplies,0.2,5.0286,3,13.872,East
US-2023-104745,5/29/2022,Guy Thornton,Office Supplies,0.2,9.396,5,25.92,Central
US-2023-104745,5/29/2022,Guy Thornton,Office Supplies,0.2,4.6746,3,53.424,Central
US-2023-121580,5/29/2022,Maris LaWare,Furniture,0,2.6208,3,6.24,Central
US-2023-121580,5/29/2022,Maris LaWare,Office Supplies,0,120.9416,2,465.16,Central
US-2023-121580,5/29/2022,Maris LaWare,Office Supplies,0,19.9686,1,43.41,Central
US-2023-121580,5/29/2022,Maris LaWare,Office Supplies,0,3.99,1,7.98,Central
US-2023-144568,5/29/2022,Jesus Ocampo,Office Supplies,0,1.1775,5,23.55,Central
US-2023-168739,5/29/2022,Henia Zydlo,Furniture,0.6,-52.3392,4,65.424,Central
US-2023-116498,5/30/2022,Kelly Andreada,Office Supplies,0,10.179,6,35.1,West
US-2023-120614,5/30/2022,Suzanne McNair,Office Supplies,0,18.0096,4,37.52,West
US-2023-121125,5/30/2022,Michael Granlund,Furniture,0.2,-0.3398,1,13.592,West
US-2023-121125,5/30/2022,Michael Granlund,Technology,0.2,-3.094,2,35.36,West
US-2023-121125,5/30/2022,Michael Granlund,Technology,0.2,17.6391,1,156.792,West
US-2023-125472,5/30/2022,Bruce Degenhardt,Furniture,0,33.8744,2,241.96,South
US-2023-125472,5/30/2022,Bruce Degenhardt,Furniture,0,3.0438,3,8.01,South
US-2023-125472,5/30/2022,Bruce Degenhardt,Office Supplies,0,1.8672,1,3.89,South
US-2023-142461,5/30/2022,Kean Thornton,Furniture,0.32,-6.0196,1,204.6664,Central
US-2023-106831,6/1/2022,Fred Harton,Office Supplies,0.7,-2.6586,2,3.798,East
US-2023-106831,6/1/2022,Fred Harton,Office Supplies,0.2,10.0572,6,27.744,East
US-2023-106831,6/1/2022,Fred Harton,Technology,0.4,-34.3148,4,158.376,East
US-2023-112928,6/1/2022,Barry Blumstein,Office Supplies,0.2,1.311,5,17.48,East
US-2023-121559,6/1/2022,Helen Wasserman,Furniture,0,539.2464,6,1925.88,Central
US-2023-121559,6/1/2022,Helen Wasserman,Office Supplies,0,793.716,8,2405.2,Central
US-2023-121559,6/1/2022,Helen Wasserman,Office Supplies,0,8.69,2,17.38,Central
US-2023-121559,6/1/2022,Helen Wasserman,Technology,0,14.7593,1,39.89,Central
US-2023-121559,6/1/2022,Helen Wasserman,Technology,0,15.9543,3,83.97,Central
US-2023-146493,6/1/2022,Cynthia Voltz,Office Supplies,0,25.872,5,53.9,Central
US-2023-157413,6/1/2022,Barry Weirich,Office Supplies,0.2,-77.1267,3,324.744,East
US-2023-127705,6/2/2022,Alejandro Ballentine,Office Supplies,0.2,2.401,2,27.44,East
US-2023-127705,6/2/2022,Alejandro Ballentine,Technology,0.4,-0.6435,1,2.97,East
US-2023-140760,6/2/2022,Denny Ordway,Office Supplies,0.2,15.921,5,43.92,West
US-2023-140760,6/2/2022,Denny Ordway,Office Supplies,0.2,7.92,6,25.344,West
US-2023-143294,6/2/2022,John Dryer,Office Supplies,0.2,3.7408,2,10.688,Central
US-2023-158883,6/2/2022,Cari Schnelling,Office Supplies,0.2,9.1872,4,25.344,South
US-2023-113908,6/3/2022,Katherine Nockton,Furniture,0.4,-115.4304,2,384.768,East
US-2023-113908,6/3/2022,Katherine Nockton,Office Supplies,0,22.2264,4,45.36,East
US-2023-113908,6/3/2022,Katherine Nockton,Technology,0,36.1836,6,78.66,East
US-2023-126382,6/3/2022,Heather Kirkland,Furniture,0.2,9.6712,7,35.168,South
US-2023-140872,6/3/2022,Nick Radford,Furniture,0.2,0,2,241.568,South
US-2023-140872,6/3/2022,Nick Radford,Office Supplies,0.2,1.8354,7,24.472,South
US-2023-140872,6/3/2022,Nick Radford,Office Supplies,0.2,0.585,2,5.2,South
US-2023-140872,6/3/2022,Nick Radford,Office Supplies,0.7,-3.4914,3,4.554,South
US-2023-140872,6/3/2022,Nick Radford,Office Supplies,0.2,5.4432,3,15.552,South
US-2023-140872,6/3/2022,Nick Radford,Technology,0.2,-4.14,2,110.4,South
US-2023-140872,6/3/2022,Nick Radford,Technology,0.2,-2.5749,1,205.992,South
US-2023-140872,6/3/2022,Nick Radford,Technology,0.2,50.396,5,503.96,South
US-2023-145506,6/3/2022,Meg O'Connel,Office Supplies,0,5.4504,9,136.26,West
US-2023-145772,6/3/2022,Saphhira Shifley,Office Supplies,0.2,1.2714,1,3.912,West
US-2023-145772,6/3/2022,Saphhira Shifley,Office Supplies,0,5.382,2,11.96,West
US-2023-145772,6/3/2022,Saphhira Shifley,Technology,0,8.5025,5,44.75,West
US-2023-150420,6/3/2022,Giulietta Dortch,Technology,0,362.835,10,1099.5,West
US-2023-100426,6/4/2022,Dan Campbell,Office Supplies,0,5.616,2,12.48,South
US-2023-133095,6/4/2022,Erica Hernandez,Office Supplies,0,54.04,7,108.08,South
US-2023-133095,6/4/2022,Erica Hernandez,Office Supplies,0,4.3884,3,9.54,South
US-2023-149720,6/4/2022,Erin Mull,Furniture,0.6,-17.4432,6,30.336,Central
US-2023-158106,6/4/2022,Carol Triggs,Office Supplies,0,2.5056,3,8.64,Central
US-2023-158407,6/4/2022,Lindsay Williams,Furniture,0.2,1.999,2,31.984,South
US-2023-158407,6/4/2022,Lindsay Williams,Technology,0.2,25.1944,2,71.984,South
US-2023-158953,6/4/2022,Michelle Lonsdale,Office Supplies,0.8,-9.555,7,6.37,Central
US-2023-126788,6/5/2022,Adrian Barton,Technology,0.2,52.9173,3,470.376,Central
US-2023-141614,6/5/2022,Noel Staavos,Office Supplies,0.2,7.2576,4,20.736,South
US-2023-131849,6/6/2022,Gary Hansen,Furniture,0,2.178,1,4.95,West
US-2023-131849,6/6/2022,Gary Hansen,Office Supplies,0,0,5,26.4,West
US-2023-106579,6/8/2022,Ben Wallace,Office Supplies,0.8,-18.8728,4,12.176,Central
US-2023-107979,6/8/2022,Frank Olsen,Office Supplies,0.7,-48.392,2,72.588,West
US-2023-107979,6/8/2022,Frank Olsen,Office Supplies,0.2,-8.3524,2,35.168,West
US-2023-107979,6/8/2022,Frank Olsen,Technology,0.2,12.3123,7,89.544,West
US-2023-109316,6/8/2022,Maureen Gastineau,Furniture,0.15,140.9568,2,1497.666,West
US-2023-109316,6/8/2022,Maureen Gastineau,Technology,0.2,-3.504,2,17.52,West
US-2023-117436,6/8/2022,Liz Willingham,Office Supplies,0,5.0764,2,10.36,East
US-2023-132682,6/8/2022,Tiffany House,Office Supplies,0.2,28.7064,3,85.056,Central
US-2023-132682,6/8/2022,Tiffany House,Office Supplies,0.2,2.079,3,23.76,Central
US-2023-132682,6/8/2022,Tiffany House,Technology,0.2,28.6182,3,381.576,Central
US-2023-155299,6/8/2022,Dorris liebe,Office Supplies,0.8,-4.466,2,1.624,Central
US-2023-100951,6/9/2022,Noah Childs,Office Supplies,0.2,54.057,5,720.76,Central
US-2023-106663,6/9/2022,Meg O'Connel,Furniture,0.6,-14.3856,3,23.976,Central
US-2023-106663,6/9/2022,Meg O'Connel,Furniture,0.5,-71.8905,1,108.925,Central
US-2023-106663,6/9/2022,Meg O'Connel,Office Supplies,0.2,11.36,8,36.352,Central
US-2023-146822,6/9/2022,Anna Gayman,Office Supplies,0,23.0864,4,49.12,South
US-2023-106103,6/10/2022,Sean Christensen,Technology,0,54.3332,4,132.52,Central
US-2023-107167,6/10/2022,Neil Ducich,Office Supplies,0.2,84.22,8,1347.52,South
US-2023-112172,6/10/2022,Muhammed MacIntyre,Office Supplies,0,0.7065,3,14.13,East
US-2023-131583,6/10/2022,Carl Ludwig,Office Supplies,0.2,15.012,6,40.032,East
US-2023-137001,6/10/2022,George Zrebassa,Office Supplies,0,4.116,7,14.7,West
US-2023-140963,6/10/2022,Michelle Tran,Furniture,0.15,-30.245,5,514.165,West
US-2023-140963,6/10/2022,Michelle Tran,Office Supplies,0,14.8,2,29.6,West
US-2023-140963,6/10/2022,Michelle Tran,Technology,0.2,17.4975,5,279.96,West
US-2023-143343,6/10/2022,Ben Wallace,Office Supplies,0,4.756,5,16.4,West
US-2023-158071,6/10/2022,Bill Donatelli,Office Supplies,0,5.4332,4,11.56,West
US-2023-158071,6/10/2022,Bill Donatelli,Office Supplies,0,3.895,1,15.58,West
US-2023-158071,6/10/2022,Bill Donatelli,Technology,0.2,7.7679,3,88.776,West
US-2023-167080,6/10/2022,Linda Cazamias,Office Supplies,0,4.2,5,8.4,East
US-2023-102554,6/11/2022,Kristina Nunn,Office Supplies,0,1.0904,2,3.76,South
US-2023-120418,6/11/2022,Becky Castell,Furniture,0.2,35.099,1,280.792,West
US-2023-120418,6/11/2022,Becky Castell,Office Supplies,0.2,1.984,1,15.872,West
US-2023-120418,6/11/2022,Becky Castell,Office Supplies,0.2,6.603,5,88.04,West
US-2023-120418,6/11/2022,Becky Castell,Office Supplies,0.2,-48.5082,3,215.592,West
US-2023-120418,6/11/2022,Becky Castell,Office Supplies,0.2,7.7004,4,68.448,West
US-2023-133928,6/11/2022,Zuschuss Carroll,Office Supplies,0.7,-3.81,4,4.572,South
US-2023-134565,6/11/2022,Tom Boeckenhauer,Furniture,0,41.8608,3,174.42,West
US-2023-134565,6/11/2022,Tom Boeckenhauer,Office Supplies,0.2,6.6294,6,18.288,West
US-2023-134565,6/11/2022,Tom Boeckenhauer,Office Supplies,0,18.2112,2,37.94,West
US-2023-134565,6/11/2022,Tom Boeckenhauer,Office Supplies,0,1.0296,2,102.96,West
US-2023-134565,6/11/2022,Tom Boeckenhauer,Technology,0.2,130.2075,5,385.8,West
US-2023-141481,6/11/2022,Zuschuss Donatelli,Office Supplies,0,16.5888,3,61.44,West
US-2023-152002,6/11/2022,Dianna Vittorini,Office Supplies,0,60.2553,3,122.97,West
US-2023-108441,6/12/2022,Sarah Bern,Furniture,0.1,143.04,4,858.24,East
US-2023-108441,6/12/2022,Sarah Bern,Office Supplies,0,16.6764,3,64.14,East
US-2023-108441,6/12/2022,Sarah Bern,Office Supplies,0.2,4.2666,3,13.128,East
US-2023-108441,6/12/2022,Sarah Bern,Office Supplies,0,9.3296,4,19.04,East
US-2023-117821,6/12/2022,Hunter Glantz,Technology,0.2,19.176,2,63.92,East
US-2023-119424,6/12/2022,Sarah Brown,Office Supplies,0,9.3312,3,19.44,West
US-2023-119424,6/12/2022,Sarah Brown,Technology,0.2,8.997,3,71.976,West
US-2023-124191,6/12/2022,Troy Staebel,Furniture,0.6,-6.8634,3,8.856,Central
US-2023-143861,6/12/2022,Lena Creighton,Furniture,0.2,1.068,2,17.088,South
US-2023-148474,6/12/2022,Maria Etezadi,Furniture,0,67.941,3,452.94,South
US-2023-148474,6/12/2022,Maria Etezadi,Office Supplies,0,41.952,3,91.2,South
US-2023-102337,6/13/2022,Shirley Daniels,Furniture,0.3,-87.3418,7,470.302,Central
US-2023-102337,6/13/2022,Shirley Daniels,Office Supplies,0.2,-39.1248,4,164.736,Central
US-2023-102337,6/13/2022,Shirley Daniels,Technology,0.2,5.998,2,47.984,Central
US-2023-104850,6/13/2022,Tamara Willingham,Furniture,0.2,-25.4744,4,291.136,West
US-2023-122056,6/13/2022,Paul Gonzalez,Office Supplies,0,50.9208,7,181.86,South
US-2023-111178,6/15/2022,Tamara Dahlen,Office Supplies,0.2,1.7115,5,19.56,Central
US-2023-118864,6/15/2022,Kristen Hastings,Technology,0.2,7.4975,1,119.96,West
US-2023-119284,6/15/2022,Thomas Seio,Furniture,0.2,9.3504,4,31.168,South
US-2023-119284,6/15/2022,Thomas Seio,Furniture,0.4,-28.224,2,120.96,South
US-2023-119284,6/15/2022,Thomas Seio,Office Supplies,0.2,6.7032,8,76.608,South
US-2023-119284,6/15/2022,Thomas Seio,Office Supplies,0.2,29.692,5,91.36,South
US-2023-119284,6/15/2022,Thomas Seio,Office Supplies,0.2,17.847,1,142.776,South
US-2023-119284,6/15/2022,Thomas Seio,Technology,0.2,223.9936,8,2239.936,South
US-2023-119284,6/15/2022,Thomas Seio,Technology,0.2,26.9973,3,239.976,South
US-2023-126914,6/15/2022,Joe Elijah,Furniture,0.2,-3.8864,2,77.728,South
US-2023-126914,6/15/2022,Joe Elijah,Furniture,0.2,52.3764,3,698.352,South
US-2023-135167,6/15/2022,Stuart Calhoun,Office Supplies,0,1.7466,1,4.26,West
US-2023-169691,6/15/2022,Dean percer,Office Supplies,0,22.2,3,44.4,Central
US-2023-169691,6/15/2022,Dean percer,Office Supplies,0,8.7906,3,17.94,Central
US-2023-169691,6/15/2022,Dean percer,Office Supplies,0,22.8285,5,84.55,Central
US-2023-169901,6/15/2022,Clay Cheatham,Technology,0.2,4.7976,3,47.976,West
US-2023-105214,6/16/2022,Troy Staebel,Furniture,0.2,90.972,7,1212.96,West
US-2023-105214,6/16/2022,Troy Staebel,Office Supplies,0,8.7138,2,18.54,West
US-2023-111269,6/16/2022,Christine Sundaresam,Office Supplies,0.2,1.794,5,23.92,East
US-2023-111269,6/16/2022,Christine Sundaresam,Technology,0.2,107.9892,6,479.952,East
US-2023-129462,6/16/2022,Joel Eaton,Furniture,0,90.588,2,301.96,South
US-2023-129462,6/16/2022,Joel Eaton,Office Supplies,0,50.5848,3,180.66,South
US-2023-129462,6/16/2022,Joel Eaton,Technology,0,51.8346,2,191.98,South
US-2023-129462,6/16/2022,Joel Eaton,Technology,0,17.1574,1,65.99,South
US-2023-132206,6/16/2022,Michael Kennedy,Office Supplies,0.8,-8.904,7,5.936,Central
US-2023-136826,6/16/2022,Claudia Bergmann,Office Supplies,0.2,4.7304,3,14.016,South
US-2023-155873,6/16/2022,Alejandro Ballentine,Office Supplies,0,9.3312,3,19.44,West
US-2023-155873,6/16/2022,Alejandro Ballentine,Office Supplies,0,92.2368,4,192.16,West
US-2023-155873,6/16/2022,Alejandro Ballentine,Office Supplies,0,4.3368,2,16.68,West
US-2023-118437,6/17/2022,Philip Fox,Furniture,0,46.575,3,155.25,West
US-2023-118437,6/17/2022,Philip Fox,Office Supplies,0,4.0687,1,14.03,West
US-2023-131618,6/17/2022,Luke Schmidt,Office Supplies,0.8,-3.5712,4,2.304,Central
US-2023-131618,6/17/2022,Luke Schmidt,Office Supplies,0.8,-16.38,4,9.36,Central
US-2023-131618,6/17/2022,Luke Schmidt,Office Supplies,0.2,4.4312,2,12.224,Central
US-2023-146346,6/17/2022,Ryan Akin,Office Supplies,0.2,-32.9292,3,146.352,West
US-2023-157833,6/17/2022,Katherine Ducich,Office Supplies,0.2,17.9592,3,51.312,West
US-2023-165323,6/17/2022,Steven Roelle,Technology,0,8.1072,3,101.34,East
US-2023-165323,6/17/2022,Steven Roelle,Technology,0,1668.205,5,3404.5,East
US-2023-112753,6/18/2022,Craig Carreira,Furniture,0.15,75.5937,9,917.9235,West
US-2023-112753,6/18/2022,Craig Carreira,Office Supplies,0,19.0512,6,38.88,West
US-2023-162712,6/18/2022,Neil Knudson,Office Supplies,0.2,23.235,3,74.352,Central
US-2023-102288,6/19/2022,Zuschuss Carroll,Office Supplies,0.8,-1.11,1,0.444,Central
US-2023-102288,6/19/2022,Zuschuss Carroll,Office Supplies,0.8,-5.2072,1,2.264,Central
US-2023-102288,6/19/2022,Zuschuss Carroll,Office Supplies,0.2,47.5072,8,146.176,Central
US-2023-128944,6/19/2022,Katharine Harms,Furniture,0.3,-43.4352,6,760.116,East
US-2023-128944,6/19/2022,Katharine Harms,Furniture,0.2,7.272,3,38.784,East
US-2023-128944,6/19/2022,Katharine Harms,Technology,0.2,1.5291,9,122.328,East
US-2023-138870,6/19/2022,George Ashbrook,Furniture,0,21.1344,4,50.32,West
US-2023-138870,6/19/2022,George Ashbrook,Office Supplies,0,11.5432,2,24.56,West
US-2023-140844,6/19/2022,Allen Rosenblatt,Office Supplies,0,45.9754,2,97.82,East
US-2023-140844,6/19/2022,Allen Rosenblatt,Technology,0,10.312,8,103.12,East
US-2023-141992,6/19/2022,Frank Olsen,Office Supplies,0.2,-32.6366,2,153.584,Central
US-2023-141992,6/19/2022,Frank Olsen,Office Supplies,0.2,0.8388,1,11.184,Central
US-2023-154011,6/19/2022,Deborah Brumfield,Furniture,0.3,-84.9615,3,457.485,Central
US-2023-154011,6/19/2022,Deborah Brumfield,Office Supplies,0.8,-11.0208,3,6.888,Central
US-2023-169999,6/19/2022,Jim Sink,Office Supplies,0.2,3.7596,3,11.568,East
US-2023-169999,6/19/2022,Jim Sink,Office Supplies,0,6.465,2,129.3,East
US-2023-101434,6/20/2022,Toby Ritter,Office Supplies,0,4.8118,2,9.82,East
US-2023-101434,6/20/2022,Toby Ritter,Technology,0,71.991,3,239.97,East
US-2023-106852,6/20/2022,Shui Tom,Office Supplies,0.2,0.5904,2,5.248,East
US-2023-106852,6/20/2022,Shui Tom,Office Supplies,0.2,10.8864,6,31.104,East
US-2023-132934,6/20/2022,Jeremy Ellison,Office Supplies,0.2,18.6006,3,51.312,East
US-2023-132934,6/20/2022,Jeremy Ellison,Technology,0,14.995,5,149.95,East
US-2023-135986,6/20/2022,Paul Gonzalez,Office Supplies,0,15.552,5,32.4,South
US-2023-135986,6/20/2022,Paul Gonzalez,Technology,0,125.99,4,503.96,South
US-2023-151218,6/20/2022,Pauline Johnson,Office Supplies,0.2,0.3348,1,4.464,South
US-2023-101049,6/21/2022,Alan Shonely,Furniture,0.2,2.464,5,17.92,East
US-2023-101049,6/21/2022,Alan Shonely,Office Supplies,0.7,-34.38,6,41.256,East
US-2023-124744,6/21/2022,Eugene Hildebrand,Office Supplies,0,3.0576,2,6.24,East
US-2023-124744,6/21/2022,Eugene Hildebrand,Office Supplies,0,40.376,5,82.4,East
US-2023-124744,6/21/2022,Eugene Hildebrand,Office Supplies,0,219.4416,8,447.84,East
US-2023-105823,6/22/2022,Rick Bensley,Furniture,0,146.388,2,487.96,Central
US-2023-133781,6/22/2022,Dan Campbell,Office Supplies,0.2,12.6927,3,37.608,South
US-2023-155936,6/22/2022,Joe Kamberova,Office Supplies,0.8,-5.0094,3,3.036,Central
US-2023-165757,6/22/2022,Paul Lucas,Office Supplies,0.7,-7.5768,3,10.332,East
US-2023-165757,6/22/2022,Paul Lucas,Office Supplies,0.7,-23.8855,5,31.155,East
US-2023-165757,6/22/2022,Paul Lucas,Office Supplies,0.2,0.6696,2,8.928,East
US-2023-100384,6/24/2022,Nicole Hansen,Office Supplies,0,111.824,8,385.6,West
US-2023-100384,6/24/2022,Nicole Hansen,Office Supplies,0,11.8206,9,35.82,West
US-2023-105074,6/24/2022,Maria Bertelson,Office Supplies,0.2,6.795,3,21.744,East
US-2023-122105,6/24/2022,Caroline Jumper,Office Supplies,0,25.8984,8,95.92,West
US-2023-132955,6/24/2022,Sonia Cooley,Office Supplies,0,48.3771,3,102.93,East
US-2023-136350,6/24/2022,George Ashbrook,Furniture,0.1,32.6332,2,172.764,East
US-2023-136350,6/24/2022,George Ashbrook,Furniture,0,49.8042,3,276.69,East
US-2023-151316,6/24/2022,Matthew Clasen,Office Supplies,0.8,-320.2395,3,182.994,Central
US-2023-151316,6/24/2022,Matthew Clasen,Office Supplies,0.2,3.21,3,10.272,Central
US-2023-159107,6/24/2022,Kean Thornton,Office Supplies,0,1.3536,1,2.88,West
US-2023-116127,6/25/2022,Sarah Brown,Furniture,0.2,-5.0098,1,400.784,East
US-2023-124821,6/25/2022,Anne McFarland,Furniture,0,148.138,4,871.4,West
US-2023-133648,6/25/2022,Max Ludwig,Office Supplies,0.2,0.7348,2,5.344,West
US-2023-133648,6/25/2022,Max Ludwig,Office Supplies,0.2,-2.1195,3,11.304,West
US-2023-133648,6/25/2022,Max Ludwig,Office Supplies,0.2,26.64,6,71.04,West
US-2023-134796,6/25/2022,Fred McMath,Technology,0.2,16.704,2,148.48,Central
US-2023-100636,6/26/2022,Denny Ordway,Office Supplies,0,0,3,272.94,East
US-2023-107132,6/26/2022,Scott Cohen,Office Supplies,0.2,37.1084,2,102.368,East
US-2023-107132,6/26/2022,Scott Cohen,Office Supplies,0,31.5192,3,68.52,East
US-2023-107132,6/26/2022,Scott Cohen,Office Supplies,0,214.164,4,713.88,East
US-2023-107132,6/26/2022,Scott Cohen,Office Supplies,0,8.236,5,28.4,East
US-2023-115364,6/26/2022,Olvera Toch,Office Supplies,0,1.6752,12,83.76,West
US-2023-133256,6/26/2022,Tracy Hopkins,Office Supplies,0,5.4128,4,15.92,Central
US-2023-133256,6/26/2022,Tracy Hopkins,Office Supplies,0,2.043,1,4.54,Central
US-2023-133256,6/26/2022,Tracy Hopkins,Technology,0,135.98,8,543.92,Central
US-2023-138310,6/26/2022,Nora Preis,Technology,0.2,64.7892,9,431.928,West
US-2023-148810,6/26/2022,Dan Reichenbach,Furniture,0.2,-13.6776,3,273.552,South
US-2023-148810,6/26/2022,Dan Reichenbach,Office Supplies,0.2,4.6818,6,13.872,South
US-2023-157091,6/26/2022,Denny Blanton,Furniture,0,31.587,5,526.45,Central
US-2023-161410,6/26/2022,Chris Cortes,Technology,0.4,72.7888,14,545.916,East
US-2023-161410,6/26/2022,Chris Cortes,Technology,0.4,41.79,3,358.2,East
US-2023-163531,6/26/2022,Steven Cartwright,Technology,0,67.1916,3,239.97,East
US-2023-116988,6/27/2022,Pauline Webber,Furniture,0,40.416,3,126.3,West
US-2023-116988,6/27/2022,Pauline Webber,Office Supplies,0,9.3312,3,19.44,West
US-2023-116988,6/27/2022,Pauline Webber,Technology,0,244.6155,5,1287.45,West
US-2023-123638,6/27/2022,Michelle Arnett,Furniture,0.1,31.941,3,191.646,East
US-2023-151190,6/27/2022,Greg Tran,Office Supplies,0,9.2322,3,20.07,Central
US-2023-100650,6/29/2022,Dean Katz,Office Supplies,0,310.9872,2,1295.78,West
US-2023-126081,6/29/2022,Fred Chung,Office Supplies,0.2,1.8144,1,5.184,Central
US-2023-137085,6/29/2022,Carol Triggs,Office Supplies,0.2,101.5794,9,312.552,West
US-2023-137449,6/29/2022,Max Engle,Furniture,0.32,-96.4704,3,409.9992,Central
US-2023-137449,6/29/2022,Max Engle,Furniture,0.3,-39.5118,3,307.314,Central
US-2023-137449,6/29/2022,Max Engle,Office Supplies,0.8,-54.5496,2,21.392,Central
US-2023-138149,6/29/2022,William Brown,Office Supplies,0,3.0368,2,11.68,West
US-2023-138149,6/29/2022,William Brown,Office Supplies,0.2,302.373,5,895.92,West
US-2023-138149,6/29/2022,William Brown,Office Supplies,0,39.213,3,130.71,West
US-2023-138149,6/29/2022,William Brown,Technology,0,22.4316,3,62.31,West
US-2023-143574,6/29/2022,Dan Reichenbach,Furniture,0,185.2578,9,638.82,East
US-2023-143574,6/29/2022,Dan Reichenbach,Furniture,0,8.5544,2,25.16,East
US-2023-143574,6/29/2022,Dan Reichenbach,Office Supplies,0,7.9794,3,30.69,East
US-2023-147039,6/29/2022,Alex Avila,Office Supplies,0,90.735,3,362.94,Central
US-2023-147039,6/29/2022,Alex Avila,Office Supplies,0,5.77,2,11.54,Central
US-2023-102890,6/30/2022,Sheri Gordon,Furniture,0.4,-295.9785,5,1044.63,East
US-2023-102946,6/30/2022,Victor Preis,Office Supplies,0.2,25.5798,3,75.792,West
US-2023-109393,6/30/2022,John Castell,Furniture,0.15,5.1294,3,435.999,West
US-2023-113201,6/30/2022,Thomas Thornton,Office Supplies,0,100.4255,5,204.95,West
US-2023-125745,6/30/2022,Darrin Van Huff,Furniture,0.2,5.368,2,19.52,South
US-2023-131695,6/30/2022,Ralph Arnett,Furniture,0,9.7812,1,22.23,East
US-2023-131695,6/30/2022,Ralph Arnett,Office Supplies,0,67.1139,7,248.57,East
US-2023-163006,6/30/2022,Gary Hansen,Furniture,0.3,-178.8468,3,569.058,Central
US-2023-163006,6/30/2022,Gary Hansen,Furniture,0.6,-10.3124,2,14.224,Central
US-2023-163006,6/30/2022,Gary Hansen,Technology,0.2,125.198,2,1001.584,Central
US-2023-164112,6/30/2022,Neil Ducich,Office Supplies,0,282.2092,7,1085.42,East
US-2023-148362,7/1/2022,Karen Ferguson,Office Supplies,0,78.1954,1,169.99,Central
US-2023-148362,7/1/2022,Karen Ferguson,Office Supplies,0,12.4416,4,25.92,Central
US-2023-148362,7/1/2022,Karen Ferguson,Office Supplies,0,13.3176,4,443.92,Central
US-2023-107958,7/2/2022,Adrian Hane,Office Supplies,0.8,-8.1096,4,5.232,Central
US-2023-107958,7/2/2022,Adrian Hane,Office Supplies,0.2,59.4355,5,163.96,Central
US-2023-106747,7/3/2022,Tony Sayre,Furniture,0,26.598,1,102.3,East
US-2023-111024,7/3/2022,Sam Zeldin,Furniture,0.4,-103.9882,2,215.148,East
US-2023-111024,7/3/2022,Sam Zeldin,Office Supplies,0.2,11.1024,4,32.896,East
US-2023-111024,7/3/2022,Sam Zeldin,Office Supplies,0.2,11.223,6,30.96,East
US-2023-111647,7/3/2022,Rob Dowd,Technology,0.2,62.988,4,167.968,Central
US-2023-121503,7/3/2022,Frank Hawley,Office Supplies,0.2,92.4399,7,273.896,Central
US-2023-121503,7/3/2022,Frank Hawley,Technology,0.4,49.761,3,597.132,Central
US-2023-124828,7/3/2022,Yana Sorensen,Office Supplies,0.2,1.5522,3,9.552,South
US-2023-126179,7/3/2022,Chuck Sachs,Furniture,0,5.5177,1,23.99,South
US-2023-126179,7/3/2022,Chuck Sachs,Technology,0,77.7519,3,287.97,South
US-2023-129777,7/3/2022,Frank Merwin,Office Supplies,0,11.5432,2,24.56,East
US-2023-129777,7/3/2022,Frank Merwin,Technology,0,93.204,10,258.9,East
US-2023-139437,7/3/2022,Rob Dowd,Office Supplies,0,0.8792,4,87.92,West
US-2023-140053,7/3/2022,Christina Anderson,Furniture,0,114.6285,9,545.85,West
US-2023-166233,7/3/2022,Michael Oakman,Technology,0.2,-2.7,2,24,South
US-2023-168109,7/3/2022,Jim Kriz,Technology,0,742.632,4,1687.8,West
US-2023-168109,7/3/2022,Jim Kriz,Technology,0,26.3912,2,59.98,West
US-2023-168109,7/3/2022,Jim Kriz,Technology,0.2,209.58,6,2395.2,West
US-2023-168109,7/3/2022,Jim Kriz,Technology,0.2,2.6973,1,7.992,West
US-2023-169124,7/3/2022,Maria Bertelson,Furniture,0,54.3438,3,129.39,West
US-2023-100223,7/5/2022,Linda Southworth,Furniture,0.6,-348.6294,9,332.028,Central
US-2023-100223,7/5/2022,Linda Southworth,Office Supplies,0.8,-17.6607,9,11.394,Central
US-2023-100223,7/5/2022,Linda Southworth,Office Supplies,0.8,-10.4214,1,6.316,Central
US-2023-100223,7/5/2022,Linda Southworth,Office Supplies,0.2,5.6376,3,15.552,Central
US-2023-100223,7/5/2022,Linda Southworth,Office Supplies,0.2,11.2752,6,31.104,Central
US-2023-104388,7/5/2022,Damala Kotsonis,Technology,0,22.3888,4,79.96,Central
US-2023-101784,7/6/2022,Patrick O'Brill,Furniture,0.2,-13.7403,3,122.136,West
US-2023-124303,7/6/2022,Fred Hopkins,Office Supplies,0.7,-2.2586,2,2.946,East
US-2023-124303,7/6/2022,Fred Hopkins,Office Supplies,0.2,5.8203,3,16.056,East
US-2023-152492,7/6/2022,Angele Hood,Furniture,0.2,23.924,1,239.24,South
US-2023-105053,7/7/2022,Christine Sundaresam,Office Supplies,0.2,6.3336,3,17.472,East
US-2023-106824,7/7/2022,Annie Thurman,Office Supplies,0,0.1188,3,5.94,West
US-2023-155152,7/7/2022,Michael Paige,Technology,0,93.24,4,252,East
US-2023-169551,7/7/2022,Rob Lucas,Furniture,0.5,-45.3492,3,87.21,East
US-2023-169551,7/7/2022,Rob Lucas,Office Supplies,0.2,5.4432,3,15.552,East
US-2023-169551,7/7/2022,Rob Lucas,Office Supplies,0.2,1.0044,3,13.392,East
US-2023-169551,7/7/2022,Rob Lucas,Technology,0.2,4.8231,3,16.776,East
US-2023-169551,7/7/2022,Rob Lucas,Technology,0.2,85.787,2,527.92,East
US-2023-169551,7/7/2022,Rob Lucas,Technology,0.4,-113.998,2,683.988,East
US-2023-108560,7/8/2022,Jenna Caffey,Furniture,0,99.23,2,198.46,West
US-2023-108560,7/8/2022,Jenna Caffey,Office Supplies,0.2,7.8192,2,23.168,West
US-2023-108560,7/8/2022,Jenna Caffey,Office Supplies,0,385.3752,8,786.48,West
US-2023-108560,7/8/2022,Jenna Caffey,Technology,0,10.5,2,50,West
US-2023-111759,7/8/2022,Mathew Reese,Office Supplies,0,24.2696,2,52.76,West
US-2023-133249,7/8/2022,Sam Zeldin,Furniture,0,62.737,5,145.9,West
US-2023-134306,7/8/2022,Tamara Dahlen,Office Supplies,0,4.1472,2,12.96,East
US-2023-134306,7/8/2022,Tamara Dahlen,Office Supplies,0,3.0996,3,7.56,East
US-2023-134306,7/8/2022,Tamara Dahlen,Office Supplies,0,11.5432,2,24.56,East
US-2023-138464,7/8/2022,Vicky Freymann,Furniture,0,4.9104,3,15.84,West
US-2023-138464,7/8/2022,Vicky Freymann,Office Supplies,0,6.2016,3,18.24,West
US-2023-138464,7/8/2022,Vicky Freymann,Office Supplies,0,4.3296,4,13.12,West
US-2023-138464,7/8/2022,Vicky Freymann,Office Supplies,0.2,30.2316,3,86.376,West
US-2023-140480,7/8/2022,Harold Engle,Furniture,0,9.1954,2,39.98,East
US-2023-140480,7/8/2022,Harold Engle,Furniture,0,5.8744,4,83.92,East
US-2023-140480,7/8/2022,Harold Engle,Office Supplies,0,8.673,7,28.91,East
US-2023-140480,7/8/2022,Harold Engle,Office Supplies,0,45.487,5,174.95,East
US-2023-140480,7/8/2022,Harold Engle,Technology,0,58.179,5,141.9,East
US-2023-150189,7/8/2022,Vivek Gonzalez,Office Supplies,0,35.3346,6,75.18,West
US-2023-100209,7/9/2022,Tamara Dahlen,Office Supplies,0.7,-0.792,2,1.08,West
US-2023-115651,7/9/2022,Noel Staavos,Office Supplies,0.8,-146.16,9,58.464,Central
US-2023-115651,7/9/2022,Noel Staavos,Office Supplies,0.2,2.9835,5,8.84,Central
US-2023-121083,7/9/2022,Jamie Frazer,Office Supplies,0,48.8064,6,119.04,East
US-2023-121083,7/9/2022,Jamie Frazer,Office Supplies,0,134.652,5,274.8,East
US-2023-121083,7/9/2022,Jamie Frazer,Office Supplies,0,3.9128,4,195.64,East
US-2023-121083,7/9/2022,Jamie Frazer,Technology,0,74.8142,2,257.98,East
US-2023-132122,7/9/2022,John Huston,Office Supplies,0.2,14.3075,5,228.92,Central
US-2023-145128,7/9/2022,Sean Miller,Furniture,0,31.587,5,526.45,Central
US-2023-127460,7/10/2022,Frank Gastineau,Office Supplies,0.2,26.1156,6,298.464,Central
US-2023-128629,7/10/2022,Becky Pak,Furniture,0,7.9128,3,18.84,South
US-2023-169012,7/10/2022,Beth Fritzler,Office Supplies,0,10.8966,3,41.91,South
US-2023-127656,7/11/2022,Natalie Webber,Office Supplies,0,11.8248,4,30.32,Central
US-2023-136623,7/11/2022,Tom Stivers,Office Supplies,0.2,9.3125,5,29.8,West
US-2023-136623,7/11/2022,Tom Stivers,Technology,0.2,5.3964,6,71.952,West
US-2023-156818,7/11/2022,Joy Daniels,Technology,0,17.238,6,132.6,East
US-2023-162015,7/11/2022,Karen Bern,Office Supplies,0,43.706,5,168.1,West
US-2023-162015,7/11/2022,Karen Bern,Technology,0,244.6155,5,1287.45,West
US-2023-164959,7/11/2022,Katherine Nockton,Office Supplies,0,4.0749,3,8.67,West
US-2023-106047,7/12/2022,Cari Schnelling,Office Supplies,0.2,1.1925,1,3.816,East
US-2023-102155,7/13/2022,Rick Reed,Office Supplies,0,6.2376,2,13.56,Central
US-2023-102155,7/13/2022,Rick Reed,Office Supplies,0,93.6988,2,360.38,Central
US-2023-136364,7/13/2022,Mark Hamilton,Furniture,0.2,19.3392,9,91.008,East
US-2023-136364,7/13/2022,Mark Hamilton,Technology,0.4,-7.2589,1,39.594,East
US-2023-121048,7/14/2022,Toby Carlisle,Furniture,0,7.9128,3,18.84,West
US-2023-121048,7/14/2022,Toby Carlisle,Furniture,0,49.8042,3,276.69,West
US-2023-121048,7/14/2022,Toby Carlisle,Office Supplies,0,20.8568,4,71.92,West
US-2023-121048,7/14/2022,Toby Carlisle,Office Supplies,0.2,1.4456,2,4.448,West
US-2023-121048,7/14/2022,Toby Carlisle,Office Supplies,0,2.3312,4,4.96,West
US-2023-121048,7/14/2022,Toby Carlisle,Technology,0,19.7358,3,140.97,West
US-2023-121048,7/14/2022,Toby Carlisle,Technology,0.2,52.9173,3,470.376,West
US-2023-161935,7/14/2022,John Lee,Furniture,0.2,148.845,5,396.92,East
US-2023-161935,7/14/2022,John Lee,Office Supplies,0.2,2.132,5,13.12,East
US-2023-161935,7/14/2022,John Lee,Office Supplies,0.2,3.3524,2,9.248,East
US-2023-161935,7/14/2022,John Lee,Office Supplies,0.2,17.9592,7,239.456,East
US-2023-161935,7/14/2022,John Lee,Office Supplies,0.2,4.653,5,62.04,East
US-2023-161935,7/14/2022,John Lee,Technology,0.4,-377.9892,9,1889.946,East
US-2023-128951,7/15/2022,Ricardo Sperren,Furniture,0,157.1292,3,872.94,South
US-2023-128951,7/15/2022,Ricardo Sperren,Office Supplies,0,50.3832,3,179.94,South
US-2023-128951,7/15/2022,Ricardo Sperren,Office Supplies,0,6.2208,2,12.96,South
US-2023-164378,7/15/2022,Michelle Moray,Furniture,0.1,88.5528,6,664.146,East
US-2023-164378,7/15/2022,Michelle Moray,Office Supplies,0,1.9024,2,6.56,East
US-2023-164378,7/15/2022,Michelle Moray,Office Supplies,0,3.6018,3,7.83,East
US-2023-164378,7/15/2022,Michelle Moray,Office Supplies,0,4.3904,2,8.96,East
US-2023-164378,7/15/2022,Michelle Moray,Technology,0,8.799,2,41.9,East
US-2023-166142,7/15/2022,Magdelene Morse,Furniture,0.3,-48.7839,3,310.443,East
US-2023-166142,7/15/2022,Magdelene Morse,Office Supplies,0,13.0095,3,26.55,East
US-2023-109778,7/16/2022,Valerie Mitchum,Office Supplies,0.2,0.91,2,2.912,Central
US-2023-152842,7/16/2022,Natalie Fritzler,Furniture,0.2,15.147,3,242.352,South
US-2023-156909,7/16/2022,Sandra Flanagan,Furniture,0.3,-1.0196,2,71.372,East
US-2023-105046,7/17/2022,Bill Eplett,Furniture,0,14.4596,4,39.08,East
US-2023-105046,7/17/2022,Bill Eplett,Office Supplies,0,47.952,5,99.9,East
US-2023-105046,7/17/2022,Bill Eplett,Technology,0,67.495,2,269.98,East
US-2023-126662,7/17/2022,Alejandro Ballentine,Technology,0.2,89.997,2,479.984,West
US-2023-139948,7/17/2022,Shaun Weien,Furniture,0.2,2.1736,2,7.904,South
US-2023-142342,7/17/2022,Anthony Johnson,Furniture,0.15,210.735,5,1194.165,West
US-2023-142342,7/17/2022,Anthony Johnson,Office Supplies,0,28.95,5,57.9,West
US-2023-142342,7/17/2022,Anthony Johnson,Office Supplies,0,15.552,5,32.4,West
US-2023-142342,7/17/2022,Anthony Johnson,Office Supplies,0,0,2,10.56,West
US-2023-142573,7/18/2022,Maris LaWare,Furniture,0.2,-42.8967,3,311.976,West
US-2023-142573,7/18/2022,Maris LaWare,Furniture,0.2,10.098,2,161.568,West
US-2023-142573,7/18/2022,Maris LaWare,Furniture,0.5,-448.896,5,801.6,West
US-2023-142573,7/18/2022,Maris LaWare,Office Supplies,0.7,-6.1248,4,7.656,West
US-2023-142573,7/18/2022,Maris LaWare,Office Supplies,0.2,5.2312,2,16.096,West
US-2023-165358,7/18/2022,Seth Vernon,Furniture,0.3,-14.196,4,198.744,East
US-2023-165358,7/18/2022,Seth Vernon,Office Supplies,0.2,1.148,2,9.184,East
US-2023-165358,7/18/2022,Seth Vernon,Technology,0.4,69.9965,5,599.97,East
US-2023-108343,7/20/2022,Anthony Rawles,Furniture,0.1,25.4744,2,163.764,East
US-2023-108343,7/20/2022,Anthony Rawles,Furniture,0,31.2664,4,183.92,East
US-2023-108343,7/20/2022,Anthony Rawles,Office Supplies,0,6.4128,2,13.36,East
US-2023-118640,7/20/2022,Carlos Soltero,Furniture,0.6,-5.7148,1,8.792,Central
US-2023-118640,7/20/2022,Carlos Soltero,Office Supplies,0.2,8.714,2,69.712,Central
US-2023-122035,7/20/2022,Elizabeth Moffitt,Furniture,0,27.441,3,182.94,Central
US-2023-122035,7/20/2022,Elizabeth Moffitt,Office Supplies,0,112.4064,2,416.32,Central
US-2023-122035,7/20/2022,Elizabeth Moffitt,Office Supplies,0,20.21,5,43,Central
US-2023-122035,7/20/2022,Elizabeth Moffitt,Office Supplies,0,30.415,7,60.83,Central
US-2023-122035,7/20/2022,Elizabeth Moffitt,Office Supplies,0,6.8714,2,14.62,Central
US-2023-122035,7/20/2022,Elizabeth Moffitt,Technology,0,132.5898,3,389.97,Central
US-2023-150497,7/20/2022,Suzanne McNair,Office Supplies,0,331.191,2,735.98,Central
US-2023-103478,7/21/2022,Kelly Lampkin,Office Supplies,0.8,-4.5824,4,2.864,Central
US-2023-103478,7/21/2022,Kelly Lampkin,Office Supplies,0.8,-164.836,7,94.192,Central
US-2023-104731,7/21/2022,Anne McFarland,Furniture,0,69.6762,3,302.94,South
US-2023-104731,7/21/2022,Anne McFarland,Furniture,0,3.872,5,8.8,South
US-2023-104731,7/21/2022,Anne McFarland,Office Supplies,0,29.5626,6,101.94,South
US-2023-104731,7/21/2022,Anne McFarland,Office Supplies,0,5.7072,6,19.68,South
US-2023-104731,7/21/2022,Anne McFarland,Office Supplies,0,7.1712,3,14.94,South
US-2023-104731,7/21/2022,Anne McFarland,Office Supplies,0,11.586,2,231.72,South
US-2023-104731,7/21/2022,Anne McFarland,Technology,0,67.99,4,271.96,South
US-2023-118724,7/21/2022,Anthony Rawles,Office Supplies,0,1.6896,2,3.52,West
US-2023-118724,7/21/2022,Anthony Rawles,Technology,0.2,121.9644,9,1626.192,West
US-2023-123204,7/21/2022,Cari Schnelling,Office Supplies,0,4.5448,4,17.48,East
US-2023-123834,7/21/2022,Gene McClure,Furniture,0.3,-21.3264,4,124.404,Central
US-2023-127719,7/21/2022,Tamara Willingham,Office Supplies,0,3.1752,1,6.48,East
US-2023-145093,7/21/2022,Pete Takahito,Office Supplies,0.8,-3.3792,2,2.112,Central
US-2023-145429,7/21/2022,Shaun Weien,Furniture,0.2,22.5296,2,225.296,West
US-2023-145429,7/21/2022,Shaun Weien,Office Supplies,0.2,17.6232,3,50.352,West
US-2023-145429,7/21/2022,Shaun Weien,Office Supplies,0,7.6798,2,16.34,West
US-2023-158505,7/21/2022,Sarah Foster,Office Supplies,0,7.5371,1,25.99,West
US-2023-158505,7/21/2022,Sarah Foster,Technology,0.2,6.2937,9,71.928,West
US-2023-160465,7/21/2022,Sean Wendt,Office Supplies,0.7,-22.62,3,33.93,East
US-2023-160465,7/21/2022,Sean Wendt,Office Supplies,0.2,25.011,7,222.32,East
US-2023-160465,7/21/2022,Sean Wendt,Technology,0.4,-52.641,6,210.564,East
US-2023-106551,7/22/2022,Eric Barreto,Furniture,0.3,-75.192,4,526.344,Central
US-2023-109750,7/22/2022,Fred Hopkins,Technology,0,14.0859,3,29.97,East
US-2023-101721,7/23/2022,Maribeth Yedwab,Office Supplies,0.2,20.5764,3,63.312,Central
US-2023-103506,7/23/2022,Lisa Ryan,Office Supplies,0,19.872,4,41.4,East
US-2023-110940,7/23/2022,Annie Zypern,Office Supplies,0.2,15.192,4,121.536,Central
US-2023-117240,7/23/2022,Christine Phan,Office Supplies,0.2,4.2666,3,13.128,East
US-2023-118346,7/23/2022,Philisse Overcash,Technology,0,143.982,5,399.95,Central
US-2023-125367,7/23/2022,Nathan Mautz,Office Supplies,0.2,4.35,3,13.92,East
US-2023-133718,7/23/2022,Tracy Blumstein,Office Supplies,0.2,5.5071,3,15.192,West
US-2023-133718,7/23/2022,Tracy Blumstein,Office Supplies,0,27.9936,9,58.32,West
US-2023-169320,7/23/2022,Lena Hernandez,Office Supplies,0,5.4896,2,11.68,Central
US-2023-169320,7/23/2022,Lena Hernandez,Technology,0,11.1825,5,159.75,Central
US-2023-135013,7/24/2022,Harold Ryan,Technology,0.2,839.986,5,2399.96,West
US-2023-121293,7/25/2022,John Castell,Furniture,0.2,3.0144,4,20.096,East
US-2023-121293,7/25/2022,John Castell,Furniture,0.4,-34.647,1,138.588,East
US-2023-121293,7/25/2022,John Castell,Office Supplies,0.2,7.2576,4,20.736,East
US-2023-121293,7/25/2022,John Castell,Office Supplies,0.2,-25.992,5,259.92,East
US-2023-121293,7/25/2022,John Castell,Office Supplies,0.2,4.2471,3,37.752,East
US-2023-125640,7/25/2022,Dorothy Dickinson,Office Supplies,0.2,1.0738,1,3.304,East
US-2023-167549,7/25/2022,Evan Minnotte,Furniture,0.3,-4.2588,6,298.116,Central
US-2023-169810,7/25/2022,Raymond Buch,Office Supplies,0,9.5081,7,20.23,Central
US-2023-167318,7/26/2022,George Zrebassa,Furniture,0.2,45.294,3,362.352,West
US-2023-167318,7/26/2022,George Zrebassa,Technology,0,659.98,5,1649.95,West
US-2023-107209,7/27/2022,Joni Wasserman,Furniture,0.2,12.178,4,194.848,South
US-2023-108791,7/27/2022,Tony Molinari,Furniture,0,4.0203,1,14.89,East
US-2023-108791,7/27/2022,Tony Molinari,Technology,0,135.98,8,543.92,East
US-2023-123239,7/27/2022,Mike Gockenbach,Furniture,0.2,-2.2758,3,91.032,South
US-2023-133046,7/27/2022,Dennis Kane,Furniture,0,10.5072,3,23.88,West
US-2023-133046,7/27/2022,Dennis Kane,Office Supplies,0,6.2208,2,12.96,West
US-2023-133046,7/27/2022,Dennis Kane,Office Supplies,0,12.052,4,26.2,West
US-2023-133046,7/27/2022,Dennis Kane,Technology,0,32.893,5,234.95,West
US-2023-130841,7/28/2022,Matt Hagelstein,Office Supplies,0.2,3.6192,4,9.984,West
US-2023-130841,7/28/2022,Matt Hagelstein,Office Supplies,0,4.1944,1,14.98,West
US-2023-130841,7/28/2022,Matt Hagelstein,Technology,0.2,100.24,4,1145.6,West
US-2023-101483,7/29/2022,Anna Gayman,Office Supplies,0.2,6.534,2,34.848,South
US-2023-101483,7/29/2022,Anna Gayman,Office Supplies,0.2,0.3822,3,4.368,South
US-2023-101483,7/29/2022,Anna Gayman,Technology,0.2,1.375,5,22,South
US-2023-113852,7/29/2022,Giulietta Weimer,Technology,0,11.7741,3,90.57,West
US-2023-115301,7/29/2022,Vivek Gonzalez,Furniture,0,25.5112,2,115.96,West
US-2023-130771,7/29/2022,Laura Armstrong,Office Supplies,0.2,0.4706,2,2.896,Central
US-2023-130771,7/29/2022,Laura Armstrong,Technology,0.2,15.599,1,124.792,Central
US-2023-130953,7/29/2022,Roland Fjeld,Furniture,0,72.6408,3,302.67,Central
US-2023-130953,7/29/2022,Roland Fjeld,Office Supplies,0,60.5528,2,137.62,Central
US-2023-130953,7/29/2022,Roland Fjeld,Office Supplies,0,16.4052,2,33.48,Central
US-2023-130953,7/29/2022,Roland Fjeld,Technology,0,133.9713,3,461.97,Central
US-2023-146031,7/29/2022,Gary McGarr,Office Supplies,0,22.2444,9,60.12,East
US-2023-141103,7/30/2022,Jay Fein,Technology,0,43.176,5,89.95,East
US-2023-155740,7/30/2022,Tony Chapman,Office Supplies,0.7,-53.7432,4,76.776,East
US-2023-167913,7/30/2022,John Lee,Office Supplies,0,12.6,7,26.25,West
US-2023-167913,7/30/2022,John Lee,Office Supplies,0,85.904,2,330.4,West
US-2023-115805,7/31/2022,Katrina Willman,Technology,0.2,4.1391,1,36.792,Central
US-2023-121909,7/31/2022,Erin Ashbrook,Office Supplies,0.2,17.8152,3,54.816,East
US-2023-125752,7/31/2022,Eugene Hildebrand,Technology,0.2,8.2848,2,41.424,South
US-2023-126144,7/31/2022,Greg Matthias,Technology,0.4,-57.1152,4,285.576,East
US-2023-147032,7/31/2022,Laurel Beltran,Office Supplies,0,5.3949,3,11.01,East
US-2023-147032,7/31/2022,Laurel Beltran,Office Supplies,0,390.977,5,849.95,East
US-2023-147032,7/31/2022,Laurel Beltran,Office Supplies,0,5.5392,1,11.54,East
US-2023-161102,7/31/2022,Erin Creighton,Furniture,0,11.4576,7,36.96,West
US-2023-161102,7/31/2022,Erin Creighton,Office Supplies,0,15.2712,2,56.56,West
US-2023-165869,7/31/2022,Luke Schmidt,Office Supplies,0,54.558,6,155.88,Central
US-2023-165869,7/31/2022,Luke Schmidt,Office Supplies,0,8.4096,4,17.52,Central
US-2023-124576,8/1/2022,Heather Kirkland,Office Supplies,0.2,18.5274,2,54.896,West
US-2023-133235,8/1/2022,Larry Hughes,Technology,0.2,16.9975,5,271.96,South
US-2023-135034,8/1/2022,Annie Thurman,Technology,0.2,5.999,2,95.984,Central
US-2023-162691,8/1/2022,Aaron Smayling,Office Supplies,0.2,12.7008,7,36.288,Central
US-2023-162691,8/1/2022,Aaron Smayling,Technology,0.4,-263.9967,3,1439.982,Central
US-2023-168942,8/1/2022,Eric Murdock,Office Supplies,0,50.3658,3,186.54,West
US-2023-140781,8/3/2022,Adrian Barton,Technology,0.2,7.4655,3,39.816,Central
US-2023-141747,8/3/2022,Scot Coram,Office Supplies,0,4.1756,1,16.06,West
US-2023-143175,8/3/2022,George Ashbrook,Office Supplies,0,23.9688,3,99.87,West
US-2023-163566,8/3/2022,Ted Butterfield,Office Supplies,0.2,5.369,5,16.52,East
US-2023-165386,8/3/2022,Charlotte Melton,Furniture,0.3,-36.6744,2,183.372,Central
US-2023-168396,8/3/2022,Bruce Degenhardt,Furniture,0,11.1564,3,123.96,West
US-2023-168396,8/3/2022,Bruce Degenhardt,Office Supplies,0,24.84,5,51.75,West
US-2023-132738,8/4/2022,Harry Marie,Office Supplies,0.2,3.1842,1,8.784,West
US-2023-132738,8/4/2022,Harry Marie,Office Supplies,0.2,2.8884,2,7.968,West
US-2023-146367,8/4/2022,Harry Marie,Office Supplies,0.8,-5.6406,3,3.318,Central
US-2023-117695,8/5/2022,Pauline Webber,Office Supplies,0,6.3296,2,13.76,South
US-2023-128328,8/5/2022,Patrick O'Donnell,Office Supplies,0,60.4224,6,125.88,Central
US-2023-128328,8/5/2022,Patrick O'Donnell,Office Supplies,0,66.6,9,133.2,Central
US-2023-128328,8/5/2022,Patrick O'Donnell,Technology,0,29.5186,2,79.78,Central
US-2023-154676,8/5/2022,Nick Zandusky,Office Supplies,0.2,7.5528,9,151.056,Central
US-2023-136609,8/6/2022,Todd Boyes,Office Supplies,0.2,40.3536,3,115.296,Central
US-2023-151981,8/6/2022,Gary Mitchum,Office Supplies,0,68.364,6,227.88,East
US-2023-151981,8/6/2022,Gary Mitchum,Office Supplies,0,11.8272,8,24.64,East
US-2023-151981,8/6/2022,Gary Mitchum,Technology,0,247.485,5,824.95,East
US-2023-161200,8/6/2022,Seth Vernon,Furniture,0,23.3184,3,145.74,South
US-2023-161200,8/6/2022,Seth Vernon,Furniture,0,7.392,5,15.4,South
US-2023-168172,8/6/2022,Shahid Hopkins,Office Supplies,0,21.036,4,70.12,East
US-2023-110821,8/7/2022,Chloris Kastensmidt,Office Supplies,0.2,-25.109,2,118.16,Central
US-2023-110821,8/7/2022,Chloris Kastensmidt,Technology,0.2,-13.4379,3,119.448,Central
US-2023-115175,8/7/2022,Matt Collins,Office Supplies,0,114.9385,5,244.55,West
US-2023-117023,8/7/2022,Joni Wasserman,Office Supplies,0,5.4896,2,11.68,East
US-2023-117023,8/7/2022,Joni Wasserman,Office Supplies,0,26.2,10,104.8,East
US-2023-155999,8/7/2022,Jay Kimmel,Office Supplies,0.2,4.644,2,13.76,West
US-2023-155999,8/7/2022,Jay Kimmel,Technology,0.2,17.9955,5,159.96,West
US-2023-156776,8/7/2022,Jeremy Lonsdale,Furniture,0.2,25.898,1,207.184,West
US-2023-156776,8/7/2022,Jeremy Lonsdale,Furniture,0,15.525,1,51.75,West
US-2023-156776,8/7/2022,Jeremy Lonsdale,Office Supplies,0,412.468,5,1473.1,West
US-2023-156776,8/7/2022,Jeremy Lonsdale,Office Supplies,0.2,11.673,3,31.128,West
US-2023-156776,8/7/2022,Jeremy Lonsdale,Office Supplies,0.2,4.1832,3,11.952,West
US-2023-156776,8/7/2022,Jeremy Lonsdale,Office Supplies,0,11.5432,2,24.56,West
US-2023-156776,8/7/2022,Jeremy Lonsdale,Technology,0,7.8064,4,55.76,West
US-2023-156776,8/7/2022,Jeremy Lonsdale,Technology,0.2,44.2425,3,707.88,West
US-2023-158344,8/7/2022,Cindy Chapman,Technology,0,19.8276,4,63.96,Central
US-2023-163321,8/7/2022,Fred McMath,Technology,0.2,21.9978,1,79.992,South
US-2023-143063,8/10/2022,Ivan Liston,Furniture,0,25.473,2,121.3,Central
US-2023-143063,8/10/2022,Ivan Liston,Office Supplies,0,35.04,6,70.08,Central
US-2023-143063,8/10/2022,Ivan Liston,Technology,0,378.1674,9,1454.49,Central
US-2023-145443,8/10/2022,Steve Chapman,Office Supplies,0,83.284,5,177.2,Central
US-2023-100433,8/11/2022,Sanjit Jacobs,Office Supplies,0,12.4416,4,25.92,East
US-2023-139311,8/11/2022,Sylvia Foulston,Office Supplies,0.2,2.87,7,9.184,Central
US-2023-139311,8/11/2022,Sylvia Foulston,Office Supplies,0.8,-22.512,8,12.864,Central
US-2023-139311,8/11/2022,Sylvia Foulston,Office Supplies,0.2,10.0116,4,29.664,Central
US-2023-139311,8/11/2022,Sylvia Foulston,Technology,0.2,13.4386,2,153.584,Central
US-2023-160899,8/11/2022,Daniel Raglin,Office Supplies,0,219.6546,11,477.51,South
US-2023-106537,8/12/2022,Rick Hansen,Office Supplies,0.2,7.2576,4,20.736,South
US-2023-118941,8/12/2022,Brenda Bowman,Furniture,0,373.779,5,1779.9,East
US-2023-118941,8/12/2022,Brenda Bowman,Office Supplies,0,59.373,5,219.9,East
US-2023-118941,8/12/2022,Brenda Bowman,Office Supplies,0,5.256,3,17.52,East
US-2023-152310,8/12/2022,Dana Kaydos,Office Supplies,0.2,37.764,6,100.704,West
US-2023-152310,8/12/2022,Dana Kaydos,Office Supplies,0,92.2368,4,192.16,West
US-2023-152310,8/12/2022,Dana Kaydos,Office Supplies,0,11.685,3,46.74,West
US-2023-152310,8/12/2022,Dana Kaydos,Technology,0,12.2465,5,174.95,West
US-2023-152310,8/12/2022,Dana Kaydos,Technology,0,89.997,1,299.99,West
US-2023-152310,8/12/2022,Dana Kaydos,Technology,0.2,27.2952,8,242.624,West
US-2023-158169,8/12/2022,Justin MacKendrick,Furniture,0,19.7712,4,54.92,West
US-2023-158169,8/12/2022,Justin MacKendrick,Office Supplies,0,152.0232,3,542.94,West
US-2023-100580,8/13/2022,Michael Kennedy,Office Supplies,0.2,11.7078,3,36.024,West
US-2023-103828,8/13/2022,Jay Kimmel,Office Supplies,0,22.6233,7,83.79,West
US-2023-103828,8/13/2022,Jay Kimmel,Office Supplies,0,15.4752,3,59.52,West
US-2023-103828,8/13/2022,Jay Kimmel,Office Supplies,0,8.4888,3,31.44,West
US-2023-103828,8/13/2022,Jay Kimmel,Office Supplies,0,9.2568,4,31.92,West
US-2023-128363,8/13/2022,Dan Campbell,Furniture,0.2,47.6604,2,423.648,South
US-2023-128363,8/13/2022,Dan Campbell,Furniture,0.2,0,1,31.984,South
US-2023-128363,8/13/2022,Dan Campbell,Office Supplies,0.2,30.6054,7,272.048,South
US-2023-128363,8/13/2022,Dan Campbell,Office Supplies,0.7,-1237.8462,6,1614.582,South
US-2023-128363,8/13/2022,Dan Campbell,Office Supplies,0.2,4.797,5,14.76,South
US-2023-128363,8/13/2022,Dan Campbell,Office Supplies,0.2,9.12,5,24.32,South
US-2023-128363,8/13/2022,Dan Campbell,Technology,0.2,0.4752,2,1.584,South
US-2023-167542,8/13/2022,Keith Dawkins,Office Supplies,0.2,5.9211,3,17.544,East
US-2023-105921,8/14/2022,Janet Martin,Furniture,0.2,5.2287,3,418.296,West
US-2023-169264,8/14/2022,Nora Preis,Office Supplies,0,4.3368,6,16.68,West
US-2023-169264,8/14/2022,Nora Preis,Office Supplies,0,2.8224,2,5.76,West
US-2023-117723,8/15/2022,Dionis Lloyd,Office Supplies,0.2,-337.806,6,1801.632,East
US-2023-138548,8/15/2022,James Galang,Office Supplies,0,25.4384,2,97.84,East
US-2023-144883,8/15/2022,Bill Overfelt,Office Supplies,0,23.184,8,50.4,Central
US-2023-122987,8/16/2022,Sarah Jordon,Office Supplies,0.7,-11.19,3,13.428,South
US-2023-122987,8/16/2022,Sarah Jordon,Office Supplies,0.2,-0.8392,4,67.136,South
US-2023-111423,8/17/2022,Edward Hooks,Furniture,0.1,97.6524,2,462.564,East
US-2023-111423,8/17/2022,Edward Hooks,Office Supplies,0.2,302.373,5,895.92,East
US-2023-118892,8/17/2022,Tom Prescott,Furniture,0.3,-630.882,9,4416.174,East
US-2023-133102,8/17/2022,Emily Ducich,Furniture,0.3,-2.1312,4,74.592,Central
US-2023-133102,8/17/2022,Emily Ducich,Furniture,0.6,-22.2388,2,16.784,Central
US-2023-133102,8/17/2022,Emily Ducich,Office Supplies,0.8,-99.1032,4,38.864,Central
US-2023-133102,8/17/2022,Emily Ducich,Office Supplies,0.2,1.002,3,8.016,Central
US-2023-133102,8/17/2022,Emily Ducich,Office Supplies,0.2,-1.041,2,5.552,Central
US-2023-151211,8/17/2022,Adrian Hane,Office Supplies,0,48.3771,3,102.93,South
US-2023-151211,8/17/2022,Adrian Hane,Technology,0,9.816,6,98.16,South
US-2023-166093,8/17/2022,Rick Wilson,Office Supplies,0,654.7554,9,2518.29,West
US-2023-166093,8/17/2022,Rick Wilson,Office Supplies,0.2,4.872,3,13.92,West
US-2023-166093,8/17/2022,Rick Wilson,Office Supplies,0.2,77.3696,8,221.056,West
US-2023-166093,8/17/2022,Rick Wilson,Office Supplies,0,11.68,2,23.36,West
US-2023-166093,8/17/2022,Rick Wilson,Office Supplies,0,3.852,2,8.56,West
US-2023-166093,8/17/2022,Rick Wilson,Office Supplies,0,140.5482,3,540.57,West
US-2023-166093,8/17/2022,Rick Wilson,Technology,0.2,8.997,3,71.976,West
US-2023-112809,8/18/2022,Russell Applegate,Office Supplies,0.8,-33.139,5,21.38,Central
US-2023-112809,8/18/2022,Russell Applegate,Office Supplies,0.8,-11.4648,4,6.744,Central
US-2023-112809,8/18/2022,Russell Applegate,Office Supplies,0.2,12.504,3,200.064,Central
US-2023-117947,8/18/2022,Nat Gilpin,Furniture,0,3.0814,2,9.94,East
US-2023-117947,8/18/2022,Nat Gilpin,Furniture,0,27.2862,3,88.02,East
US-2023-117947,8/18/2022,Nat Gilpin,Furniture,0,15.7872,2,40.48,East
US-2023-117947,8/18/2022,Nat Gilpin,Office Supplies,0.2,33.57,9,107.424,East
US-2023-117947,8/18/2022,Nat Gilpin,Technology,0,10.9939,1,37.91,East
US-2023-119809,8/18/2022,Yana Sorensen,Furniture,0,22.4196,3,65.94,West
US-2023-119809,8/18/2022,Yana Sorensen,Office Supplies,0.2,942.8157,9,2793.528,West
US-2023-119809,8/18/2022,Yana Sorensen,Office Supplies,0,290.0058,7,1000.02,West
US-2023-121027,8/18/2022,Helen Wasserman,Technology,0,371.316,2,843.9,West
US-2023-121027,8/18/2022,Helen Wasserman,Technology,0,224.424,9,1496.16,West
US-2023-122028,8/18/2022,Chloris Kastensmidt,Office Supplies,0.7,-7.9068,3,10.782,East
US-2023-151358,8/18/2022,Nicole Fjeld,Office Supplies,0,61.389,2,323.1,West
US-2023-162936,8/18/2022,Charles McCrossin,Technology,0,7.6494,2,23.18,East
US-2023-163069,8/18/2022,Pauline Johnson,Office Supplies,0.2,1.239,3,9.912,East
US-2023-100398,8/19/2022,Denny Ordway,Office Supplies,0.2,37.236,3,102.72,West
US-2023-101728,8/19/2022,Sonia Cooley,Office Supplies,0.8,-3.9032,2,2.296,Central
US-2023-115777,8/19/2022,Doug O'Connell,Office Supplies,0,9.3312,3,19.44,East
US-2023-132339,8/19/2022,Jennifer Braxton,Office Supplies,0,182.3553,1,387.99,East
US-2023-105326,8/20/2022,Kean Thornton,Office Supplies,0,12.4416,4,25.92,West
US-2023-111241,8/20/2022,Gene McClure,Office Supplies,0.2,77.714,5,239.12,West
US-2023-114356,8/20/2022,Tonja Turnell,Technology,0.2,3.596,1,35.96,South
US-2023-119011,8/20/2022,Lisa Ryan,Office Supplies,0,63.4368,6,226.56,West
US-2023-119011,8/20/2022,Lisa Ryan,Office Supplies,0,5.166,3,17.22,West
US-2023-119011,8/20/2022,Lisa Ryan,Technology,0.2,10.788,3,107.88,West
US-2023-137344,8/20/2022,Eleni McCrary,Office Supplies,0,10.4754,3,40.29,East
US-2023-102183,8/21/2022,Pete Kriz,Office Supplies,0.2,1453.1238,6,4305.552,East
US-2023-102183,8/21/2022,Pete Kriz,Office Supplies,0.2,11.2308,7,32.088,East
US-2023-109253,8/21/2022,Patrick Ryan,Furniture,0,10.3936,4,129.92,West
US-2023-109253,8/21/2022,Patrick Ryan,Furniture,0.2,28.4364,3,568.728,West
US-2023-109253,8/21/2022,Patrick Ryan,Office Supplies,0,54.9504,3,203.52,West
US-2023-109253,8/21/2022,Patrick Ryan,Office Supplies,0,4.9648,4,17.12,West
US-2023-109253,8/21/2022,Patrick Ryan,Office Supplies,0.2,42.4647,9,117.144,West
US-2023-109253,8/21/2022,Patrick Ryan,Office Supplies,0,24.84,5,51.75,West
US-2023-109253,8/21/2022,Patrick Ryan,Technology,0.2,37.7972,4,431.968,West
US-2023-112956,8/21/2022,Tracy Hopkins,Furniture,0,8.5544,2,25.16,East
US-2023-112956,8/21/2022,Tracy Hopkins,Furniture,0,31.2528,4,91.92,East
US-2023-112956,8/21/2022,Tracy Hopkins,Office Supplies,0,133.152,5,277.4,East
US-2023-117646,8/21/2022,Sung Chung,Furniture,0.2,7.11,3,22.752,West
US-2023-117646,8/21/2022,Sung Chung,Office Supplies,0.2,2.085,1,6.672,West
US-2023-117646,8/21/2022,Sung Chung,Office Supplies,0.2,20.7459,3,237.096,West
US-2023-121489,8/21/2022,Candace McMahon,Furniture,0.2,38.8704,6,388.704,West
US-2023-121489,8/21/2022,Candace McMahon,Office Supplies,0,34.3548,6,572.58,West
US-2023-121489,8/21/2022,Candace McMahon,Technology,0,11.613,2,33.18,West
US-2023-126956,8/21/2022,Greg Tran,Office Supplies,0,7.4872,2,15.28,Central
US-2023-126956,8/21/2022,Greg Tran,Office Supplies,0,16.8,7,35,Central
US-2023-126956,8/21/2022,Greg Tran,Office Supplies,0,10.7996,4,37.24,Central
US-2023-144750,8/21/2022,Dionis Lloyd,Office Supplies,0.2,29.358,1,83.88,West
US-2023-155705,8/21/2022,Natalie Fritzler,Furniture,0,225.264,4,866.4,South
US-2023-131037,8/22/2022,Tony Molinari,Furniture,0.2,2.6251,1,210.008,West
US-2023-132381,8/22/2022,Dean percer,Furniture,0.4,-83.8752,2,314.532,East
US-2023-129021,8/23/2022,Patrick O'Brill,Furniture,0.2,0.4176,2,2.784,South
US-2023-129021,8/23/2022,Patrick O'Brill,Office Supplies,0.2,12.1032,6,161.376,South
US-2023-129021,8/23/2022,Patrick O'Brill,Office Supplies,0.2,2.943,5,8.72,South
US-2023-129021,8/23/2022,Patrick O'Brill,Office Supplies,0.2,15.49,2,49.568,South
US-2023-129021,8/23/2022,Patrick O'Brill,Technology,0.2,327.5922,13,4367.896,South
US-2023-123043,8/24/2022,Alan Haines,Office Supplies,0.2,1.3104,1,3.744,East
US-2023-123043,8/24/2022,Alan Haines,Office Supplies,0.2,7.71,4,24.672,East
US-2023-139717,8/24/2022,Darrin Martin,Office Supplies,0.2,64.6272,8,646.272,East
US-2023-139717,8/24/2022,Darrin Martin,Office Supplies,0.2,3.7584,2,10.368,East
US-2023-101210,8/25/2022,Don Weiss,Office Supplies,0.2,1.7024,2,9.728,South
US-2023-101210,8/25/2022,Don Weiss,Office Supplies,0.2,1.07,1,3.424,South
US-2023-105697,8/25/2022,Joe Elijah,Office Supplies,0.2,1.9272,2,25.696,East
US-2023-114636,8/25/2022,Guy Armstrong,Office Supplies,0.2,67.256,5,192.16,South
US-2023-159793,8/25/2022,Seth Vernon,Furniture,0.5,-89.0664,2,130.98,East
US-2023-128475,8/26/2022,Steve Carroll,Technology,0,15.1158,2,71.98,South
US-2023-132584,8/26/2022,Heather Jas,Office Supplies,0,13.9672,4,53.72,Central
US-2023-157350,8/26/2022,Darren Powers,Furniture,0.6,-43.848,5,64.96,Central
US-2023-101273,8/27/2022,Shui Tom,Office Supplies,0.2,0.896,4,14.336,South
US-2023-130036,8/27/2022,Ben Peterman,Office Supplies,0.2,3.96,3,12.672,East
US-2023-130036,8/27/2022,Ben Peterman,Technology,0.2,209.979,14,1119.888,East
US-2023-133501,8/27/2022,Dana Kaydos,Office Supplies,0.2,1.8144,1,5.184,South
US-2023-134481,8/27/2022,Allen Rosenblatt,Furniture,0.3,-297.6848,7,1488.424,East
US-2023-139465,8/27/2022,Mathew Reese,Office Supplies,0.2,11.565,6,37.008,East
US-2023-139465,8/27/2022,Mathew Reese,Office Supplies,0,16.5984,8,63.84,East
US-2023-139465,8/27/2022,Mathew Reese,Technology,0,100.9113,3,347.97,East
US-2023-155047,8/27/2022,Sanjit Engle,Office Supplies,0.2,0.372,1,5.952,Central
US-2023-161956,8/27/2022,Dan Reichenbach,Furniture,0.2,23.028,3,230.28,West
US-2023-161956,8/27/2022,Dan Reichenbach,Furniture,0,99.23,2,198.46,West
US-2023-161956,8/27/2022,Dan Reichenbach,Office Supplies,0,96.576,4,321.92,West
US-2023-161956,8/27/2022,Dan Reichenbach,Office Supplies,0.2,294.5488,2,841.568,West
US-2023-161956,8/27/2022,Dan Reichenbach,Office Supplies,0,56.9772,3,116.28,West
US-2023-161956,8/27/2022,Dan Reichenbach,Office Supplies,0,17.745,5,354.9,West
US-2023-161956,8/27/2022,Dan Reichenbach,Office Supplies,0,8.236,5,28.4,West
US-2023-161956,8/27/2022,Dan Reichenbach,Technology,0.2,329.994,2,879.984,West
US-2023-162208,8/27/2022,Stefania Perrino,Office Supplies,0.2,0.9774,1,2.896,South
US-2023-163097,8/27/2022,Sarah Foster,Furniture,0.2,33.1584,8,120.576,West
US-2023-126067,8/28/2022,Kristina Nunn,Furniture,0,250.305,5,1137.75,West
US-2023-126067,8/28/2022,Kristina Nunn,Office Supplies,0,1.4456,2,5.56,West
US-2023-126067,8/28/2022,Kristina Nunn,Office Supplies,0.2,32.396,5,99.68,West
US-2023-126067,8/28/2022,Kristina Nunn,Technology,0.2,11.4296,4,35.168,West
US-2023-146920,8/28/2022,Sean Christensen,Office Supplies,0.2,9.352,5,26.72,Central
US-2023-146920,8/28/2022,Sean Christensen,Office Supplies,0.2,7.92,6,25.344,Central
US-2023-169502,8/28/2022,Matthew Grinstein,Office Supplies,0,26.564,5,91.6,Central
US-2023-169502,8/28/2022,Matthew Grinstein,Office Supplies,0,5.8887,3,21.81,Central
US-2023-101014,8/29/2022,Rick Wilson,Furniture,0,41.4456,3,148.02,West
US-2023-104024,8/29/2022,Michael Dominguez,Office Supplies,0.2,0.7056,7,9.408,East
US-2023-144064,8/29/2022,Cathy Prescott,Office Supplies,0.8,-5.184,9,3.24,Central
US-2023-144064,8/29/2022,Cathy Prescott,Office Supplies,0.2,17.76,4,47.36,Central
US-2023-144064,8/29/2022,Cathy Prescott,Office Supplies,0.2,2.401,2,27.44,Central
US-2023-107321,8/31/2022,Arthur Wiediger,Office Supplies,0.2,2.1684,3,6.672,West
US-2023-107321,8/31/2022,Arthur Wiediger,Technology,0.2,77.5584,4,689.408,West
US-2023-117198,8/31/2022,Barry Gonzalez,Technology,0,217.767,2,659.9,South
US-2023-127712,8/31/2022,Michael Granlund,Office Supplies,0.2,0.6984,2,6.208,West
US-2023-132619,8/31/2022,Maxwell Schwartz,Office Supplies,0,9.6975,3,193.95,West
US-2023-133004,8/31/2022,Ashley Jarboe,Office Supplies,0,166.0698,9,638.73,Central
US-2023-135062,8/31/2022,Rob Lucas,Office Supplies,0.2,83.2097,7,229.544,South
US-2023-154074,8/31/2022,Bart Watters,Furniture,0.2,7.1196,2,569.568,West
US-2023-154074,8/31/2022,Bart Watters,Office Supplies,0,43.4217,7,149.73,West
US-2023-159884,8/31/2022,Jeremy Farry,Office Supplies,0.2,2.7222,3,8.376,West
US-2023-159884,8/31/2022,Jeremy Farry,Office Supplies,0.2,0.8058,1,10.744,West
US-2023-107909,9/1/2022,Sung Shariari,Office Supplies,0.2,8.022,5,22.92,West
US-2023-107909,9/1/2022,Sung Shariari,Technology,0,6.7966,1,19.99,West
US-2023-128041,9/1/2022,Rick Wilson,Furniture,0,45.3696,4,283.56,West
US-2023-128041,9/1/2022,Rick Wilson,Office Supplies,0,103.818,4,314.6,West
US-2023-131625,9/1/2022,Bradley Nguyen,Furniture,0,39.066,5,114.9,East
US-2023-135230,9/1/2022,Christine Kargatis,Office Supplies,0,2.9562,1,7.58,West
US-2023-145653,9/1/2022,Cynthia Arntzen,Furniture,0,134.5302,7,498.26,Central
US-2023-102218,9/2/2022,Luke Weiss,Office Supplies,0.2,3.9474,2,11.696,West
US-2023-110380,9/2/2022,Phillip Flathmann,Office Supplies,0,1.7739,3,6.57,West
US-2023-111220,9/2/2022,Jill Stevenson,Office Supplies,0.8,-15.0876,2,5.588,Central
US-2023-111220,9/2/2022,Jill Stevenson,Office Supplies,0.2,5.6,4,16,Central
US-2023-111220,9/2/2022,Jill Stevenson,Office Supplies,0.2,-44.235,5,235.92,Central
US-2023-111388,9/2/2022,Stephanie Ulpright,Furniture,0.2,-2.6997,3,215.976,West
US-2023-113075,9/2/2022,Mick Crebagga,Technology,0.2,-7.119,3,40.68,Central
US-2023-114216,9/2/2022,Ralph Kennedy,Office Supplies,0.2,4.1148,3,12.192,East
US-2023-114552,9/2/2022,Dorris liebe,Furniture,0.2,4.1448,3,15.072,East
US-2023-123001,9/2/2022,Anthony Witt,Office Supplies,0,2.726,5,9.4,West
US-2023-123001,9/2/2022,Anthony Witt,Office Supplies,0,37,5,74,West
US-2023-123001,9/2/2022,Anthony Witt,Technology,0.2,12.599,2,201.584,West
US-2023-137596,9/2/2022,Bill Eplett,Office Supplies,0,81.0474,2,352.38,Central
US-2023-137596,9/2/2022,Bill Eplett,Technology,0,829.3754,7,1928.78,Central
US-2023-137596,9/2/2022,Bill Eplett,Technology,0,323.946,4,1199.8,Central
US-2023-145037,9/2/2022,Ted Butterfield,Office Supplies,0,37.5624,4,79.92,East
US-2023-145037,9/2/2022,Ted Butterfield,Office Supplies,0,73.41,3,146.82,East
US-2023-145037,9/2/2022,Ted Butterfield,Office Supplies,0,2.834,1,10.9,East
US-2023-146983,9/2/2022,Alan Hwang,Office Supplies,0,757.4112,3,1577.94,South
US-2023-157987,9/2/2022,Ann Chong,Furniture,0.1,213.735,5,1282.41,East
US-2023-157987,9/2/2022,Ann Chong,Furniture,0,3.462,2,11.54,East
US-2023-157987,9/2/2022,Ann Chong,Furniture,0.4,-93.3262,1,254.526,East
US-2023-157987,9/2/2022,Ann Chong,Office Supplies,0,3.7642,1,12.98,East
US-2023-157987,9/2/2022,Ann Chong,Office Supplies,0,6.468,2,23.1,East
US-2023-157987,9/2/2022,Ann Chong,Office Supplies,0,2.214,3,4.92,East
US-2023-157987,9/2/2022,Ann Chong,Office Supplies,0.2,8.9208,8,26.432,East
US-2023-157987,9/2/2022,Ann Chong,Office Supplies,0,9.072,6,18.9,East
US-2023-157987,9/2/2022,Ann Chong,Office Supplies,0,7.704,4,17.12,East
US-2023-157987,9/2/2022,Ann Chong,Technology,0,40.3128,3,167.97,East
US-2023-157987,9/2/2022,Ann Chong,Technology,0,38.08,2,238,East
US-2023-157987,9/2/2022,Ann Chong,Technology,0,57.4113,3,197.97,East
US-2023-163657,9/2/2022,Janet Lee,Furniture,0.2,-2.9566,2,236.528,West
US-2023-163657,9/2/2022,Janet Lee,Office Supplies,0.2,6.552,5,18.72,West
US-2023-169327,9/2/2022,Marc Harrigan,Furniture,0,132.99,5,511.5,West
US-2023-169327,9/2/2022,Marc Harrigan,Office Supplies,0,11.206,5,43.1,West
US-2023-169327,9/2/2022,Marc Harrigan,Office Supplies,0.2,46.225,5,147.92,West
US-2023-122637,9/3/2022,Emily Phan,Office Supplies,0.8,-68.1856,7,42.616,Central
US-2023-123022,9/3/2022,Sample Company A,Office Supplies,0.2,28.896,5,82.56,West
US-2023-123022,9/3/2022,Sample Company A,Technology,0,85.491,3,284.97,West
US-2023-146136,9/3/2022,Arthur Prichep,Office Supplies,0.2,8.8624,4,24.448,South
US-2023-153255,9/3/2022,Joe Kamberova,Furniture,0.15,14.098,2,239.666,West
US-2023-161067,9/3/2022,Katrina Bavinger,Furniture,0.1,14.1246,1,90.801,East
US-2023-161067,9/3/2022,Katrina Bavinger,Furniture,0.1,-8.0784,2,181.764,East
US-2023-161067,9/3/2022,Katrina Bavinger,Office Supplies,0,2.224,2,5.56,East
US-2023-161067,9/3/2022,Katrina Bavinger,Office Supplies,0,201.312,4,419.4,East
US-2023-161557,9/3/2022,Arthur Gainer,Furniture,0.6,-105.69,5,108.4,Central
US-2023-161823,9/3/2022,Aleksandra Gannaway,Office Supplies,0,1.6688,2,5.96,West
US-2023-167626,9/3/2022,Muhammed Yedwab,Office Supplies,0.2,3.339,3,8.904,Central
US-2023-167626,9/3/2022,Muhammed Yedwab,Technology,0.2,21.42,2,100.8,Central
US-2023-100783,9/4/2022,Julie Kriz,Office Supplies,0.2,3.798,1,30.384,Central
US-2023-101182,9/4/2022,Katrina Bavinger,Office Supplies,0,6.2208,2,12.96,West
US-2023-101182,9/4/2022,Katrina Bavinger,Technology,0.2,15.1116,3,43.176,West
US-2023-102750,9/4/2022,Greg Maxwell,Furniture,0.2,-99.1764,3,1322.352,West
US-2023-109757,9/4/2022,Maribeth Dona,Office Supplies,0.2,0.6192,4,8.256,East
US-2023-109757,9/4/2022,Maribeth Dona,Office Supplies,0.7,-3.0576,2,4.368,East
US-2023-109757,9/4/2022,Maribeth Dona,Office Supplies,0.7,-20.448,5,25.56,East
US-2023-109757,9/4/2022,Maribeth Dona,Office Supplies,0.2,3.744,4,11.52,East
US-2023-116680,9/4/2022,Pete Kriz,Furniture,0.2,92.392,8,1478.272,West
US-2023-116680,9/4/2022,Pete Kriz,Office Supplies,0.2,4.3368,6,13.344,West
US-2023-117261,9/4/2022,Tiffany House,Office Supplies,0,0.5432,4,54.32,West
US-2023-117394,9/4/2022,Michael Moore,Technology,0.2,-1.428,4,19.04,East
US-2023-117450,9/4/2022,Doug O'Connell,Furniture,0.2,6.074,2,97.184,South
US-2023-117450,9/4/2022,Doug O'Connell,Office Supplies,0.2,3.6288,2,10.368,South
US-2023-120761,9/4/2022,Aimee Bixby,Technology,0,39.5428,4,91.96,East
US-2023-137582,9/4/2022,Cynthia Voltz,Office Supplies,0.2,4.1328,3,11.808,West
US-2023-140326,9/4/2022,Helen Wasserman,Furniture,0.3,-117.882,9,825.174,Central
US-2023-140326,9/4/2022,Helen Wasserman,Office Supplies,0.2,0.864,3,6.912,Central
US-2023-140326,9/4/2022,Helen Wasserman,Office Supplies,0.2,5.55,3,17.76,Central
US-2023-141929,9/4/2022,Ralph Arnett,Office Supplies,0.2,152.495,2,487.984,West
US-2023-141929,9/4/2022,Ralph Arnett,Office Supplies,0,65.355,5,217.85,West
US-2023-141929,9/4/2022,Ralph Arnett,Technology,0.2,1.7375,1,5.56,West
US-2023-147410,9/4/2022,Eva Jacobs,Office Supplies,0,105.275,2,421.1,West
US-2023-147655,9/4/2022,Aaron Smayling,Office Supplies,0.7,-58.716,7,88.074,West
US-2023-152485,9/4/2022,John Dryer,Office Supplies,0.2,3.772,5,13.12,Central
US-2023-152485,9/4/2022,John Dryer,Office Supplies,0.2,3.185,7,10.192,Central
US-2023-152485,9/4/2022,John Dryer,Office Supplies,0.2,-0.2098,1,16.784,Central
US-2023-166394,9/4/2022,Vivian Mathis,Office Supplies,0,6.9654,6,14.82,East
US-2023-102736,9/5/2022,Liz Preis,Office Supplies,0.2,7.196,5,71.96,South
US-2023-102736,9/5/2022,Liz Preis,Office Supplies,0.2,5.4432,3,15.552,South
US-2023-102736,9/5/2022,Liz Preis,Technology,0.2,-1.1196,4,89.568,South
US-2023-107293,9/5/2022,Christopher Schild,Office Supplies,0,0.7228,1,2.78,West
US-2023-120705,9/5/2022,Michael Grace,Office Supplies,0.2,-29.4368,2,147.184,South
US-2023-100160,9/7/2022,Cassandra Brandow,Office Supplies,0.2,1.6524,3,4.896,East
US-2023-100160,9/7/2022,Cassandra Brandow,Office Supplies,0.2,9.8685,5,29.24,East
US-2023-100160,9/7/2022,Cassandra Brandow,Office Supplies,0.2,5.4432,3,15.552,East
US-2023-100335,9/7/2022,Nicole Fjeld,Office Supplies,0.2,26.4654,9,73.008,Central
US-2023-103877,9/7/2022,Robert Dilbeck,Office Supplies,0,757.4112,3,1577.94,Central
US-2023-104094,9/7/2022,Anna Gayman,Technology,0,1.8872,1,13.48,Central
US-2023-107244,9/7/2022,Allen Goldenen,Furniture,0,8.2992,4,19.76,West
US-2023-124401,9/7/2022,Ruben Dartt,Office Supplies,0.2,2.355,3,37.68,West
US-2023-124401,9/7/2022,Ruben Dartt,Technology,0.2,80.4839,7,279.944,West
US-2023-128769,9/7/2022,Dario Medina,Office Supplies,0.2,7.1372,2,81.568,South
US-2023-128783,9/7/2022,Trudy Glocke,Furniture,0,37.884,5,135.3,Central
US-2023-128783,9/7/2022,Trudy Glocke,Technology,0,46.5432,4,113.52,Central
US-2023-129441,9/7/2022,Jasper Cacioppo,Furniture,0,2.397,3,47.94,West
US-2023-130687,9/7/2022,Phillip Flathmann,Furniture,0,34.8128,4,80.96,West
US-2023-130687,9/7/2022,Phillip Flathmann,Office Supplies,0,7.2744,1,25.98,West
US-2023-130687,9/7/2022,Phillip Flathmann,Technology,0.2,34.1784,2,455.712,West
US-2023-148929,9/7/2022,Stefania Perrino,Office Supplies,0,133.8624,8,478.08,East
US-2023-150070,9/7/2022,Joseph Airdo,Furniture,0.2,-28.2744,2,161.568,West
US-2023-151008,9/7/2022,Justin MacKendrick,Furniture,0,10.5672,2,25.16,West
US-2023-151008,9/7/2022,Justin MacKendrick,Technology,0.2,47.46,4,126.56,West
US-2023-163692,9/7/2022,Dean percer,Office Supplies,0.7,-6.0237,3,7.857,West
US-2023-169488,9/7/2022,Allen Armold,Office Supplies,0,18.7812,2,39.96,East
US-2023-169488,9/7/2022,Allen Armold,Office Supplies,0,7.774,5,16.9,East
US-2023-124779,9/8/2022,Barry Französisch,Furniture,0.3,-39.637,5,213.43,Central
US-2023-124779,9/8/2022,Barry Französisch,Furniture,0.6,-11.6512,2,21.184,Central
US-2023-124779,9/8/2022,Barry Französisch,Office Supplies,0.8,-68.1856,7,42.616,Central
US-2023-124779,9/8/2022,Barry Französisch,Office Supplies,0.2,15.498,5,45.92,Central
US-2023-124779,9/8/2022,Barry Französisch,Office Supplies,0.2,7.2576,4,20.736,Central
US-2023-124779,9/8/2022,Barry Französisch,Technology,0.2,107.9946,2,319.984,Central
US-2023-124968,9/8/2022,Michelle Moray,Furniture,0.5,-566.5625,7,765.625,Central
US-2023-126396,9/8/2022,Alex Russell,Technology,0.2,20.235,6,85.2,Central
US-2023-132437,9/8/2022,Eudokia Martin,Office Supplies,0,16.9312,4,65.12,East
US-2023-144456,9/8/2022,Frank Carlisle,Office Supplies,0.2,5.397,5,61.68,South
US-2023-144456,9/8/2022,Frank Carlisle,Technology,0.2,13.8579,3,158.376,South
US-2023-149895,9/8/2022,Eugene Barchas,Technology,0.4,-47.3968,2,258.528,East
US-2023-152856,9/8/2022,Roland Schwarz,Technology,0.2,33.5892,4,116.832,East
US-2023-158036,9/8/2022,Dorothy Badders,Technology,0.2,1.7055,1,9.096,East
US-2023-100825,9/9/2022,Keith Dawkins,Office Supplies,0,23.9688,3,99.87,West
US-2023-118087,9/9/2022,Stefania Perrino,Furniture,0.3,-48.4704,2,141.372,East
US-2023-118087,9/9/2022,Stefania Perrino,Furniture,0.2,1.7024,2,17.024,East
US-2023-118087,9/9/2022,Stefania Perrino,Office Supplies,0.2,1.5768,1,4.672,East
US-2023-118087,9/9/2022,Stefania Perrino,Office Supplies,0.7,-3.6024,1,4.503,East
US-2023-118087,9/9/2022,Stefania Perrino,Office Supplies,0.7,-2.3276,2,3.036,East
US-2023-118087,9/9/2022,Stefania Perrino,Technology,0.2,64.674,3,258.696,East
US-2023-118087,9/9/2022,Stefania Perrino,Technology,0.2,28.764,3,95.88,East
US-2023-118087,9/9/2022,Stefania Perrino,Technology,0.4,-386.3916,7,1931.958,East
US-2023-137498,9/9/2022,Liz Carlisle,Furniture,0.2,-15.245,5,243.92,West
US-2023-137498,9/9/2022,Liz Carlisle,Office Supplies,0,1.9024,2,6.56,West
US-2023-137498,9/9/2022,Liz Carlisle,Office Supplies,0,22.8096,9,47.52,West
US-2023-139444,9/9/2022,Grace Kelly,Office Supplies,0.2,3.4496,4,9.856,Central
US-2023-146213,9/9/2022,Matt Connell,Technology,0,51.1872,4,159.96,West
US-2023-147228,9/9/2022,Sean O'Donnell,Furniture,0.2,4.2408,3,14.136,South
US-2023-147228,9/9/2022,Sean O'Donnell,Office Supplies,0.2,62.1376,4,177.536,South
US-2023-147228,9/9/2022,Sean O'Donnell,Office Supplies,0.2,-3.231,2,258.48,South
US-2023-147228,9/9/2022,Sean O'Donnell,Office Supplies,0.2,-1.9872,3,8.832,South
US-2023-147361,9/9/2022,Sean Braxton,Office Supplies,0,12.5762,7,628.81,South
US-2023-147361,9/9/2022,Sean Braxton,Office Supplies,0,14.677,5,56.45,South
US-2023-152198,9/9/2022,Joy Daniels,Office Supplies,0.7,-5.215,2,6.258,East
US-2023-152198,9/9/2022,Joy Daniels,Office Supplies,0.7,-3.564,3,4.86,East
US-2023-152198,9/9/2022,Joy Daniels,Office Supplies,0.2,5.9778,6,17.712,East
US-2023-155929,9/9/2022,Arianne Irving,Office Supplies,0.2,2.388,2,6.368,West
US-2023-159562,9/9/2022,Joy Bell-,Office Supplies,0,8.2156,2,17.48,Central
US-2023-168403,9/9/2022,Damala Kotsonis,Office Supplies,0.2,0.8382,1,11.176,West
US-2023-168403,9/9/2022,Damala Kotsonis,Office Supplies,0.2,11.2752,6,31.104,West
US-2023-169439,9/9/2022,Logan Currie,Furniture,0.2,-9.0904,2,66.112,East
US-2023-169439,9/9/2022,Logan Currie,Office Supplies,0.2,3.888,5,25.92,East
US-2023-110905,9/10/2022,Robert Waldorf,Office Supplies,0,7.254,2,24.18,Central
US-2023-110905,9/10/2022,Robert Waldorf,Office Supplies,0,14.6157,3,33.99,Central
US-2023-110905,9/10/2022,Robert Waldorf,Office Supplies,0,6.5808,3,13.71,Central
US-2023-110905,9/10/2022,Robert Waldorf,Office Supplies,0,7.776,3,16.2,Central
US-2023-110905,9/10/2022,Robert Waldorf,Office Supplies,0,11.703,5,24.9,Central
US-2023-110905,9/10/2022,Robert Waldorf,Office Supplies,0,17.1774,3,286.29,Central
US-2023-110905,9/10/2022,Robert Waldorf,Technology,0,6.768,6,112.8,Central
US-2023-110905,9/10/2022,Robert Waldorf,Technology,0,53.433,5,296.85,Central
US-2023-120999,9/10/2022,Linda Cazamias,Technology,0.2,16.5564,4,147.168,Central
US-2023-122280,9/10/2022,Shahid Hopkins,Office Supplies,0,9.0048,2,18.76,East
US-2023-123036,9/10/2022,Helen Abelman,Technology,0.2,8.8008,4,37.056,East
US-2023-123036,9/10/2022,Helen Abelman,Technology,0.4,-56.3108,2,259.896,East
US-2023-126438,9/10/2022,Alex Russell,Office Supplies,0,3.72,2,14.88,East
US-2023-128370,9/10/2022,Frank Hawley,Furniture,0.2,27.1764,3,362.352,West
US-2023-128370,9/10/2022,Frank Hawley,Office Supplies,0.2,2.245,2,7.184,West
US-2023-147403,9/10/2022,Ken Heidel,Office Supplies,0.2,28.7064,3,85.056,East
US-2023-152093,9/10/2022,Skye Norling,Office Supplies,0.8,-1143.891,3,762.594,Central
US-2023-159954,9/10/2022,Shahid Shariari,Office Supplies,0,1.3622,1,2.78,South
US-2023-112774,9/11/2022,Ryan Crowe,Furniture,0.2,6.0382,1,34.504,South
US-2023-117044,9/11/2022,Helen Andreada,Office Supplies,0.2,3.29,4,10.528,Central
US-2023-117044,9/11/2022,Helen Andreada,Office Supplies,0.2,6.42,6,20.544,Central
US-2023-124898,9/11/2022,Daniel Byrd,Office Supplies,0,84.9436,7,184.66,South
US-2023-127726,9/11/2022,Shahid Shariari,Office Supplies,0,50.8768,4,195.68,South
US-2023-127726,9/11/2022,Shahid Shariari,Office Supplies,0,6.674,4,14.2,South
US-2023-142188,9/11/2022,Jennifer Ferguson,Furniture,0.2,8.8784,2,177.568,West
US-2023-142188,9/11/2022,Jennifer Ferguson,Office Supplies,0.2,459.9875,5,1471.96,West
US-2023-142188,9/11/2022,Jennifer Ferguson,Office Supplies,0,9.3312,3,19.44,West
US-2023-142188,9/11/2022,Jennifer Ferguson,Office Supplies,0,34.2144,11,71.28,West
US-2023-142188,9/11/2022,Jennifer Ferguson,Technology,0.2,-17.991,5,79.96,West
US-2023-144484,9/11/2022,Cassandra Brandow,Furniture,0,11.6496,4,32.36,West
US-2023-144484,9/11/2022,Cassandra Brandow,Office Supplies,0,113.848,5,406.6,West
US-2023-149559,9/11/2022,Karen Ferguson,Furniture,0.2,256.784,8,2054.272,West
US-2023-149559,9/11/2022,Karen Ferguson,Office Supplies,0,10.8682,2,22.18,West
US-2023-149559,9/11/2022,Karen Ferguson,Office Supplies,0,6.2208,2,12.96,West
US-2023-152898,9/11/2022,Cassandra Brandow,Office Supplies,0,20.37,5,67.9,South
US-2023-160836,9/11/2022,Cindy Chapman,Furniture,0.3,-65.853,5,512.19,Central
US-2023-160836,9/11/2022,Cindy Chapman,Office Supplies,0.8,-4.2012,2,1.556,Central
US-2023-160836,9/11/2022,Cindy Chapman,Office Supplies,0.2,3.21,3,10.272,Central
US-2023-166898,9/11/2022,Ken Heidel,Office Supplies,0,9.3312,3,19.44,West
US-2023-166898,9/11/2022,Ken Heidel,Technology,0.2,17.994,6,143.952,West
US-2023-103611,9/12/2022,Jessica Myrick,Furniture,0,3.0096,2,8.36,West
US-2023-108749,9/12/2022,Don Jones,Office Supplies,0,22.89,3,45.78,East
US-2023-108749,9/12/2022,Don Jones,Office Supplies,0,21.7728,7,45.36,East
US-2023-109582,9/12/2022,John Murray,Office Supplies,0,79.8912,3,166.44,West
US-2023-140676,9/12/2022,Bart Folk,Office Supplies,0,26.3494,7,90.86,East
US-2023-140676,9/12/2022,Bart Folk,Office Supplies,0,19.95,5,39.9,East
US-2023-140676,9/12/2022,Bart Folk,Office Supplies,0,45.528,5,94.85,East
US-2023-139493,9/13/2022,Speros Goranitis,Office Supplies,0.2,2.786,5,15.92,South
US-2023-108931,9/14/2022,Henia Zydlo,Office Supplies,0,3.852,2,8.56,East
US-2023-108931,9/14/2022,Henia Zydlo,Office Supplies,0,5.6644,2,11.56,East
US-2023-114440,9/14/2022,Tracy Blumstein,Office Supplies,0,8.763,3,19.05,Central
US-2023-115882,9/14/2022,Dorothy Badders,Office Supplies,0.2,94.2784,4,942.784,South
US-2023-115882,9/14/2022,Dorothy Badders,Office Supplies,0.2,23.235,3,74.352,South
US-2023-130302,9/14/2022,Craig Yedwab,Technology,0.2,190.3881,7,895.944,East
US-2023-147725,9/14/2022,Liz Thompson,Office Supplies,0,18.447,3,70.95,East
US-2023-152975,9/14/2022,Roger Barcio,Furniture,0.1,-6.549,5,589.41,East
US-2023-152975,9/14/2022,Roger Barcio,Office Supplies,0,8.6855,5,29.95,East
US-2023-152975,9/14/2022,Roger Barcio,Office Supplies,0,3.549,1,70.98,East
US-2023-152975,9/14/2022,Roger Barcio,Technology,0,323.955,3,1079.85,East
US-2023-156237,9/14/2022,Pamela Stobb,Furniture,0.3,-29.1528,2,113.372,East
US-2023-156237,9/14/2022,Pamela Stobb,Furniture,0.2,4.7976,8,127.936,East
US-2023-156237,9/14/2022,Pamela Stobb,Office Supplies,0.7,-2.588,2,3.882,East
US-2023-156237,9/14/2022,Pamela Stobb,Office Supplies,0.7,-12.208,4,18.312,East
US-2023-156237,9/14/2022,Pamela Stobb,Technology,0.7,-168.819,2,241.17,East
US-2023-156237,9/14/2022,Pamela Stobb,Technology,0.7,-18.0385,1,12.585,East
US-2023-157224,9/14/2022,Joy Bell-,Office Supplies,0,26.082,9,56.7,West
US-2023-116652,9/15/2022,Rick Duston,Furniture,0.2,0,3,218.352,West
US-2023-116652,9/15/2022,Rick Duston,Furniture,0,105.98,5,529.9,West
US-2023-116652,9/15/2022,Rick Duston,Office Supplies,0,30.5088,2,108.96,West
US-2023-116652,9/15/2022,Rick Duston,Office Supplies,0,41.706,10,99.3,West
US-2023-116652,9/15/2022,Rick Duston,Office Supplies,0.2,0.84,1,2.688,West
US-2023-121888,9/15/2022,Carl Ludwig,Furniture,0,203.5644,3,782.94,East
US-2023-121888,9/15/2022,Carl Ludwig,Office Supplies,0,6.512,2,16.28,East
US-2023-121888,9/15/2022,Carl Ludwig,Office Supplies,0,116.3904,7,242.48,East
US-2023-121888,9/15/2022,Carl Ludwig,Technology,0,11.5971,1,39.99,East
US-2023-124205,9/15/2022,Theresa Coyne,Furniture,0,143.6288,4,512.96,East
US-2023-124205,9/15/2022,Theresa Coyne,Furniture,0,18.96,5,47.4,East
US-2023-124205,9/15/2022,Theresa Coyne,Office Supplies,0,0,2,81.96,East
US-2023-124205,9/15/2022,Theresa Coyne,Technology,0,102.9444,6,395.94,East
US-2023-127096,9/15/2022,Christopher Schild,Furniture,0.2,11.2839,1,300.904,West
US-2023-130043,9/15/2022,Brenda Bowman,Office Supplies,0.2,11.5536,8,31.872,Central
US-2023-132353,9/15/2022,Dave Brooks,Technology,0.2,20.2485,3,323.976,Central
US-2023-134418,9/15/2022,Gene McClure,Office Supplies,0,5.2164,3,12.42,West
US-2023-139822,9/15/2022,Dean percer,Office Supplies,0,10.8136,2,38.62,East
US-2023-139822,9/15/2022,Dean percer,Technology,0,10.7964,2,59.98,East
US-2023-145737,9/15/2022,Alan Barnes,Office Supplies,0.2,59.4355,5,163.96,South
US-2023-146185,9/15/2022,Charles Crestani,Office Supplies,0.2,8.3328,2,31.744,Central
US-2023-163020,9/15/2022,Meg O'Connel,Furniture,0,12.0904,7,35.56,East
US-2023-163300,9/15/2022,Erica Smith,Furniture,0.2,-20.7846,3,184.752,West
US-2023-163300,9/15/2022,Erica Smith,Office Supplies,0.2,884.058,7,2357.488,West
US-2023-163300,9/15/2022,Erica Smith,Technology,0.2,32.3351,7,369.544,West
US-2023-165008,9/15/2022,Doug O'Connell,Office Supplies,0.2,106.9578,9,295.056,West
US-2023-112984,9/16/2022,Evan Henry,Office Supplies,0.2,6.42,6,20.544,East
US-2023-118136,9/16/2022,Barry Blumstein,Office Supplies,0,1.5548,1,5.98,West
US-2023-118136,9/16/2022,Barry Blumstein,Office Supplies,0,4.0572,2,8.82,West
US-2023-130715,9/16/2022,Craig Yedwab,Office Supplies,0,8.771,5,17.9,West
US-2023-134173,9/16/2022,Adam Bellavance,Office Supplies,0.2,7.2576,4,20.736,East
US-2023-136448,9/16/2022,Adam Shillingsburg,Furniture,0.2,2.2512,3,22.512,East
US-2023-136448,9/16/2022,Adam Shillingsburg,Office Supplies,0.7,-412.6154,2,538.194,East
US-2023-136448,9/16/2022,Adam Shillingsburg,Office Supplies,0.7,-2.7552,2,3.444,East
US-2023-136448,9/16/2022,Adam Shillingsburg,Technology,0.2,19.7934,3,71.976,East
US-2023-136448,9/16/2022,Adam Shillingsburg,Technology,0.2,14.3952,2,47.984,East
US-2023-141446,9/16/2022,Craig Leslie,Technology,0,3.24,1,18,South
US-2023-144113,9/16/2022,Jay Fein,Office Supplies,0.2,6.3684,2,17.568,Central
US-2023-144113,9/16/2022,Jay Fein,Technology,0.2,5.5992,1,55.992,Central
US-2023-105669,9/17/2022,Sanjit Jacobs,Furniture,0.3,-77.333,5,318.43,Central
US-2023-105669,9/17/2022,Sanjit Jacobs,Office Supplies,0.2,3.2214,3,9.912,Central
US-2023-105669,9/17/2022,Sanjit Jacobs,Office Supplies,0.8,-10.15,5,5.8,Central
US-2023-105669,9/17/2022,Sanjit Jacobs,Technology,0.2,88.485,6,1415.76,Central
US-2023-112515,9/17/2022,Alan Schoenberger,Furniture,0,77.5764,3,1292.94,West
US-2023-112515,9/17/2022,Alan Schoenberger,Office Supplies,0.2,3.5022,3,10.776,West
US-2023-112515,9/17/2022,Alan Schoenberger,Office Supplies,0.2,4.2717,3,11.784,West
US-2023-112515,9/17/2022,Alan Schoenberger,Office Supplies,0.2,8.9544,2,25.584,West
US-2023-112515,9/17/2022,Alan Schoenberger,Office Supplies,0,7.056,5,14.4,West
US-2023-112515,9/17/2022,Alan Schoenberger,Office Supplies,0,80.7912,3,164.88,West
US-2023-112515,9/17/2022,Alan Schoenberger,Office Supplies,0,65.435,2,261.74,West
US-2023-126928,9/17/2022,Gary Zandusky,Office Supplies,0,9.534,3,34.05,East
US-2023-126928,9/17/2022,Gary Zandusky,Technology,0,225.6,4,480,East
US-2023-137470,9/17/2022,Tom Prescott,Office Supplies,0,6.3504,2,12.96,West
US-2023-142293,9/17/2022,Shahid Collister,Technology,0,37.7874,3,89.97,West
US-2023-157931,9/17/2022,Meg O'Connel,Furniture,0,188.2192,4,723.92,South
US-2023-157931,9/17/2022,Meg O'Connel,Office Supplies,0,49.9704,3,106.32,South
US-2023-106180,9/18/2022,Sally Hughsby,Office Supplies,0,2.3814,3,8.82,West
US-2023-106180,9/18/2022,Sally Hughsby,Office Supplies,0,5.1042,3,10.86,West
US-2023-106180,9/18/2022,Sally Hughsby,Office Supplies,0,68.976,3,143.7,West
US-2023-131016,9/18/2022,Dan Campbell,Office Supplies,0.2,0.558,2,8.928,Central
US-2023-131016,9/18/2022,Dan Campbell,Office Supplies,0.2,-2.974,2,47.584,Central
US-2023-133333,9/18/2022,Barry Französisch,Office Supplies,0,10.224,4,22.72,Central
US-2023-134439,9/18/2022,Tamara Manning,Office Supplies,0,7.98,2,15.96,Central
US-2023-140508,9/18/2022,Pete Armstrong,Office Supplies,0.2,35.89,4,114.848,Central
US-2023-148068,9/18/2022,Muhammed MacIntyre,Furniture,0,3.2406,2,9.82,East
US-2023-148068,9/18/2022,Muhammed MacIntyre,Office Supplies,0,9.3312,3,19.44,East
US-2023-164756,9/18/2022,Saphhira Shifley,Furniture,0,6.9088,4,20.32,South
US-2023-164756,9/18/2022,Saphhira Shifley,Office Supplies,0,34.182,3,113.94,South
US-2023-164756,9/18/2022,Saphhira Shifley,Office Supplies,0,24.4608,7,50.96,South
US-2023-164756,9/18/2022,Saphhira Shifley,Office Supplies,0,114.9385,5,244.55,South
US-2023-164756,9/18/2022,Saphhira Shifley,Office Supplies,0,12.4416,4,25.92,South
US-2023-164756,9/18/2022,Saphhira Shifley,Office Supplies,0,9.9992,2,34.48,South
US-2023-164756,9/18/2022,Saphhira Shifley,Technology,0,26.7904,8,95.68,South
US-2023-164756,9/18/2022,Saphhira Shifley,Technology,0,119.4742,2,411.98,South
US-2023-166856,9/18/2022,Tony Sayre,Office Supplies,0.2,3.528,7,10.08,West
US-2023-166856,9/18/2022,Tony Sayre,Technology,0,8.1072,3,101.34,West
US-2023-102974,9/19/2022,Dave Poirier,Office Supplies,0,6.0632,2,23.32,West
US-2023-102974,9/19/2022,Dave Poirier,Office Supplies,0,4.8546,3,16.74,West
US-2023-102974,9/19/2022,Dave Poirier,Technology,0,31.4895,5,149.95,West
US-2023-139619,9/19/2022,Erin Smith,Office Supplies,0.2,9.5616,2,95.616,South
US-2023-139787,9/19/2022,Julie Prescott,Office Supplies,0,13.452,5,35.4,South
US-2023-143378,9/19/2022,Justin Ritter,Furniture,0.7,-128.2388,2,72.588,West
US-2023-143378,9/19/2022,Justin Ritter,Furniture,0.2,61.3824,8,409.216,West
US-2023-143378,9/19/2022,Justin Ritter,Office Supplies,0.2,6.5538,3,23.832,West
US-2023-143378,9/19/2022,Justin Ritter,Technology,0.2,19.1976,3,191.976,West
US-2023-148866,9/19/2022,Jessica Myrick,Office Supplies,0,15.552,5,32.4,East
US-2023-153822,9/19/2022,Adrian Barton,Office Supplies,0.7,-13.938,4,18.18,West
US-2023-153822,9/19/2022,Adrian Barton,Office Supplies,0.2,-2.5248,2,12.624,West
US-2023-153822,9/19/2022,Adrian Barton,Technology,0.2,4.4792,2,89.584,West
US-2023-153822,9/19/2022,Adrian Barton,Technology,0.2,29.495,2,471.92,West
US-2023-160801,9/19/2022,Frank Gastineau,Office Supplies,0.7,-3.3894,3,4.842,East
US-2023-100111,9/20/2022,Seth Vernon,Furniture,0.1,375.735,5,2254.41,East
US-2023-100111,9/20/2022,Seth Vernon,Furniture,0.1,8.0991,1,80.991,East
US-2023-100111,9/20/2022,Seth Vernon,Furniture,0.1,18.1764,3,272.646,East
US-2023-100111,9/20/2022,Seth Vernon,Furniture,0.1,609.7157,11,2888.127,East
US-2023-100111,9/20/2022,Seth Vernon,Office Supplies,0.2,3.9771,3,11.784,East
US-2023-100111,9/20/2022,Seth Vernon,Office Supplies,0,1.7876,2,4.36,East
US-2023-100111,9/20/2022,Seth Vernon,Office Supplies,0,18.1044,9,38.52,East
US-2023-100111,9/20/2022,Seth Vernon,Office Supplies,0,6.3296,2,13.76,East
US-2023-100111,9/20/2022,Seth Vernon,Office Supplies,0,12.712,4,45.4,East
US-2023-100111,9/20/2022,Seth Vernon,Technology,0,21.792,2,72.64,East
US-2023-100111,9/20/2022,Seth Vernon,Technology,0,20.3898,3,59.97,East
US-2023-100111,9/20/2022,Seth Vernon,Technology,0,95.76,2,212.8,East
US-2023-100111,9/20/2022,Seth Vernon,Technology,0,28.3095,3,104.85,East
US-2023-100111,9/20/2022,Seth Vernon,Technology,0,350.9082,2,1299.66,East
US-2023-123351,9/21/2022,Kean Thornton,Office Supplies,0,24.144,1,80.48,South
US-2023-132262,9/21/2022,Muhammed Lee,Technology,0,15.1158,2,71.98,West
US-2023-132262,9/21/2022,Muhammed Lee,Technology,0,26.3934,2,79.98,West
US-2023-133074,9/21/2022,Doug Bickford,Office Supplies,0,27.93,7,55.86,West
US-2023-146878,9/21/2022,Dan Lawera,Office Supplies,0.7,-8.6058,1,12.294,South
US-2023-151428,9/21/2022,Rick Hansen,Office Supplies,0,9.8784,7,20.16,Central
US-2023-165155,9/21/2022,Brendan Murry,Office Supplies,0,3.8775,1,15.51,West
US-2023-169817,9/21/2022,Emily Burns,Office Supplies,0.7,-1.5264,2,1.908,East
US-2023-102967,9/22/2022,Michael Granlund,Office Supplies,0,17.524,5,67.4,East
US-2023-103226,9/22/2022,David Wiener,Office Supplies,0,12.231,3,27.18,West
US-2023-108245,9/22/2022,Sally Hughsby,Office Supplies,0.8,-18.5262,7,11.228,Central
US-2023-108245,9/22/2022,Sally Hughsby,Office Supplies,0.2,5.022,3,13.392,Central
US-2023-117009,9/22/2022,Berenike Kampe,Office Supplies,0,6.1488,2,21.96,West
US-2023-122196,9/22/2022,Christina Anderson,Technology,0,113.6742,2,391.98,East
US-2023-136000,9/22/2022,Shaun Chance,Office Supplies,0.2,14.5638,3,40.176,East
US-2023-158379,9/22/2022,Joseph Airdo,Office Supplies,0.7,-4.2987,1,5.607,East
US-2023-158379,9/22/2022,Joseph Airdo,Office Supplies,0.2,-1049.3406,7,4663.736,East
US-2023-158379,9/22/2022,Joseph Airdo,Technology,0.2,22.9954,2,79.984,East
US-2023-161053,9/22/2022,Joel Eaton,Office Supplies,0,318.3016,4,691.96,South
US-2023-161053,9/22/2022,Joel Eaton,Technology,0,15.378,5,34.95,South
US-2023-161970,9/22/2022,Peter Bühler,Office Supplies,0,6.4584,3,17.94,South
US-2023-161970,9/22/2022,Peter Bühler,Office Supplies,0,6.2208,2,12.96,South
US-2023-162789,9/22/2022,Logan Currie,Furniture,0,3.9831,1,12.07,East
US-2023-162789,9/22/2022,Logan Currie,Technology,0,171.36,9,1071,East
US-2023-166317,9/22/2022,Jim Epp,Office Supplies,0,15.5288,8,33.04,Central
US-2023-166317,9/22/2022,Jim Epp,Office Supplies,0,107.7216,4,219.84,Central
US-2023-166317,9/22/2022,Jim Epp,Technology,0,9.816,6,98.16,Central
US-2023-166317,9/22/2022,Jim Epp,Technology,0,25.2213,3,86.97,Central
US-2023-167381,9/22/2022,Erica Hernandez,Furniture,0,41.1332,2,241.96,Central
US-2023-167381,9/22/2022,Erica Hernandez,Office Supplies,0,13.3056,9,27.72,Central
US-2023-102309,9/23/2022,Doug O'Connell,Office Supplies,0,6.2208,2,12.96,South
US-2023-102309,9/23/2022,Doug O'Connell,Technology,0,63.984,5,199.95,South
US-2023-103520,9/23/2022,Maya Herman,Office Supplies,0.2,3.3524,2,9.248,Central
US-2023-117485,9/23/2022,Bill Donatelli,Technology,0,102.186,4,291.96,Central
US-2023-121314,9/23/2022,Bobby Elias,Office Supplies,0.2,88.074,3,251.64,South
US-2023-121412,9/23/2022,Brooke Gillingham,Furniture,0.2,3.666,3,29.328,West
US-2023-121853,9/23/2022,Duane Benoit,Furniture,0.2,59.4816,2,594.816,West
US-2023-121853,9/23/2022,Duane Benoit,Office Supplies,0.2,23.712,3,72.96,West
US-2023-121853,9/23/2022,Duane Benoit,Office Supplies,0,97.0784,8,211.04,West
US-2023-123778,9/23/2022,Bruce Stewart,Office Supplies,0,48.288,2,160.96,West
US-2023-123778,9/23/2022,Bruce Stewart,Office Supplies,0.2,9.0384,6,25.824,West
US-2023-125647,9/23/2022,Lena Cacioppo,Office Supplies,0.8,-197.5752,6,73.176,Central
US-2023-125647,9/23/2022,Lena Cacioppo,Office Supplies,0.2,7.2576,4,20.736,Central
US-2023-125647,9/23/2022,Lena Cacioppo,Technology,0.2,-8.9964,2,39.984,Central
US-2023-132059,9/23/2022,Arthur Prichep,Furniture,0.7,-240.784,2,180.588,West
US-2023-132059,9/23/2022,Arthur Prichep,Technology,0.2,0.5998,2,47.984,West
US-2023-132521,9/23/2022,Don Weiss,Office Supplies,0,33.5888,2,119.96,West
US-2023-132521,9/23/2022,Don Weiss,Office Supplies,0.2,2.322,1,6.88,West
US-2023-132521,9/23/2022,Don Weiss,Office Supplies,0,8.4888,3,31.44,West
US-2023-138422,9/23/2022,Kristina Nunn,Office Supplies,0.2,5.2026,3,14.352,West
US-2023-108910,9/24/2022,Kelly Collister,Furniture,0.2,24.4758,3,103.056,East
US-2023-121839,9/24/2022,Mick Hernandez,Technology,0.4,-253.4337,3,1169.694,East
US-2023-122364,9/24/2022,Frank Atkinson,Technology,0.2,177.198,3,506.28,West
US-2023-122364,9/24/2022,Frank Atkinson,Technology,0.2,75.18,3,859.2,West
US-2023-130148,9/24/2022,Neil Knudson,Office Supplies,0,15.2292,6,31.08,West
US-2023-130148,9/24/2022,Neil Knudson,Office Supplies,0,2.19,2,7.3,West
US-2023-132675,9/24/2022,Karen Ferguson,Office Supplies,0,4.9608,3,12.72,South
US-2023-132675,9/24/2022,Karen Ferguson,Office Supplies,0,3.7128,4,14.28,South
US-2023-132675,9/24/2022,Karen Ferguson,Office Supplies,0,7.56,5,15.75,South
US-2023-132675,9/24/2022,Karen Ferguson,Office Supplies,0,3.8775,1,15.51,South
US-2023-132675,9/24/2022,Karen Ferguson,Technology,0,25.172,2,89.9,South
US-2023-134096,9/24/2022,Paul Prost,Office Supplies,0.7,-11.418,3,15.57,South
US-2023-134096,9/24/2022,Paul Prost,Technology,0.2,38.396,5,383.96,South
US-2023-142034,9/24/2022,Karen Bern,Furniture,0,181.176,4,603.92,Central
US-2023-142034,9/24/2022,Karen Bern,Technology,0,275.478,5,655.9,Central
US-2023-142034,9/24/2022,Karen Bern,Technology,0,12.96,4,72,Central
US-2023-142391,9/24/2022,Philip Brown,Furniture,0,71.928,10,199.8,West
US-2023-144694,9/24/2022,Brian Dahlen,Office Supplies,0.2,85.5297,3,235.944,South
US-2023-144694,9/24/2022,Brian Dahlen,Technology,0.2,2.4585,3,17.88,South
US-2023-148411,9/24/2022,Rose O'Brian,Furniture,0.3,-14.8704,2,520.464,Central
US-2023-148411,9/24/2022,Rose O'Brian,Office Supplies,0.2,3.7128,3,11.424,Central
US-2023-160325,9/24/2022,Bart Pistole,Technology,0,109.7544,2,391.98,East
US-2023-160325,9/24/2022,Bart Pistole,Technology,0,131.355,3,437.85,East
US-2023-163335,9/24/2022,Anna Gayman,Office Supplies,0,17.8066,7,38.71,South
US-2023-163335,9/24/2022,Anna Gayman,Office Supplies,0,10.0725,3,40.29,South
US-2023-112004,9/25/2022,Adam Hart,Office Supplies,0.7,-6.303,5,8.595,East
US-2023-112004,9/25/2022,Adam Hart,Office Supplies,0.2,-42.9516,2,190.896,East
US-2023-116939,9/25/2022,Arthur Gainer,Office Supplies,0,47.9385,5,177.55,South
US-2023-122112,9/25/2022,Carol Adams,Office Supplies,0.2,8.8624,4,24.448,East
US-2023-144904,9/25/2022,Katrina Willman,Furniture,0.1,86.8704,3,488.646,East
US-2023-144904,9/25/2022,Katrina Willman,Furniture,0,20.7328,8,47.12,East
US-2023-144904,9/25/2022,Katrina Willman,Office Supplies,0,1.4456,2,5.56,East
US-2023-144904,9/25/2022,Katrina Willman,Office Supplies,0,9.936,2,20.7,East
US-2023-162481,9/25/2022,Carol Triggs,Furniture,0,51.2943,3,269.97,Central
US-2023-162481,9/25/2022,Carol Triggs,Office Supplies,0,3.8822,2,8.26,Central
US-2023-162572,9/25/2022,Raymond Buch,Office Supplies,0.2,0.9282,6,10.608,East
US-2023-162572,9/25/2022,Raymond Buch,Technology,0.2,35.988,5,119.96,East
US-2023-169929,9/25/2022,Luke Schmidt,Office Supplies,0,10.374,5,39.9,West
US-2023-106145,9/26/2022,Ruben Ausman,Furniture,0,2.9568,3,9.24,West
US-2023-106145,9/26/2022,Ruben Ausman,Office Supplies,0.2,5.538,3,17.04,West
US-2023-106145,9/26/2022,Ruben Ausman,Office Supplies,0.2,314.2719,3,931.176,West
US-2023-106145,9/26/2022,Ruben Ausman,Office Supplies,0,33.0648,6,71.88,West
US-2023-106145,9/26/2022,Ruben Ausman,Office Supplies,0,16.146,6,35.88,West
US-2023-129490,9/26/2022,Sanjit Jacobs,Furniture,0.2,-57.6312,4,419.136,South
US-2023-156391,9/26/2022,Sara Luxemburg,Office Supplies,0.2,0.556,1,2.224,West
US-2023-101574,9/28/2022,Bruce Degenhardt,Furniture,0,4.4352,3,9.24,West
US-2023-125717,9/28/2022,Darrin Sayre,Furniture,0.2,3.2776,1,32.776,West
US-2023-125717,9/28/2022,Darrin Sayre,Office Supplies,0.2,26.224,2,209.792,West
US-2023-125717,9/28/2022,Darrin Sayre,Office Supplies,0.7,-58.8616,4,76.776,West
US-2023-125717,9/28/2022,Darrin Sayre,Office Supplies,0.2,5.2026,3,14.352,West
US-2023-125717,9/28/2022,Darrin Sayre,Office Supplies,0.2,-29.4368,2,147.184,West
US-2023-125717,9/28/2022,Darrin Sayre,Technology,0.2,1.3596,2,54.384,West
US-2023-139955,9/28/2022,Charles McCrossin,Office Supplies,0.2,-0.3488,1,1.744,Central
US-2023-152205,9/28/2022,Sylvia Foulston,Office Supplies,0.7,-1.8585,1,2.655,East
US-2023-160017,9/28/2022,Sung Pak,Office Supplies,0.2,3.6288,2,10.368,South
US-2023-100314,9/29/2022,Ann Steele,Office Supplies,0.2,9.4392,4,27.968,Central
US-2023-100314,9/29/2022,Ann Steele,Office Supplies,0.2,2.5896,2,7.968,Central
US-2023-100314,9/29/2022,Ann Steele,Technology,0.4,44.868,3,336.51,Central
US-2023-118402,9/29/2022,Jas O'Carroll,Office Supplies,0.2,-54.882,5,243.92,South
US-2023-121300,9/29/2022,Maureen Gastineau,Furniture,0.3,-15.4666,1,63.686,East
US-2023-121300,9/29/2022,Maureen Gastineau,Furniture,0.2,7.4368,4,21.248,East
US-2023-121300,9/29/2022,Maureen Gastineau,Furniture,0.4,-189.321,2,344.22,East
US-2023-121300,9/29/2022,Maureen Gastineau,Office Supplies,0.2,2.64,2,8.448,East
US-2023-121300,9/29/2022,Maureen Gastineau,Office Supplies,0.2,5.4432,3,15.552,East
US-2023-121300,9/29/2022,Maureen Gastineau,Technology,0.2,65.9934,3,239.976,East
US-2023-126676,9/29/2022,Fred Hopkins,Office Supplies,0,3.9102,3,7.98,East
US-2023-128335,9/29/2022,Joseph Airdo,Office Supplies,0,10.9698,3,23.34,East
US-2023-128335,9/29/2022,Joseph Airdo,Office Supplies,0,24.2285,5,51.55,East
US-2023-137918,9/29/2022,Joe Kamberova,Office Supplies,0,28.217,7,97.3,West
US-2023-140186,9/29/2022,Patrick Gardner,Furniture,0.2,0,1,72.784,West
US-2023-140186,9/29/2022,Patrick Gardner,Furniture,0,15.525,1,51.75,West
US-2023-140186,9/29/2022,Patrick Gardner,Office Supplies,0,25.4384,2,97.84,West
US-2023-140186,9/29/2022,Patrick Gardner,Office Supplies,0.2,16.3352,2,46.672,West
US-2023-140186,9/29/2022,Patrick Gardner,Office Supplies,0,16.8,7,35,West
US-2023-141509,9/29/2022,Sonia Cooley,Office Supplies,0,25.792,5,99.2,West
US-2023-148138,9/29/2022,Michelle Ellison,Office Supplies,0.2,-6.396,2,51.168,East
US-2023-120908,9/30/2022,Barbara Fisher,Office Supplies,0.2,6.9741,7,20.664,East
US-2023-123029,9/30/2022,Bradley Talbott,Technology,0,47.994,2,159.98,West
US-2023-130603,9/30/2022,Sample Company A,Office Supplies,0.8,-17.469,9,11.646,Central
US-2023-144225,9/30/2022,Cindy Chapman,Office Supplies,0,80.7912,3,164.88,East
US-2023-147452,9/30/2022,Cari Sayre,Office Supplies,0,1.0114,1,3.89,West
US-2023-147452,9/30/2022,Cari Sayre,Office Supplies,0,5.7624,2,11.76,West
US-2023-147452,9/30/2022,Cari Sayre,Office Supplies,0,82.2906,3,167.94,West
US-2023-113418,10/1/2022,Corinna Mitchell,Technology,0,767.2005,11,1704.89,East
US-2023-117807,10/1/2022,Dave Kipp,Office Supplies,0,50.328,1,104.85,Central
US-2023-129378,10/1/2022,Neola Schneider,Furniture,0.2,9.5032,4,108.608,West
US-2023-129378,10/1/2022,Neola Schneider,Office Supplies,0,60.49,2,241.96,West
US-2023-129378,10/1/2022,Neola Schneider,Office Supplies,0.2,20.8494,13,61.776,West
US-2023-129378,10/1/2022,Neola Schneider,Office Supplies,0.2,0.504,1,1.44,West
US-2023-139577,10/1/2022,Tanja Norvell,Technology,0,21.9975,5,104.75,West
US-2023-152275,10/1/2022,Ken Heidel,Office Supplies,0.2,0.5004,6,6.672,Central
US-2023-156951,10/1/2022,Ellis Ballard,Furniture,0.2,0,3,451.152,West
US-2023-156951,10/1/2022,Ellis Ballard,Office Supplies,0.2,27.3672,7,81.088,West
US-2023-156951,10/1/2022,Ellis Ballard,Office Supplies,0,9.3312,3,19.44,West
US-2023-156951,10/1/2022,Ellis Ballard,Office Supplies,0,45.0016,8,91.84,West
US-2023-101308,10/2/2022,Frank Gastineau,Office Supplies,0,4.1124,3,8.94,West
US-2023-101308,10/2/2022,Frank Gastineau,Technology,0.2,-20.1362,2,84.784,West
US-2023-105914,10/2/2022,Paul Van Hugh,Office Supplies,0.2,42.045,5,112.12,West
US-2023-105914,10/2/2022,Paul Van Hugh,Office Supplies,0,204.7682,7,1575.14,West
US-2023-116113,10/2/2022,Jane Waco,Furniture,0,3.4544,2,10.16,South
US-2023-123981,10/2/2022,Rob Williams,Technology,0,17.1574,1,65.99,East
US-2023-126074,10/2/2022,Roland Fjeld,Furniture,0,56.7864,11,157.74,Central
US-2023-126074,10/2/2022,Roland Fjeld,Office Supplies,0,22.792,7,56.98,Central
US-2023-126074,10/2/2022,Roland Fjeld,Office Supplies,0,1.4112,1,2.88,Central
US-2023-126074,10/2/2022,Roland Fjeld,Office Supplies,0,26.703,3,58.05,Central
US-2023-137414,10/2/2022,Chad McGuire,Furniture,0,5.9364,2,17.46,West
US-2023-137414,10/2/2022,Chad McGuire,Technology,0.2,32.3015,11,369.16,West
US-2023-141117,10/2/2022,Juliana Krohn,Furniture,0.7,-384.7164,6,217.764,West
US-2023-141117,10/2/2022,Juliana Krohn,Office Supplies,0.2,10.7037,7,95.144,West
US-2023-141117,10/2/2022,Juliana Krohn,Office Supplies,0.7,-16.6012,7,22.638,West
US-2023-141117,10/2/2022,Juliana Krohn,Office Supplies,0.2,4.3956,6,39.072,West
US-2023-147564,10/2/2022,Becky Pak,Office Supplies,0,23.0864,4,49.12,East
US-2023-152926,10/2/2022,Steve Chapman,Office Supplies,0.8,-56.0592,6,21.984,Central
US-2023-152926,10/2/2022,Steve Chapman,Office Supplies,0.8,-38.8212,2,15.224,Central
US-2023-162558,10/2/2022,Dean percer,Furniture,0.2,1.3284,2,11.808,South
US-2023-162558,10/2/2022,Dean percer,Furniture,0.2,5.928,2,19.76,South
US-2023-162558,10/2/2022,Dean percer,Furniture,0.2,1.5691,1,9.656,South
US-2023-162558,10/2/2022,Dean percer,Furniture,0.4,-1002.7836,7,2314.116,South
US-2023-162558,10/2/2022,Dean percer,Office Supplies,0.7,-21.888,3,27.36,South
US-2023-162558,10/2/2022,Dean percer,Office Supplies,0.7,-26.2476,4,34.236,South
US-2023-162558,10/2/2022,Dean percer,Office Supplies,0.2,7.2576,4,20.736,South
US-2023-101749,10/3/2022,Aaron Smayling,Furniture,0.2,-6.4233,3,171.288,West
US-2023-134607,10/3/2022,Hunter Lopez,Office Supplies,0,5.8708,2,22.58,East
US-2023-141789,10/3/2022,Amy Cox,Office Supplies,0,843.1706,2,1793.98,Central
US-2023-143035,10/3/2022,Chuck Clark,Furniture,0,21.8192,4,83.92,East
US-2023-143035,10/3/2022,Chuck Clark,Office Supplies,0,3.1161,3,6.63,East
US-2023-143035,10/3/2022,Chuck Clark,Technology,0,66.9546,3,371.97,East
US-2023-144820,10/3/2022,Laurel Workman,Office Supplies,0.2,2.322,5,20.64,Central
US-2023-149853,10/3/2022,Patrick O'Brill,Office Supplies,0.2,1.12,5,17.92,South
US-2023-149853,10/3/2022,Patrick O'Brill,Office Supplies,0.2,5.4432,3,15.552,South
US-2023-163818,10/4/2022,Paul Stevenson,Furniture,0,8.5914,1,19.98,East
US-2023-103247,10/5/2022,Phillina Ober,Office Supplies,0.2,25.5798,3,75.792,East
US-2023-103247,10/5/2022,Phillina Ober,Technology,0,3.2186,7,160.93,East
US-2023-131807,10/5/2022,Greg Guthrie,Furniture,0.2,-59.8356,4,435.168,West
US-2023-131807,10/5/2022,Greg Guthrie,Furniture,0,26.973,5,72.9,West
US-2023-131807,10/5/2022,Greg Guthrie,Furniture,0.2,5.1588,3,206.352,West
US-2023-131807,10/5/2022,Greg Guthrie,Office Supplies,0,4.108,4,15.8,West
US-2023-131807,10/5/2022,Greg Guthrie,Office Supplies,0,6.854,5,14.9,West
US-2023-131807,10/5/2022,Greg Guthrie,Technology,0.2,2.6973,1,7.992,West
US-2023-143112,10/5/2022,Todd Sumrall,Furniture,0.1,2.4598,2,221.382,East
US-2023-143112,10/5/2022,Todd Sumrall,Technology,0,1351.9896,4,5199.96,East
US-2023-143112,10/5/2022,Todd Sumrall,Technology,0,43.9,4,87.8,East
US-2023-157672,10/5/2022,Ross Baird,Technology,0.2,13.5626,2,63.824,West
US-2023-167661,10/5/2022,Mike Pelletier,Office Supplies,0.2,7.2268,4,19.936,West
US-2023-167661,10/5/2022,Mike Pelletier,Office Supplies,0.2,13.473,5,39.92,West
US-2023-167661,10/5/2022,Mike Pelletier,Office Supplies,0,27.882,2,61.96,West
US-2023-109099,10/6/2022,Muhammed MacIntyre,Office Supplies,0,20.0851,1,40.99,East
US-2023-118577,10/6/2022,Xylona Preis,Office Supplies,0,68.976,3,143.7,East
US-2023-118577,10/6/2022,Xylona Preis,Office Supplies,0,3.1104,1,6.48,East
US-2023-136868,10/6/2022,Cyra Reiten,Office Supplies,0,7.668,3,17.04,East
US-2023-136868,10/6/2022,Cyra Reiten,Office Supplies,0,10.3473,3,344.91,East
US-2023-136868,10/6/2022,Cyra Reiten,Technology,0,115.1856,4,319.96,East
US-2023-137421,10/6/2022,Ashley Jarboe,Office Supplies,0.2,1.8688,2,9.344,West
US-2023-146269,10/6/2022,Mark Hamilton,Office Supplies,0.2,1.197,2,19.152,Central
US-2023-146269,10/6/2022,Mark Hamilton,Office Supplies,0.2,32.6628,2,290.336,Central
US-2023-148054,10/6/2022,Nick Zandusky,Furniture,0,2.9372,2,41.96,West
US-2023-148054,10/6/2022,Nick Zandusky,Office Supplies,0,66.0736,4,227.84,West
US-2023-148054,10/6/2022,Nick Zandusky,Office Supplies,0,18.2112,2,37.94,West
US-2023-104003,10/7/2022,Debra Catini,Furniture,0.15,-14.4784,2,307.666,West
US-2023-108574,10/7/2022,Mike Gockenbach,Technology,0,200.8638,9,1115.91,West
US-2023-108574,10/7/2022,Mike Gockenbach,Technology,0.2,26.973,10,79.92,West
US-2023-108574,10/7/2022,Mike Gockenbach,Technology,0.2,-28.9674,7,128.744,West
US-2023-128426,10/7/2022,Joe Kamberova,Office Supplies,0.8,-6.36,5,4.24,Central
US-2023-148404,10/7/2022,Dean percer,Furniture,0.4,-36.1116,3,154.764,South
US-2023-148404,10/7/2022,Dean percer,Office Supplies,0.7,-33.636,6,50.454,South
US-2023-148404,10/7/2022,Dean percer,Office Supplies,0.2,5.9175,3,18.936,South
US-2023-148404,10/7/2022,Dean percer,Office Supplies,0.2,65.3256,4,580.672,South
US-2023-148404,10/7/2022,Dean percer,Technology,0.2,16.6788,2,222.384,South
US-2023-152709,10/7/2022,Dean Braden,Office Supplies,0,22.2352,2,85.52,Central
US-2023-105487,10/8/2022,Chris Selesnick,Office Supplies,0,0.4068,2,40.68,West
US-2023-105487,10/8/2022,Chris Selesnick,Technology,0,6.48,2,36,West
US-2023-105487,10/8/2022,Chris Selesnick,Technology,0,115.1808,4,239.96,West
US-2023-105487,10/8/2022,Chris Selesnick,Technology,0.2,11.6091,1,103.192,West
US-2023-151596,10/8/2022,Barry Pond,Office Supplies,0,11.1176,1,42.76,East
US-2023-168613,10/8/2022,Gary McGarr,Furniture,0.1,3.2392,2,145.764,East
US-2023-115595,10/9/2022,Xylona Preis,Office Supplies,0,16.544,5,35.2,West
US-2023-117247,10/9/2022,Cyma Kinney,Furniture,0.5,-42.6528,3,66.645,Central
US-2023-117247,10/9/2022,Cyma Kinney,Furniture,0.5,-430.617,5,652.45,Central
US-2023-132430,10/9/2022,Cathy Prescott,Furniture,0.2,9.1776,4,45.888,East
US-2023-141873,10/9/2022,Harry Greene,Furniture,0.2,-15.7176,3,314.352,East
US-2023-141873,10/9/2022,Harry Greene,Office Supplies,0.2,4.3254,3,12.816,East
US-2023-141873,10/9/2022,Harry Greene,Office Supplies,0.2,6.156,6,18.24,East
US-2023-141873,10/9/2022,Harry Greene,Office Supplies,0,8.9206,2,18.98,East
US-2023-162635,10/9/2022,Evan Bailliet,Office Supplies,0.2,3.5152,4,10.816,South
US-2023-163125,10/9/2022,Maria Bertelson,Furniture,0.3,-32.6646,3,254.058,Central
US-2023-163125,10/9/2022,Maria Bertelson,Office Supplies,0.2,5.8751,7,67.144,Central
US-2023-111717,10/10/2022,Scot Wooten,Furniture,0.3,-47.8716,3,239.358,Central
US-2023-112431,10/12/2022,Robert Waldorf,Office Supplies,0,1.5876,2,5.88,West
US-2023-112431,10/12/2022,Robert Waldorf,Technology,0,130.752,12,435.84,West
US-2023-126536,10/12/2022,Neil Knudson,Office Supplies,0.2,36.917,5,101.84,West
US-2023-126536,10/12/2022,Neil Knudson,Technology,0,0.4356,1,0.99,West
US-2023-130505,10/12/2022,Natalie Fritzler,Furniture,0.3,-76.9536,3,673.344,East
US-2023-149146,10/12/2022,Sean Miller,Office Supplies,0.2,2.6892,2,7.968,South
US-2023-150091,10/12/2022,Nora Paige,Furniture,0,129.294,5,2154.9,East
US-2023-150091,10/12/2022,Nora Paige,Furniture,0,17.4064,2,40.48,East
US-2023-150091,10/12/2022,Nora Paige,Office Supplies,0,8.771,5,17.9,East
US-2023-150091,10/12/2022,Nora Paige,Technology,0,4.95,3,45,East
US-2023-152702,10/12/2022,Steve Nguyen,Furniture,0.3,-18.186,14,254.604,Central
US-2023-152933,10/12/2022,Matthew Grinstein,Office Supplies,0.2,3.7584,2,10.368,Central
US-2023-152933,10/12/2022,Matthew Grinstein,Technology,0.2,128.6805,3,791.88,Central
US-2023-152933,10/12/2022,Matthew Grinstein,Technology,0.2,27.7158,7,369.544,Central
US-2023-168655,10/12/2022,Michelle Lonsdale,Office Supplies,0.2,29.952,3,79.872,West
US-2023-168655,10/12/2022,Michelle Lonsdale,Technology,0,95.2,5,595,West
US-2023-169362,10/12/2022,Sung Pak,Technology,0.2,-1.4994,2,39.984,Central
US-2023-169607,10/12/2022,Christina Anderson,Office Supplies,0,4.6812,2,9.96,East
US-2023-103212,10/13/2022,Michelle Huthwaite,Furniture,0,346.0396,4,1504.52,South
US-2023-103212,10/13/2022,Michelle Huthwaite,Office Supplies,0,5.2029,3,11.07,South
US-2023-103212,10/13/2022,Michelle Huthwaite,Office Supplies,0,12.4416,4,25.92,South
US-2023-116519,10/13/2022,Craig Reiter,Office Supplies,0,253.372,5,904.9,East
US-2023-132976,10/13/2022,Andrew Gjertsen,Office Supplies,0.2,8.694,3,24.84,East
US-2023-132976,10/13/2022,Andrew Gjertsen,Office Supplies,0.2,4.0768,2,11.648,East
US-2023-132976,10/13/2022,Andrew Gjertsen,Office Supplies,0.2,5.9072,4,18.176,East
US-2023-132976,10/13/2022,Andrew Gjertsen,Office Supplies,0.2,5.9712,6,59.712,East
US-2023-135909,10/13/2022,Jane Waco,Office Supplies,0.2,1906.485,5,5083.96,West
US-2023-135909,10/13/2022,Jane Waco,Technology,0,39.8886,6,209.94,West
US-2023-135909,10/13/2022,Jane Waco,Technology,0.2,-7.996,2,31.984,West
US-2023-148831,10/13/2022,Alan Hwang,Office Supplies,0,104.568,8,348.56,South
US-2023-163160,10/13/2022,Troy Staebel,Furniture,0.6,-6.8094,3,10.476,Central
US-2023-163160,10/13/2022,Troy Staebel,Office Supplies,0.8,-145.176,4,96.784,Central
US-2023-163160,10/13/2022,Troy Staebel,Office Supplies,0.2,20.5764,3,63.312,Central
US-2023-126123,10/14/2022,Anthony Garverick,Office Supplies,0.8,-42.4638,9,27.396,Central
US-2023-126123,10/14/2022,Anthony Garverick,Office Supplies,0.8,-23.548,1,13.456,Central
US-2023-150707,10/14/2022,Ed Ludwig,Office Supplies,0,18.4534,7,37.66,East
US-2023-151183,10/14/2022,Berenike Kampe,Technology,0,15.2988,4,46.36,West
US-2023-168837,10/14/2022,Joni Wasserman,Furniture,0,3.6894,2,9.46,West
US-2023-100237,10/15/2022,Stuart Van,Office Supplies,0,4.2048,2,11.68,West
US-2023-106033,10/15/2022,Frank Gastineau,Office Supplies,0,26.376,4,87.92,West
US-2023-113670,10/15/2022,Roland Schwarz,Furniture,0.2,6.378,3,510.24,West
US-2023-113670,10/15/2022,Roland Schwarz,Office Supplies,0,100.4255,5,204.95,West
US-2023-142643,10/15/2022,Dionis Lloyd,Furniture,0,9.3152,1,22.72,West
US-2023-142643,10/15/2022,Dionis Lloyd,Office Supplies,0,70.219,5,152.65,West
US-2023-154949,10/15/2022,Marc Crier,Office Supplies,0,7.2177,3,14.73,West
US-2023-164819,10/15/2022,Ricardo Sperren,Office Supplies,0,6.003,5,13.05,East
US-2023-111577,10/16/2022,Anthony Jacobs,Office Supplies,0.2,111.5688,7,307.776,West
US-2023-132234,10/16/2022,Maribeth Yedwab,Furniture,0,175.136,13,547.3,East
US-2023-158386,10/16/2022,Bobby Odegard,Office Supplies,0,57.385,5,124.75,South
US-2023-159100,10/16/2022,Victoria Pisteka,Furniture,0.4,-968.8833,7,1875.258,South
US-2023-159100,10/16/2022,Victoria Pisteka,Technology,0.2,4.4004,2,18.528,South
US-2023-159282,10/16/2022,Gary Hansen,Technology,0.7,-479.988,5,599.985,West
US-2023-114804,10/17/2022,Barry Französisch,Technology,0.2,4.6193,1,52.792,West
US-2023-123246,10/17/2022,Astrea Jones,Office Supplies,0,2.7664,4,10.64,West
US-2023-165603,10/17/2022,Saphhira Shifley,Office Supplies,0,6.2208,2,12.96,East
US-2023-165603,10/17/2022,Saphhira Shifley,Office Supplies,0,9.4924,2,49.96,East
US-2023-106432,10/19/2022,Christina Anderson,Furniture,0.32,-91.7586,3,328.3992,Central
US-2023-106432,10/19/2022,Christina Anderson,Office Supplies,0.8,-3.5224,2,2.072,Central
US-2023-107727,10/19/2022,Matt Abelman,Office Supplies,0.2,9.9468,3,29.472,Central
US-2023-117653,10/19/2022,Mary O'Rourke,Furniture,0.5,-67.5435,1,91.275,Central
US-2023-120390,10/19/2022,Tracy Hopkins,Office Supplies,0.7,-1306.5504,4,1633.188,South
US-2023-125199,10/19/2022,Harry Marie,Office Supplies,0.2,9.2442,7,123.256,East
US-2023-125199,10/19/2022,Harry Marie,Office Supplies,0.2,7.4,4,23.68,East
US-2023-125199,10/19/2022,Harry Marie,Technology,0.4,-56.7556,4,309.576,East
US-2023-125388,10/19/2022,Michael Paige,Furniture,0,14.7056,4,56.56,East
US-2023-125388,10/19/2022,Michael Paige,Office Supplies,0,8.502,3,32.7,East
US-2023-125990,10/19/2022,Joy Smith,Office Supplies,0.2,13.8684,3,39.624,West
US-2023-131492,10/19/2022,Hilary Holden,Furniture,0,10.3904,2,30.56,West
US-2023-131492,10/19/2022,Hilary Holden,Furniture,0.2,-3.3506,2,24.368,West
US-2023-131492,10/19/2022,Hilary Holden,Office Supplies,0,4.3008,2,8.96,West
US-2023-131492,10/19/2022,Hilary Holden,Office Supplies,0,15.12,10,31.5,West
US-2023-159457,10/19/2022,Rick Duston,Technology,0.2,5.2125,3,16.68,Central
US-2023-103065,10/20/2022,Pete Takahito,Furniture,0.2,6.0412,4,43.936,South
US-2023-103065,10/20/2022,Pete Takahito,Office Supplies,0.2,1.112,2,4.448,South
US-2023-103065,10/20/2022,Pete Takahito,Office Supplies,0.2,2.502,1,6.672,South
US-2023-103065,10/20/2022,Pete Takahito,Office Supplies,0.2,-0.7748,2,4.768,South
US-2023-104822,10/20/2022,Rick Bensley,Office Supplies,0,12.0295,5,24.55,East
US-2023-115252,10/20/2022,Muhammed Yedwab,Office Supplies,0.2,4.485,3,14.352,South
US-2023-115252,10/20/2022,Muhammed Yedwab,Technology,0.2,1.3986,2,15.984,South
US-2023-146416,10/20/2022,Justin Ellison,Office Supplies,0.2,7.5864,4,20.928,West
US-2023-146416,10/20/2022,Justin Ellison,Office Supplies,0,1.8,1,3.75,West
US-2023-147277,10/20/2022,Ed Braxton,Furniture,0.4,-75.8304,2,284.364,East
US-2023-147277,10/20/2022,Ed Braxton,Office Supplies,0.2,66.5408,2,665.408,East
US-2023-158722,10/20/2022,Matt Abelman,Office Supplies,0.2,15.9348,3,45.528,East
US-2023-158743,10/20/2022,Ivan Gibson,Office Supplies,0,4.1416,4,13.36,South
US-2023-158743,10/20/2022,Ivan Gibson,Office Supplies,0,70.008,5,145.85,South
US-2023-158743,10/20/2022,Ivan Gibson,Office Supplies,0,18.7812,2,39.96,South
US-2023-100356,10/21/2022,Susan Pistek,Office Supplies,0.8,-62.3792,2,23.992,Central
US-2023-113453,10/21/2022,Charles McCrossin,Office Supplies,0.2,-4.461,3,71.376,East
US-2023-113453,10/21/2022,Charles McCrossin,Technology,0.4,-76.9972,2,329.988,East
US-2023-113558,10/21/2022,Patricia Hirasaki,Furniture,0.2,42.747,3,683.952,South
US-2023-113558,10/21/2022,Patricia Hirasaki,Furniture,0.2,5.1408,3,45.696,South
US-2023-117331,10/21/2022,Natalie DeCherney,Office Supplies,0.7,-6.5619,1,8.559,West
US-2023-117422,10/21/2022,Frank Carlisle,Office Supplies,0.2,16.1568,2,161.568,East
US-2023-117422,10/21/2022,Frank Carlisle,Office Supplies,0.7,-4.9728,4,6.216,East
US-2023-117422,10/21/2022,Frank Carlisle,Office Supplies,0.2,1.3716,1,4.064,East
US-2023-142125,10/21/2022,Jennifer Braxton,Office Supplies,0,19.41,6,38.82,Central
US-2023-142125,10/21/2022,Jennifer Braxton,Office Supplies,0,10.512,5,21.9,Central
US-2023-145884,10/21/2022,Sara Luxemburg,Furniture,0,62.9064,1,262.11,Central
US-2023-145884,10/21/2022,Sara Luxemburg,Technology,0,374.3792,8,1439.92,Central
US-2023-148166,10/21/2022,Neil Knudson,Office Supplies,0.2,2.0088,4,17.856,South
US-2023-154410,10/21/2022,Michael Dominguez,Office Supplies,0,9.0912,8,909.12,Central
US-2023-167094,10/21/2022,Damala Kotsonis,Furniture,0.2,47.848,2,478.48,West
US-2023-167094,10/21/2022,Damala Kotsonis,Office Supplies,0.2,1.8144,1,5.184,West
US-2023-167094,10/21/2022,Damala Kotsonis,Technology,0.2,6.745,2,28.4,West
US-2023-101581,10/22/2022,David Wiener,Furniture,0.5,-120.513,5,177.225,West
US-2023-111920,10/22/2022,Paul Stevenson,Office Supplies,0,12.0252,4,36.44,Central
US-2023-127180,10/22/2022,Tom Ashbrook,Office Supplies,0,28.755,5,63.9,East
US-2023-127180,10/22/2022,Tom Ashbrook,Technology,0.2,3919.9888,4,11199.968,East
US-2023-127180,10/22/2022,Tom Ashbrook,Technology,0,647.892,8,2399.6,East
US-2023-127180,10/22/2022,Tom Ashbrook,Technology,0,0.5299,1,52.99,East
US-2023-130141,10/22/2022,Helen Abelman,Furniture,0.2,-28.9568,4,579.136,West
US-2023-130141,10/22/2022,Helen Abelman,Office Supplies,0.7,-2.5344,4,3.168,West
US-2023-130211,10/22/2022,Brian DeCherney,Furniture,0,54.7756,2,248.98,Central
US-2023-130211,10/22/2022,Brian DeCherney,Office Supplies,0,23.3163,3,333.09,Central
US-2023-156363,10/22/2022,Marina Lichtenstein,Office Supplies,0.2,11.088,4,31.68,East
US-2023-156363,10/22/2022,Marina Lichtenstein,Technology,0.4,-6.54,5,32.7,East
US-2023-105389,10/23/2022,Darrin Martin,Office Supplies,0.2,0.8988,3,10.272,Central
US-2023-105389,10/23/2022,Darrin Martin,Office Supplies,0.8,-6.237,3,3.564,Central
US-2023-105389,10/23/2022,Darrin Martin,Technology,0.2,51.4975,5,823.96,Central
US-2023-106068,10/23/2022,Randy Bradley,Office Supplies,0.8,-15.1311,3,9.762,Central
US-2023-106068,10/23/2022,Randy Bradley,Office Supplies,0.2,-58.3056,4,259.136,Central
US-2023-106068,10/23/2022,Randy Bradley,Office Supplies,0.2,1.2005,1,13.72,Central
US-2023-106068,10/23/2022,Randy Bradley,Technology,0.2,-2.07,1,55.2,Central
US-2023-117079,10/23/2022,Jocasta Rupert,Technology,0.2,107.985,3,863.88,South
US-2023-125451,10/23/2022,Adam Hart,Furniture,0,50.5632,2,210.68,East
US-2023-125451,10/23/2022,Adam Hart,Furniture,0,14.7,4,35,East
US-2023-125451,10/23/2022,Adam Hart,Furniture,0.3,-13.7568,4,240.744,East
US-2023-125451,10/23/2022,Adam Hart,Furniture,0.3,-127.5792,3,637.896,East
US-2023-125451,10/23/2022,Adam Hart,Office Supplies,0,0.666,1,2.22,East
US-2023-125451,10/23/2022,Adam Hart,Office Supplies,0,21.2856,8,43.44,East
US-2023-139913,10/23/2022,Julie Creighton,Furniture,0,29.0136,11,69.08,East
US-2023-139913,10/23/2022,Julie Creighton,Office Supplies,0,11.88,5,26.4,East
US-2023-139913,10/23/2022,Julie Creighton,Office Supplies,0,5.6644,2,11.56,East
US-2023-139913,10/23/2022,Julie Creighton,Technology,0,10.0464,3,35.88,East
US-2023-141705,10/24/2022,Patrick O'Brill,Furniture,0.3,-81.3065,5,517.405,Central
US-2023-144365,10/24/2022,Carlos Soltero,Office Supplies,0,5.256,4,11.68,South
US-2023-102729,10/26/2022,Benjamin Farhat,Office Supplies,0.2,5.5616,2,55.616,Central
US-2023-110646,10/26/2022,Jamie Frazer,Office Supplies,0.7,-27.735,3,33.282,East
US-2023-110646,10/26/2022,Jamie Frazer,Office Supplies,0.2,4.9815,5,14.76,East
US-2023-110646,10/26/2022,Jamie Frazer,Technology,0.4,19.775,5,118.65,East
US-2023-115119,10/26/2022,Shaun Chance,Office Supplies,0.7,-65.1504,7,81.438,East
US-2023-115119,10/26/2022,Shaun Chance,Technology,0.4,-13.3341,1,61.542,East
US-2023-155558,10/26/2022,Paul Gonzalez,Office Supplies,0,2.9568,2,6.16,Central
US-2023-155558,10/26/2022,Paul Gonzalez,Technology,0,6.7966,1,19.99,Central
US-2023-162173,10/26/2022,Olvera Toch,Furniture,0,60.6645,5,356.85,South
US-2023-162173,10/26/2022,Olvera Toch,Office Supplies,0,113.211,7,251.58,South
US-2023-110310,10/27/2022,Nona Balk,Office Supplies,0.2,0.5754,3,6.576,South
US-2023-110310,10/27/2022,Nona Balk,Office Supplies,0.7,-3.9249,3,5.607,South
US-2023-110310,10/27/2022,Nona Balk,Office Supplies,0.2,20.5842,7,56.784,South
US-2023-110373,10/27/2022,Matt Abelman,Office Supplies,0.2,2.205,3,7.056,Central
US-2023-110373,10/27/2022,Matt Abelman,Technology,0.2,2.0388,2,27.184,Central
US-2023-127922,10/27/2022,Sally Hughsby,Office Supplies,0.2,5.544,2,15.84,Central
US-2023-127922,10/27/2022,Sally Hughsby,Office Supplies,0.2,2.64,2,8.448,Central
US-2023-130764,10/27/2022,Jack O'Briant,Furniture,0.15,6.549,5,556.665,West
US-2023-130764,10/27/2022,Jack O'Briant,Technology,0.2,34.742,4,95.84,West
US-2023-134880,10/27/2022,Tamara Willingham,Office Supplies,0.2,16.2342,1,44.784,West
US-2023-151225,10/27/2022,Jim Mitchum,Furniture,0.2,9.4788,1,189.576,West
US-2023-151225,10/27/2022,Jim Mitchum,Technology,0.2,7.196,5,71.96,West
US-2023-111262,10/28/2022,Keith Herrera,Office Supplies,0.2,5.4432,3,15.552,Central
US-2023-111262,10/28/2022,Keith Herrera,Technology,0.2,-2.7,2,24,Central
US-2023-111262,10/28/2022,Keith Herrera,Technology,0.2,-3.272,2,26.176,Central
US-2023-118367,10/28/2022,Lori Olson,Office Supplies,0,23.99,2,47.98,East
US-2023-139353,10/28/2022,Janet Martin,Furniture,0.2,15.5904,3,77.952,South
US-2023-139353,10/28/2022,Janet Martin,Office Supplies,0.2,16.1838,3,47.952,South
US-2023-139353,10/28/2022,Janet Martin,Office Supplies,0.2,-29.4368,2,147.184,South
US-2023-160661,10/28/2022,Sue Ann Reed,Office Supplies,0,10.3071,3,21.93,East
US-2023-160983,10/29/2022,George Bell,Office Supplies,0,22.5408,8,46.96,East
US-2023-123491,10/30/2022,Jamie Kunitz,Furniture,0.2,-0.8999,1,71.992,West
US-2023-123491,10/30/2022,Jamie Kunitz,Office Supplies,0,510.636,14,1702.12,West
US-2023-123491,10/30/2022,Jamie Kunitz,Office Supplies,0,6.567,5,19.9,West
US-2023-123491,10/30/2022,Jamie Kunitz,Office Supplies,0,20.6142,6,43.86,West
US-2023-123491,10/30/2022,Jamie Kunitz,Office Supplies,0,3.71,2,7.42,West
US-2023-123491,10/30/2022,Jamie Kunitz,Technology,0.2,16.704,2,148.48,West
US-2023-127285,10/30/2022,Michelle Moray,Office Supplies,0.2,5.214,2,13.904,West
US-2023-127285,10/30/2022,Michelle Moray,Office Supplies,0.2,27.735,3,88.752,West
US-2023-139661,10/30/2022,Jane Waco,Furniture,0,3.6632,2,9.64,West
US-2023-142622,10/30/2022,Jim Karlsson,Furniture,0,37.9962,2,199.98,West
US-2023-142622,10/30/2022,Jim Karlsson,Furniture,0.2,-6.098,2,97.568,West
US-2023-142622,10/30/2022,Jim Karlsson,Furniture,0.2,-23.0352,8,614.272,West
US-2023-152583,10/30/2022,Ryan Akin,Furniture,0.6,-8.5008,2,16.192,Central
US-2023-152583,10/30/2022,Ryan Akin,Furniture,0.3,-68.1302,2,251.006,Central
US-2023-152583,10/30/2022,Ryan Akin,Office Supplies,0.2,4.0644,6,54.192,Central
US-2023-152807,10/30/2022,Mick Crebagga,Furniture,0.2,0.9856,2,7.168,East
US-2023-152807,10/30/2022,Mick Crebagga,Office Supplies,0.2,7.2576,4,20.736,East
US-2023-152807,10/30/2022,Mick Crebagga,Office Supplies,0.2,-2.5128,2,11.168,East
US-2023-152807,10/30/2022,Mick Crebagga,Technology,0.2,-55.3,7,442.4,East
US-2023-155292,10/30/2022,Ross DeVincentis,Furniture,0,9.1638,1,33.94,South
US-2023-155292,10/30/2022,Ross DeVincentis,Office Supplies,0,14.4,8,30,South
US-2023-155292,10/30/2022,Ross DeVincentis,Office Supplies,0,4.2392,7,105.98,South
US-2023-155292,10/30/2022,Ross DeVincentis,Office Supplies,0,10.518,2,35.06,South
US-2023-117114,10/31/2022,Craig Yedwab,Office Supplies,0.2,3.2214,3,9.912,Central
US-2023-117114,10/31/2022,Craig Yedwab,Technology,0.2,38.1576,4,508.768,Central
US-2023-131632,10/31/2022,Adrian Hane,Office Supplies,0.2,0.5904,2,5.248,Central
US-2023-104136,11/1/2022,Sandra Flanagan,Office Supplies,0,20.0851,1,40.99,East
US-2023-104136,11/1/2022,Sandra Flanagan,Office Supplies,0,91.056,10,189.7,East
US-2023-123967,11/1/2022,Sarah Foster,Furniture,0,239.9058,9,2665.62,West
US-2023-123967,11/1/2022,Sarah Foster,Office Supplies,0.2,7.85,5,25.12,West
US-2023-115609,11/2/2022,Cindy Stewart,Office Supplies,0,43.706,5,168.1,West
US-2023-116358,11/2/2022,Kalyca Meade,Office Supplies,0,9.1674,6,27.78,Central
US-2023-116358,11/2/2022,Kalyca Meade,Office Supplies,0,9.12,3,18.24,Central
US-2023-120061,11/2/2022,Sharelle Roach,Furniture,0.3,-35.5136,2,155.372,East
US-2023-127782,11/2/2022,Thea Hudgings,Furniture,0.2,0.6624,1,3.312,East
US-2023-127782,11/2/2022,Thea Hudgings,Office Supplies,0.2,1.2585,3,20.136,East
US-2023-127782,11/2/2022,Thea Hudgings,Office Supplies,0.2,2.8782,3,8.856,East
US-2023-127782,11/2/2022,Thea Hudgings,Technology,0.4,-186.16,4,859.2,East
US-2023-141425,11/2/2022,Anthony Rawles,Office Supplies,0.2,-81.7258,2,384.592,East
US-2023-143567,11/2/2022,Thomas Boland,Furniture,0,292.776,4,975.92,South
US-2023-143567,11/2/2022,Thomas Boland,Office Supplies,0,2.6068,2,5.32,South
US-2023-143567,11/2/2022,Thomas Boland,Office Supplies,0,16.7776,4,59.92,South
US-2023-143567,11/2/2022,Thomas Boland,Technology,0,517.4793,9,2249.91,South
US-2023-145597,11/2/2022,Greg Guthrie,Office Supplies,0.2,5.4336,4,54.336,Central
US-2023-163790,11/2/2022,Nancy Lomonaco,Furniture,0,10.5084,3,25.02,West
US-2023-163790,11/2/2022,Nancy Lomonaco,Office Supplies,0,4.224,5,8.8,West
US-2023-163790,11/2/2022,Nancy Lomonaco,Office Supplies,0.2,206.6232,6,590.352,West
US-2023-163790,11/2/2022,Nancy Lomonaco,Office Supplies,0,38.29,7,76.58,West
US-2023-163790,11/2/2022,Nancy Lomonaco,Office Supplies,0,0.1674,3,5.58,West
US-2023-163790,11/2/2022,Nancy Lomonaco,Office Supplies,0,22.6275,7,452.55,West
US-2023-164049,11/2/2022,Ken Heidel,Office Supplies,0,10.7325,5,23.85,West
US-2023-167227,11/2/2022,Nora Paige,Office Supplies,0,20.975,10,83.9,Central
US-2023-167227,11/2/2022,Nora Paige,Office Supplies,0,5.7624,2,11.76,Central
US-2023-168179,11/2/2022,Joy Bell-,Office Supplies,0,9.3312,3,19.44,West
US-2023-169005,11/2/2022,Barry Gonzalez,Office Supplies,0,1.4456,2,5.56,South
US-2023-100622,11/3/2022,Dave Kipp,Office Supplies,0.2,4.1988,2,55.984,South
US-2023-100622,11/3/2022,Dave Kipp,Office Supplies,0.7,-2.9964,2,4.086,South
US-2023-100622,11/3/2022,Dave Kipp,Office Supplies,0.2,3.7408,2,10.688,South
US-2023-100622,11/3/2022,Dave Kipp,Technology,0.2,311.9948,2,959.984,South
US-2023-101518,11/3/2022,Peter Bühler,Technology,0.2,0.5097,3,40.776,East
US-2023-103009,11/3/2022,Patrick Jones,Office Supplies,0,11.88,5,26.4,South
US-2023-105998,11/3/2022,Clay Rozendal,Furniture,0.2,20.9148,12,1673.184,West
US-2023-105998,11/3/2022,Clay Rozendal,Technology,0,87.89,5,199.75,West
US-2023-110429,11/3/2022,Darrin Martin,Office Supplies,0.7,-7.782,3,11.673,East
US-2023-110989,11/3/2022,Eva Jacobs,Technology,0,10.875,3,43.5,West
US-2023-121615,11/3/2022,Daniel Lacy,Office Supplies,0,6.8724,3,14.94,Central
US-2023-121615,11/3/2022,Daniel Lacy,Office Supplies,0,3.852,2,8.56,Central
US-2023-121615,11/3/2022,Daniel Lacy,Office Supplies,0,14.148,5,52.4,Central
US-2023-126046,11/3/2022,Julie Creighton,Office Supplies,0,5.6994,3,12.39,South
US-2023-130834,11/3/2022,Justin MacKendrick,Office Supplies,0.2,5.2884,3,16.272,South
US-2023-135419,11/3/2022,Bruce Geld,Furniture,0.2,36.4776,4,486.368,West
US-2023-142636,11/3/2022,Kimberly Carter,Furniture,0.2,26.8744,4,307.136,West
US-2023-142636,11/3/2022,Kimberly Carter,Office Supplies,0,65.7342,7,139.86,West
US-2023-143329,11/3/2022,Denise Leinenbach,Furniture,0,17.3754,3,41.37,West
US-2023-148320,11/3/2022,Paul Gonzalez,Office Supplies,0,17.5812,6,35.88,West
US-2023-153339,11/3/2022,Don Jones,Furniture,0.2,0.9995,1,15.992,South
US-2023-161130,11/3/2022,Beth Fritzler,Technology,0.2,27.1032,2,361.376,South
US-2023-168802,11/3/2022,Jack O'Briant,Office Supplies,0.2,5.9696,4,18.368,West
US-2023-102610,11/4/2022,Christina Anderson,Office Supplies,0.7,-2.97,2,3.564,South
US-2023-102610,11/4/2022,Christina Anderson,Office Supplies,0.2,1.7248,2,4.928,South
US-2023-102610,11/4/2022,Christina Anderson,Technology,0.2,15.5961,3,95.976,South
US-2023-102610,11/4/2022,Christina Anderson,Technology,0.2,-32.3838,9,143.928,South
US-2023-105144,11/4/2022,Sam Zeldin,Office Supplies,0.2,8.88,2,23.68,Central
US-2023-121160,11/4/2022,Frank Merwin,Office Supplies,0.8,-13.188,6,7.536,Central
US-2023-121160,11/4/2022,Frank Merwin,Office Supplies,0.8,-2.3232,2,1.408,Central
US-2023-121160,11/4/2022,Frank Merwin,Office Supplies,0.8,-6.4232,4,4.144,Central
US-2023-121160,11/4/2022,Frank Merwin,Office Supplies,0.2,-12.5286,3,52.752,Central
US-2023-122672,11/4/2022,Henry Goldwyn,Office Supplies,0.2,-43.7292,3,194.352,East
US-2023-122672,11/4/2022,Henry Goldwyn,Technology,0.2,-6.188,4,70.72,East
US-2023-147760,11/4/2022,Kelly Lampkin,Furniture,0.4,-192.0468,3,523.764,South
US-2023-147760,11/4/2022,Kelly Lampkin,Technology,0.2,118.9965,5,1359.96,South
US-2023-156083,11/4/2022,James Lanier,Office Supplies,0.2,3.2616,2,9.664,South
US-2023-159135,11/4/2022,Katherine Murray,Office Supplies,0,1.419,2,4.3,South
US-2023-168116,11/4/2022,Grant Thornton,Office Supplies,0.2,14.651,2,167.44,South
US-2023-168116,11/4/2022,Grant Thornton,Technology,0.5,-3839.9904,4,7999.98,South
US-2023-102925,11/5/2022,Christina DeMoss,Furniture,0.1,24.2012,2,128.124,East
US-2023-102925,11/5/2022,Christina DeMoss,Furniture,0,38.532,5,101.4,East
US-2023-102925,11/5/2022,Christina DeMoss,Furniture,0.4,-66.6,2,166.5,East
US-2023-102925,11/5/2022,Christina DeMoss,Office Supplies,0.2,3.7128,1,11.424,East
US-2023-102925,11/5/2022,Christina DeMoss,Office Supplies,0.2,55.5822,6,164.688,East
US-2023-102925,11/5/2022,Christina DeMoss,Office Supplies,0,6.2208,2,12.96,East
US-2023-102925,11/5/2022,Christina DeMoss,Office Supplies,0,53.2608,2,110.96,East
US-2023-102925,11/5/2022,Christina DeMoss,Technology,0,3.9992,2,99.98,East
US-2023-107272,11/5/2022,Troy Staebel,Office Supplies,0.7,-1.8308,2,2.388,West
US-2023-107272,11/5/2022,Troy Staebel,Office Supplies,0.2,30.499,7,243.992,West
US-2023-111745,11/5/2022,Ruben Ausman,Technology,0,54.3966,1,159.99,West
US-2023-114258,11/5/2022,Elizabeth Moffitt,Technology,0.2,55.4364,4,492.768,Central
US-2023-116225,11/5/2022,Susan Vittorini,Technology,0,171.93,5,390.75,East
US-2023-118213,11/5/2022,Adam Bellavance,Office Supplies,0,82.2906,3,167.94,Central
US-2023-118213,11/5/2022,Adam Bellavance,Office Supplies,0,2.0286,1,4.41,Central
US-2023-118213,11/5/2022,Adam Bellavance,Office Supplies,0,31.188,10,67.8,Central
US-2023-154732,11/5/2022,Alan Haines,Office Supplies,0.8,-25.648,5,16.03,Central
US-2023-157196,11/5/2022,Anna Andreadi,Office Supplies,0,6.2208,2,12.96,West
US-2023-100013,11/6/2022,Zuschuss Carroll,Furniture,0,2.9682,1,8.73,West
US-2023-100013,11/6/2022,Zuschuss Carroll,Office Supplies,0,1.7608,2,5.68,West
US-2023-100013,11/6/2022,Zuschuss Carroll,Office Supplies,0,7.4872,2,15.28,West
US-2023-106691,11/6/2022,Christopher Conant,Office Supplies,0.8,-1.9344,2,1.248,Central
US-2023-107174,11/6/2022,Adam Bellavance,Furniture,0.2,-73.0548,2,449.568,West
US-2023-107174,11/6/2022,Adam Bellavance,Furniture,0,366.6348,7,2036.86,West
US-2023-107174,11/6/2022,Adam Bellavance,Technology,0,32.688,3,108.96,West
US-2023-107720,11/6/2022,Valerie Mitchum,Office Supplies,0,12.0276,3,46.26,East
US-2023-109484,11/6/2022,Roger Barcio,Office Supplies,0.7,-3.788,1,5.682,West
US-2023-119319,11/6/2022,Liz Carlisle,Furniture,0.6,-19.864,5,30.56,Central
US-2023-125290,11/6/2022,Chuck Clark,Office Supplies,0,3.614,5,13.9,Central
US-2023-125290,11/6/2022,Chuck Clark,Office Supplies,0,12.1348,1,26.38,Central
US-2023-144596,11/6/2022,Carol Darley,Office Supplies,0,149.9112,9,318.96,East
US-2023-150504,11/6/2022,Harry Greene,Office Supplies,0.2,1.816,2,18.16,Central
US-2023-153948,11/6/2022,Frank Merwin,Office Supplies,0,19.872,4,41.4,West
US-2023-153948,11/6/2022,Frank Merwin,Office Supplies,0,12.672,5,26.4,West
US-2023-153948,11/6/2022,Frank Merwin,Office Supplies,0,28.1718,3,59.94,West
US-2023-153948,11/6/2022,Frank Merwin,Office Supplies,0,22.2264,4,45.36,West
US-2023-153948,11/6/2022,Frank Merwin,Technology,0,1.017,1,16.95,West
US-2023-154109,11/6/2022,Maris LaWare,Furniture,0.3,-30.9332,2,127.372,East
US-2023-154109,11/6/2022,Maris LaWare,Office Supplies,0.2,16.1838,3,47.952,East
US-2023-154816,11/6/2022,Victoria Brennan,Office Supplies,0,2.8322,1,5.78,South
US-2023-167941,11/6/2022,Jill Fjeld,Furniture,0.2,6.3612,2,28.272,South
US-2023-167941,11/6/2022,Jill Fjeld,Office Supplies,0.2,43.7136,3,499.584,South
US-2023-167941,11/6/2022,Jill Fjeld,Office Supplies,0.7,-10.6176,8,13.272,South
US-2023-167941,11/6/2022,Jill Fjeld,Office Supplies,0.2,10.8864,6,31.104,South
US-2023-167941,11/6/2022,Jill Fjeld,Office Supplies,0.2,-51.8272,4,259.136,South
US-2023-113460,11/7/2022,Katherine Nockton,Furniture,0,43.6752,3,272.97,East
US-2023-113572,11/7/2022,Frank Preis,Technology,0,2.5216,4,7.88,East
US-2023-122504,11/7/2022,Deborah Brumfield,Technology,0,13.7931,3,59.97,West
US-2023-122504,11/7/2022,Deborah Brumfield,Technology,0.2,66.6351,7,761.544,West
US-2023-132346,11/7/2022,Pete Kriz,Office Supplies,0,33.3102,7,100.94,East
US-2023-149888,11/7/2022,Emily Phan,Furniture,0.4,-140.1408,4,350.352,East
US-2023-149888,11/7/2022,Emily Phan,Technology,0.4,-71.994,5,359.97,East
US-2023-152737,11/7/2022,Tony Sayre,Office Supplies,0.2,7.6272,4,21.792,West
US-2023-152737,11/7/2022,Tony Sayre,Technology,0,145.134,4,439.8,West
US-2023-163188,11/7/2022,Erin Creighton,Office Supplies,0,19.08,9,38.16,Central
US-2023-143658,11/8/2022,Sharelle Roach,Office Supplies,0,32.97,5,109.9,East
US-2023-155621,11/8/2022,Kean Nguyen,Furniture,0,112.422,10,274.2,East
US-2023-119494,11/9/2022,Jim Epp,Furniture,0.2,52.3392,3,523.392,West
US-2023-141852,11/9/2022,Joel Eaton,Furniture,0,20.7328,8,47.12,West
US-2023-152912,11/9/2022,Brian Moss,Office Supplies,0,4.4344,2,9.64,East
US-2023-152912,11/9/2022,Brian Moss,Office Supplies,0,473.6106,9,1633.14,East
US-2023-152912,11/9/2022,Brian Moss,Office Supplies,0,157.8702,3,544.38,East
US-2023-152912,11/9/2022,Brian Moss,Technology,0,355.4466,3,826.62,East
US-2023-158246,11/9/2022,Jennifer Braxton,Furniture,0.2,-2.6997,3,215.976,West
US-2023-159597,11/9/2022,Matt Collister,Office Supplies,0,3.178,2,63.56,West
US-2023-159597,11/9/2022,Matt Collister,Technology,0,43.9956,1,99.99,West
US-2023-159667,11/9/2022,Peter McVee,Technology,0.2,38.3952,3,191.976,South
US-2023-159667,11/9/2022,Peter McVee,Technology,0.2,31.198,4,499.168,South
US-2023-161018,11/9/2022,Parhena Norris,Furniture,0,40.5426,7,96.53,East
US-2023-104640,11/10/2022,Frank Hawley,Office Supplies,0.2,314.2719,3,931.176,East
US-2023-104640,11/10/2022,Frank Hawley,Technology,0,124.9552,2,430.88,East
US-2023-128447,11/10/2022,Michael Chen,Office Supplies,0,112.224,5,400.8,West
US-2023-128447,11/10/2022,Michael Chen,Office Supplies,0.2,10.0772,1,28.792,West
US-2023-137624,11/10/2022,Maria Etezadi,Furniture,0.2,-36.2136,2,241.424,West
US-2023-141138,11/10/2022,Gary Hwang,Technology,0,43.5981,7,111.79,West
US-2023-142671,11/10/2022,Daniel Raglin,Office Supplies,0.7,-7.68,5,11.52,South
US-2023-155425,11/10/2022,Ann Blume,Furniture,0.2,-146.1096,4,899.136,West
US-2023-155425,11/10/2022,Ann Blume,Office Supplies,0.7,-25.592,14,38.388,West
US-2023-155425,11/10/2022,Ann Blume,Technology,0.2,-35.9928,6,239.952,West
US-2023-155425,11/10/2022,Ann Blume,Technology,0.7,-63.996,2,95.994,West
US-2023-155425,11/10/2022,Ann Blume,Technology,0.2,15.1188,2,201.584,West
US-2023-161739,11/10/2022,Edward Becker,Furniture,0.6,-427.45,5,341.96,Central
US-2023-162096,11/10/2022,Thomas Brumley,Office Supplies,0,2.106,3,7.8,West
US-2023-163874,11/10/2022,Nick Crebassa,Office Supplies,0.2,9.5526,3,26.352,West
US-2023-110842,11/11/2022,Guy Armstrong,Office Supplies,0,2.8314,1,10.89,West
US-2023-110842,11/11/2022,Guy Armstrong,Office Supplies,0.2,39.52,5,121.6,West
US-2023-110842,11/11/2022,Guy Armstrong,Office Supplies,0,9.3312,3,19.44,West
US-2023-115448,11/11/2022,Michelle Huthwaite,Furniture,0.2,14.4495,5,88.92,South
US-2023-116491,11/11/2022,Patrick Gardner,Technology,0.2,12.3144,2,35.184,Central
US-2023-120327,11/11/2022,William Brown,Office Supplies,0,21.5824,4,45.92,Central
US-2023-143217,11/11/2022,Catherine Glotzbach,Office Supplies,0,8.5728,3,18.24,Central
US-2023-143455,11/11/2022,Max Ludwig,Office Supplies,0.2,3.6288,2,10.368,East
US-2023-148985,11/11/2022,Thomas Brumley,Furniture,0,11.8728,4,34.92,West
US-2023-150959,11/11/2022,Tamara Dahlen,Office Supplies,0.8,-32.088,4,18.336,Central
US-2023-150959,11/11/2022,Tamara Dahlen,Office Supplies,0.2,3.393,5,10.44,Central
US-2023-154137,11/11/2022,Meg Tillman,Office Supplies,0,0,1,35.48,East
US-2023-157483,11/11/2022,Emily Phan,Office Supplies,0,50.9208,7,181.86,Central
US-2023-158561,11/11/2022,Brenda Bowman,Office Supplies,0.2,130.2885,5,1158.12,South
US-2023-167976,11/11/2022,Jeremy Lonsdale,Office Supplies,0,6.63,3,25.5,Central
US-2023-116659,11/12/2022,Nat Gilpin,Technology,0.4,-92.6955,3,370.782,East
US-2023-122644,11/12/2022,Sylvia Foulston,Office Supplies,0.2,3.5256,2,10.848,East
US-2023-122644,11/12/2022,Sylvia Foulston,Technology,0.2,3.0134,2,18.544,East
US-2023-125808,11/12/2022,Emily Phan,Office Supplies,0,5.6644,2,11.56,West
US-2023-130386,11/12/2022,Nathan Gelder,Office Supplies,0.2,5.8203,3,16.056,Central
US-2023-130386,11/12/2022,Nathan Gelder,Office Supplies,0.2,69.705,9,223.056,Central
US-2023-130386,11/12/2022,Nathan Gelder,Office Supplies,0.2,-47.2542,3,540.048,Central
US-2023-132220,11/12/2022,Don Jones,Technology,0.2,-10.9116,6,62.352,West
US-2023-134915,11/12/2022,Eugene Moren,Furniture,0.2,9.9652,2,113.888,West
US-2023-134915,11/12/2022,Eugene Moren,Furniture,0.2,-5.6784,2,113.568,West
US-2023-134915,11/12/2022,Eugene Moren,Office Supplies,0.2,8.381,5,23.12,West
US-2023-134915,11/12/2022,Eugene Moren,Technology,0.2,13,4,41.6,West
US-2023-134915,11/12/2022,Eugene Moren,Technology,0.2,0.693,2,7.92,West
US-2023-134915,11/12/2022,Eugene Moren,Technology,0.2,50.3988,2,671.984,West
US-2023-134978,11/12/2022,Ed Braxton,Office Supplies,0.2,5.373,5,15.92,East
US-2023-136707,11/12/2022,Jim Epp,Office Supplies,0.2,4.9056,4,14.016,West
US-2023-149944,11/12/2022,Maria Bertelson,Office Supplies,0,22.0748,2,76.12,West
US-2023-149944,11/12/2022,Maria Bertelson,Office Supplies,0,9.12,3,18.24,West
US-2023-154088,11/12/2022,Larry Blacks,Office Supplies,0.2,9.352,5,26.72,South
US-2023-160514,11/12/2022,David Bremer,Office Supplies,0,4.752,2,10.56,West
US-2023-164168,11/12/2022,Lindsay Shagiari,Furniture,0.6,-17.7072,3,22.848,Central
US-2023-164168,11/12/2022,Lindsay Shagiari,Office Supplies,0.8,-45.84,5,30.56,Central
US-2023-164168,11/12/2022,Lindsay Shagiari,Office Supplies,0.2,4.4312,2,12.224,Central
US-2023-164168,11/12/2022,Lindsay Shagiari,Office Supplies,0.2,-15.5904,3,77.952,Central
US-2023-164168,11/12/2022,Lindsay Shagiari,Technology,0.2,-0.5598,2,44.784,Central
US-2023-164168,11/12/2022,Lindsay Shagiari,Technology,0.2,8.499,1,67.992,Central
US-2023-164364,11/12/2022,Christine Sundaresam,Office Supplies,0,2.3025,3,9.21,West
US-2023-164364,11/12/2022,Christine Sundaresam,Office Supplies,0,4.5816,2,9.96,West
US-2023-164364,11/12/2022,Christine Sundaresam,Office Supplies,0,8.0997,3,27.93,West
US-2023-166835,11/12/2022,Dennis Kane,Office Supplies,0.2,-55.256,2,221.024,East
US-2023-102904,11/13/2022,Cassandra Brandow,Technology,0,23.992,8,239.92,South
US-2023-112844,11/13/2022,Stefania Perrino,Furniture,0,30.99,3,154.95,East
US-2023-112844,11/13/2022,Stefania Perrino,Technology,0,12.208,4,43.6,East
US-2023-113873,11/13/2022,Katrina Edelman,Furniture,0.32,-27.2646,3,205.9992,Central
US-2023-113873,11/13/2022,Katrina Edelman,Office Supplies,0.2,6.1792,4,61.792,Central
US-2023-119662,11/13/2022,Christopher Schild,Office Supplies,0.2,-48.9549,3,230.376,Central
US-2023-122490,11/13/2022,Ted Trevino,Furniture,0.2,150.294,6,2404.704,West
US-2023-122490,11/13/2022,Ted Trevino,Office Supplies,0.2,190.0206,11,563.024,West
US-2023-122490,11/13/2022,Ted Trevino,Office Supplies,0,4.2336,3,8.64,West
US-2023-122490,11/13/2022,Ted Trevino,Office Supplies,0,10.3473,3,344.91,West
US-2023-123624,11/13/2022,Sanjit Engle,Technology,0,29.0325,5,82.95,West
US-2023-124926,11/13/2022,Maria Etezadi,Office Supplies,0.8,-24.7086,6,9.324,Central
US-2023-133620,11/13/2022,Erin Mull,Office Supplies,0,3.363,1,11.21,East
US-2023-140312,11/13/2022,Ken Lonsdale,Technology,0.2,1.375,5,22,West
US-2023-153633,11/13/2022,Toby Carlisle,Office Supplies,0.2,0.1548,1,2.064,South
US-2023-159156,11/13/2022,Ken Brennan,Technology,0,163.787,5,629.95,East
US-2023-160416,11/13/2022,Alan Dominguez,Technology,0,70.5028,4,163.96,East
US-2023-165204,11/13/2022,Michael Nguyen,Office Supplies,0.2,3.339,3,8.904,South
US-2023-165204,11/13/2022,Michael Nguyen,Office Supplies,0.2,-63.0056,4,720.064,South
US-2023-165344,11/13/2022,Sean Braxton,Office Supplies,0.7,-7.48,10,11.22,East
US-2023-165344,11/13/2022,Sean Braxton,Technology,0.2,9.1296,4,60.864,East
US-2023-165344,11/13/2022,Sean Braxton,Technology,0.7,-935.9595,7,652.995,East
US-2023-106943,11/14/2022,Frank Olsen,Office Supplies,0.2,3.024,2,8.64,East
US-2023-118157,11/14/2022,Arthur Wiediger,Office Supplies,0,7.4872,2,15.28,Central
US-2023-124261,11/14/2022,Joe Elijah,Office Supplies,0,9.9296,8,34.24,West
US-2023-136679,11/14/2022,Xylona Preis,Office Supplies,0.2,4.504,2,45.04,Central
US-2023-136679,11/14/2022,Xylona Preis,Technology,0.2,-27.2922,6,167.952,Central
US-2023-137323,11/14/2022,Pauline Webber,Office Supplies,0,25.0536,6,96.36,East
US-2023-138611,11/14/2022,Clytie Kelty,Office Supplies,0.7,-2.7968,2,3.648,East
US-2023-138611,11/14/2022,Clytie Kelty,Technology,0.4,15.992,10,119.94,East
US-2023-142489,11/14/2022,Toby Carlisle,Office Supplies,0.8,-32.985,5,21.99,Central
US-2023-152142,11/14/2022,Lindsay Williams,Furniture,0.2,28.1372,2,321.568,West
US-2023-108112,11/15/2022,Dana Kaydos,Furniture,0.2,0,4,339.136,South
US-2023-108112,11/15/2022,Dana Kaydos,Furniture,0.2,55.016,4,220.064,South
US-2023-100601,11/16/2022,Jay Kimmel,Office Supplies,0,0.9772,7,48.86,West
US-2023-107888,11/16/2022,Chris Cortes,Furniture,0,23.7864,2,139.92,West
US-2023-107888,11/16/2022,Chris Cortes,Office Supplies,0,34.6296,6,73.68,West
US-2023-107888,11/16/2022,Chris Cortes,Office Supplies,0,7.9896,1,33.29,West
US-2023-107888,11/16/2022,Chris Cortes,Technology,0.2,10.788,3,107.88,West
US-2023-108091,11/16/2022,Eileen Kiefer,Office Supplies,0,6.0736,4,23.36,West
US-2023-114657,11/16/2022,Mick Hernandez,Technology,0,24.1224,4,52.44,East
US-2023-118598,11/16/2022,Charlotte Melton,Technology,0,5.997,6,119.94,East
US-2023-121678,11/16/2022,Brian Moss,Office Supplies,0.7,-1.3984,1,1.824,East
US-2023-122945,11/16/2022,Mick Brown,Furniture,0,5.193,3,17.31,West
US-2023-136308,11/16/2022,Mitch Willingham,Technology,0.2,215.9973,3,1919.976,West
US-2023-137022,11/16/2022,Scott Williamson,Office Supplies,0,24.3384,8,811.28,West
US-2023-157448,11/16/2022,Lena Creighton,Furniture,0,4.4712,3,12.42,West
US-2023-157448,11/16/2022,Lena Creighton,Furniture,0,23.988,3,119.94,West
US-2023-157896,11/16/2022,Christy Brittain,Office Supplies,0,73.41,3,146.82,East
US-2023-160633,11/16/2022,Bill Stewart,Office Supplies,0.2,5.397,3,86.352,East
US-2023-160633,11/16/2022,Bill Stewart,Technology,0.2,-1.7495,5,139.96,East
US-2023-160633,11/16/2022,Bill Stewart,Technology,0.4,74.9985,3,899.982,East
US-2023-100902,11/17/2022,Clytie Kelty,Office Supplies,0.2,93.884,7,268.24,South
US-2023-100902,11/17/2022,Clytie Kelty,Technology,0.2,107.79,5,431.16,South
US-2023-116505,11/17/2022,Trudy Brown,Office Supplies,0,20.586,6,43.8,East
US-2023-118122,11/17/2022,Greg Guthrie,Office Supplies,0.2,4.5188,2,13.904,West
US-2023-124674,11/17/2022,Joy Bell-,Furniture,0.32,-14.4588,2,327.7328,Central
US-2023-128265,11/17/2022,Victoria Wilson,Office Supplies,0,349.3392,3,1247.64,East
US-2023-138163,11/17/2022,Xylona Preis,Office Supplies,0,14.2632,3,50.94,East
US-2023-141719,11/17/2022,Emily Grady,Technology,0.2,83.986,5,239.96,Central
US-2023-155866,11/17/2022,Christopher Conant,Furniture,0,76.9816,4,187.76,East
US-2023-155866,11/17/2022,Christopher Conant,Office Supplies,0,18.6624,6,38.88,East
US-2023-158120,11/17/2022,Katharine Harms,Office Supplies,0.7,-3.465,7,4.158,West
US-2023-158120,11/17/2022,Katharine Harms,Office Supplies,0.2,6.6177,3,19.608,West
US-2023-163629,11/17/2022,Ruben Ausman,Technology,0,28.7964,1,79.99,South
US-2023-163629,11/17/2022,Ruben Ausman,Technology,0,55.647,5,206.1,South
US-2023-165687,11/17/2022,Christine Sundaresam,Office Supplies,0,12.264,2,35.04,South
US-2023-166709,11/17/2022,Hunter Lopez,Technology,0,5039.9856,3,10499.97,East
US-2023-104864,11/18/2022,Jim Sink,Office Supplies,0.2,48.632,4,389.056,South
US-2023-104864,11/18/2022,Jim Sink,Office Supplies,0.7,-16.1856,8,20.232,South
US-2023-104864,11/18/2022,Jim Sink,Office Supplies,0.2,14.5152,8,41.472,South
US-2023-104864,11/18/2022,Jim Sink,Office Supplies,0.2,7.2576,4,20.736,South
US-2023-104864,11/18/2022,Jim Sink,Office Supplies,0.2,-19.323,5,81.36,South
US-2023-104913,11/18/2022,Dave Kipp,Technology,0,36.7255,5,74.95,East
US-2023-107825,11/18/2022,Nona Balk,Furniture,0,2.7354,2,5.82,Central
US-2023-107825,11/18/2022,Nona Balk,Office Supplies,0,3.4686,2,7.38,Central
US-2023-107825,11/18/2022,Nona Balk,Office Supplies,0,10.5728,1,37.76,Central
US-2023-107825,11/18/2022,Nona Balk,Office Supplies,0,24.9804,6,92.52,Central
US-2023-132444,11/18/2022,Christina DeMoss,Office Supplies,0.2,2.9568,2,8.448,West
US-2023-132444,11/18/2022,Christina DeMoss,Office Supplies,0,1.4208,2,2.96,West
US-2023-132444,11/18/2022,Christina DeMoss,Office Supplies,0,9.594,3,95.94,West
US-2023-132444,11/18/2022,Christina DeMoss,Office Supplies,0,45.8136,6,169.68,West
US-2023-132444,11/18/2022,Christina DeMoss,Technology,0,54.3332,4,132.52,West
US-2023-143434,11/18/2022,Maria Etezadi,Furniture,0,8.2992,4,19.76,Central
US-2023-158946,11/18/2022,Jane Waco,Office Supplies,0.2,7.7728,7,38.864,East
US-2023-160122,11/18/2022,Russell D'Ascenzo,Furniture,0.3,-25.4772,2,127.386,Central
US-2023-160122,11/18/2022,Russell D'Ascenzo,Office Supplies,0.2,20.844,6,55.584,Central
US-2023-167871,11/18/2022,Art Ferguson,Office Supplies,0.2,15.5344,1,44.384,South
US-2023-167871,11/18/2022,Art Ferguson,Office Supplies,0.2,-0.6624,1,2.944,South
US-2023-101042,11/19/2022,Adrian Barton,Furniture,0,213.6888,6,821.88,South
US-2023-101042,11/19/2022,Adrian Barton,Office Supplies,0,10.7604,2,21.96,South
US-2023-108014,11/19/2022,Jennifer Halladay,Office Supplies,0.7,-45.9333,7,59.913,East
US-2023-110926,11/19/2022,Dorothy Dickinson,Office Supplies,0,12.53,7,25.06,South
US-2023-112529,11/19/2022,Stewart Carmichael,Furniture,0.3,-71.8116,6,718.116,Central
US-2023-112529,11/19/2022,Stewart Carmichael,Office Supplies,0.2,8.7384,4,31.776,Central
US-2023-121468,11/19/2022,Katherine Ducich,Technology,0.2,2.3976,4,31.968,West
US-2023-126242,11/19/2022,Mick Crebagga,Furniture,0,7.106,1,18.7,West
US-2023-126242,11/19/2022,Mick Crebagga,Office Supplies,0,76.2525,9,305.01,West
US-2023-131254,11/19/2022,Nathan Cano,Furniture,0.3,-46.3998,3,191.058,Central
US-2023-131254,11/19/2022,Nathan Cano,Office Supplies,0.2,3.912,5,13.04,Central
US-2023-131254,11/19/2022,Nathan Cano,Office Supplies,0.8,-2287.782,6,1525.188,Central
US-2023-137491,11/19/2022,Linda Cazamias,Furniture,0.3,-8.7232,2,305.312,Central
US-2023-139969,11/19/2022,Art Ferguson,Furniture,0.3,-53.2704,3,233.058,Central
US-2023-143021,11/19/2022,Anne Pryor,Furniture,0.4,-29.3238,3,79.974,East
US-2023-143021,11/19/2022,Anne Pryor,Office Supplies,0.2,18.2525,7,58.408,East
US-2023-146458,11/19/2022,Richard Bierner,Office Supplies,0,6.6584,7,22.96,South
US-2023-152380,11/19/2022,Jonathan Howell,Furniture,0.5,-131.445,3,219.075,Central
US-2023-158876,11/19/2022,Aimee Bixby,Furniture,0.6,-13.993,2,15.992,Central
US-2023-158876,11/19/2022,Aimee Bixby,Office Supplies,0.2,8.6744,4,99.136,Central
US-2023-158876,11/19/2022,Aimee Bixby,Office Supplies,0.2,5.28,4,16.896,Central
US-2023-158876,11/19/2022,Aimee Bixby,Office Supplies,0.2,0.5004,1,6.672,Central
US-2023-162929,11/19/2022,Adrian Shami,Office Supplies,0.2,13.932,6,41.28,East
US-2023-162929,11/19/2022,Adrian Shami,Office Supplies,0,6.4128,2,13.36,East
US-2023-168858,11/19/2022,Justin Deggeller,Office Supplies,0,626.185,7,2504.74,East
US-2023-168858,11/19/2022,Justin Deggeller,Office Supplies,0,8.37,3,16.74,East
US-2023-103499,11/20/2022,Erica Smith,Furniture,0.2,-23.5764,2,209.568,South
US-2023-110996,11/20/2022,Kelly Andreada,Furniture,0.2,-46.137,5,283.92,West
US-2023-111556,11/20/2022,Carlos Daly,Furniture,0.2,-25.2956,2,183.968,East
US-2023-111556,11/20/2022,Carlos Daly,Office Supplies,0,19.3116,3,68.97,East
US-2023-111556,11/20/2022,Carlos Daly,Office Supplies,0,22.4448,7,46.76,East
US-2023-111556,11/20/2022,Carlos Daly,Technology,0,327.5922,3,1259.97,East
US-2023-118731,11/20/2022,Liz Pelletier,Furniture,0,16.614,3,42.6,West
US-2023-118731,11/20/2022,Liz Pelletier,Office Supplies,0.2,27.3182,7,84.056,West
US-2023-120404,11/20/2022,Katharine Harms,Furniture,0,9.1746,3,50.97,East
US-2023-120404,11/20/2022,Katharine Harms,Technology,0,1.3365,3,2.97,East
US-2023-120404,11/20/2022,Katharine Harms,Technology,0,170.997,1,569.99,East
US-2023-121818,11/20/2022,Jennifer Halladay,Office Supplies,0.2,2.6964,7,23.968,South
US-2023-121818,11/20/2022,Jennifer Halladay,Office Supplies,0.2,1.7955,3,28.728,South
US-2023-146724,11/20/2022,Hunter Glantz,Office Supplies,0,9.68,10,22,Central
US-2023-154123,11/20/2022,Sample Company A,Furniture,0,11.5836,2,27.58,South
US-2023-161193,11/20/2022,Brian Thompson,Furniture,0.2,1.5714,2,4.656,East
US-2023-161193,11/20/2022,Brian Thompson,Furniture,0.2,28.13,5,77.6,East
US-2023-100811,11/21/2022,Cindy Chapman,Office Supplies,0.2,2.64,2,8.448,East
US-2023-100811,11/21/2022,Cindy Chapman,Office Supplies,0.2,3.9296,4,39.296,East
US-2023-103380,11/21/2022,Barry Franz,Office Supplies,0,2.2412,1,8.62,West
US-2023-103380,11/21/2022,Barry Franz,Office Supplies,0,1.4456,2,5.56,West
US-2023-103380,11/21/2022,Barry Franz,Office Supplies,0,3.5178,2,9.02,West
US-2023-103380,11/21/2022,Barry Franz,Office Supplies,0,15.2712,2,56.56,West
US-2023-103380,11/21/2022,Barry Franz,Technology,0.2,49.4982,3,659.976,West
US-2023-105130,11/21/2022,Patrick Jones,Office Supplies,0,3.1752,4,11.76,West
US-2023-105130,11/21/2022,Patrick Jones,Office Supplies,0.2,14.7668,2,40.736,West
US-2023-107874,11/21/2022,Scott Williamson,Furniture,0,11.2422,1,27.42,East
US-2023-110443,11/21/2022,Chloris Kastensmidt,Office Supplies,0.2,56.55,5,150.8,West
US-2023-110443,11/21/2022,Chloris Kastensmidt,Office Supplies,0,24.8832,8,51.84,West
US-2023-110443,11/21/2022,Chloris Kastensmidt,Technology,0.2,103.9992,1,1039.992,West
US-2023-142888,11/21/2022,Benjamin Patterson,Furniture,0,20.5842,1,70.98,West
US-2023-157420,11/21/2022,Henia Zydlo,Technology,0.2,-12.4146,3,55.176,Central
US-2023-144036,11/22/2022,Frank Olsen,Office Supplies,0.2,2.232,8,35.712,Central
US-2023-103156,11/23/2022,Tamara Dahlen,Furniture,0.2,7.2144,9,24.048,East
US-2023-107832,11/23/2022,Frank Hawley,Office Supplies,0.7,-5.9808,1,7.476,East
US-2023-119004,11/23/2022,Janet Martin,Office Supplies,0.2,1.0738,1,3.304,South
US-2023-119004,11/23/2022,Janet Martin,Technology,0.2,17.6016,8,74.112,South
US-2023-119004,11/23/2022,Janet Martin,Technology,0.2,2.0994,1,27.992,South
US-2023-119746,11/23/2022,Christopher Martinez,Furniture,0.6,-4.04,1,6.464,Central
US-2023-119746,11/23/2022,Christopher Martinez,Office Supplies,0.2,4.176,5,11.52,Central
US-2023-119746,11/23/2022,Christopher Martinez,Technology,0.2,16.6788,2,222.384,Central
US-2023-148992,11/23/2022,Chris Selesnick,Office Supplies,0.2,3.7408,2,10.688,Central
US-2023-149160,11/23/2022,Janet Molinari,Furniture,0,11.076,2,28.4,Central
US-2023-149160,11/23/2022,Janet Molinari,Office Supplies,0,138.2016,8,287.92,Central
US-2023-156622,11/23/2022,Jennifer Patt,Furniture,0.3,-31.0335,1,127.785,Central
US-2023-156622,11/23/2022,Jennifer Patt,Office Supplies,0.8,-9.156,2,6.104,Central
US-2023-156622,11/23/2022,Jennifer Patt,Office Supplies,0.2,12.7008,7,36.288,Central
US-2023-156622,11/23/2022,Jennifer Patt,Office Supplies,0.2,29.364,2,78.304,Central
US-2023-166919,11/23/2022,Alan Hwang,Technology,0.2,19.596,5,195.96,Central
US-2023-167017,11/23/2022,Dan Campbell,Office Supplies,0,0.1744,2,4.36,Central
US-2023-101945,11/24/2022,Greg Tran,Office Supplies,0.2,2.5707,3,10.824,Central
US-2023-103765,11/24/2022,Jason Gross,Office Supplies,0.8,-24.7716,1,13.762,Central
US-2023-105543,11/24/2022,Brooke Gillingham,Office Supplies,0,7.9896,1,33.29,Central
US-2023-123701,11/24/2022,Patrick Gardner,Office Supplies,0,9.9936,4,27.76,West
US-2023-128118,11/24/2022,Maribeth Yedwab,Office Supplies,0.7,-7.782,3,11.673,South
US-2023-128118,11/24/2022,Maribeth Yedwab,Office Supplies,0.2,24.318,7,64.848,South
US-2023-128300,11/24/2022,Roland Schwarz,Office Supplies,0,157.3632,8,327.84,South
US-2023-128300,11/24/2022,Roland Schwarz,Technology,0,39.55,2,79.1,South
US-2023-131366,11/24/2022,Shaun Chance,Office Supplies,0.2,83.2097,7,229.544,East
US-2023-131366,11/24/2022,Shaun Chance,Technology,0.4,-14.998,2,89.988,East
US-2023-137505,11/24/2022,Beth Paige,Furniture,0.2,9.102,2,364.08,West
US-2023-137505,11/24/2022,Beth Paige,Furniture,0.2,-1.7772,2,71.088,West
US-2023-146535,11/24/2022,Frank Merwin,Office Supplies,0,1.4112,1,2.88,South
US-2023-146535,11/24/2022,Frank Merwin,Office Supplies,0,375.4296,12,1443.96,South
US-2023-153654,11/24/2022,Michael Dominguez,Office Supplies,0.7,-12.672,8,19.008,South
US-2023-162250,11/24/2022,Patrick Ryan,Office Supplies,0,3.501,1,7.78,West
US-2023-164028,11/24/2022,John Lee,Technology,0,87.1962,14,223.58,West
US-2023-166436,11/24/2022,Todd Sumrall,Furniture,0.1,173.7408,6,977.292,East
US-2023-166436,11/24/2022,Todd Sumrall,Office Supplies,0,2.8812,1,5.88,East
US-2023-168641,11/24/2022,Kelly Andreada,Furniture,0.2,-16.0784,2,321.568,East
US-2023-168641,11/24/2022,Kelly Andreada,Office Supplies,0,7.371,9,16.38,East
US-2023-168641,11/24/2022,Kelly Andreada,Office Supplies,0,78.9412,2,167.96,East
US-2023-168641,11/24/2022,Kelly Andreada,Office Supplies,0,6.2208,2,12.96,East
US-2023-169894,11/24/2022,Mark Van Huff,Office Supplies,0.7,-15.1976,2,20.724,West
US-2023-169894,11/24/2022,Mark Van Huff,Office Supplies,0.2,-41.5872,8,415.872,West
US-2023-101665,11/25/2022,Tracy Zic,Office Supplies,0,1.3416,2,5.16,West
US-2023-109610,11/25/2022,Brendan Sweed,Furniture,0,168.4704,2,701.96,South
US-2023-124765,11/25/2022,Henia Zydlo,Furniture,0.2,-81.441,5,723.92,South
US-2023-129000,11/25/2022,Sam Zeldin,Office Supplies,0,0,3,501.81,Central
US-2023-133312,11/25/2022,Bradley Drucker,Furniture,0.15,-29.6058,3,359.499,West
US-2023-133312,11/25/2022,Bradley Drucker,Office Supplies,0,2.8296,1,10.48,West
US-2023-150266,11/25/2022,Rose O'Brian,Furniture,0.3,-24.398,5,853.93,Central
US-2023-150266,11/25/2022,Rose O'Brian,Office Supplies,0.8,-179.776,5,67.84,Central
US-2023-150266,11/25/2022,Rose O'Brian,Office Supplies,0.2,3.7376,4,18.688,Central
US-2023-150266,11/25/2022,Rose O'Brian,Technology,0.2,37.495,5,299.96,Central
US-2023-155159,11/25/2022,Delfina Latchford,Office Supplies,0,23.9463,9,48.87,South
US-2023-161459,11/25/2022,Edward Becker,Office Supplies,0,15.336,6,34.08,West
US-2023-161459,11/25/2022,Edward Becker,Technology,0.2,3.4965,5,39.96,West
US-2023-100097,11/26/2022,Michael Nguyen,Furniture,0,37.884,5,135.3,East
US-2023-100097,11/26/2022,Michael Nguyen,Technology,0,264.5865,5,979.95,East
US-2023-122700,11/26/2022,Liz Thompson,Technology,0.4,-40.4712,8,220.752,East
US-2023-130526,11/26/2022,Guy Thornton,Office Supplies,0.8,-53.7088,8,33.568,Central
US-2023-135307,11/26/2022,Lynn Smith,Furniture,0,40.416,3,126.3,Central
US-2023-135307,11/26/2022,Lynn Smith,Technology,0,12.1728,2,38.04,Central
US-2023-141439,11/26/2022,Tonja Turnell,Furniture,0,240.294,3,828.6,Central
US-2023-141439,11/26/2022,Tonja Turnell,Furniture,0,9.8856,2,27.46,Central
US-2023-141439,11/26/2022,Tonja Turnell,Furniture,0,67.0644,3,257.94,Central
US-2023-141439,11/26/2022,Tonja Turnell,Technology,0,43.1904,2,89.98,Central
US-2023-141439,11/26/2022,Tonja Turnell,Technology,0,545.1884,4,1879.96,Central
US-2023-155607,11/26/2022,Frank Gastineau,Office Supplies,0,14.6825,7,58.73,East
US-2023-155607,11/26/2022,Frank Gastineau,Office Supplies,0.2,32.6704,4,93.344,East
US-2023-155957,11/26/2022,Corey Catlett,Office Supplies,0.2,9.801,3,52.272,East
US-2023-155957,11/26/2022,Corey Catlett,Office Supplies,0.2,23.9778,7,213.136,East
US-2023-165029,11/26/2022,Adam Hart,Office Supplies,0,3.7236,3,12.84,South
US-2023-101245,11/27/2022,Lindsay Williams,Office Supplies,0,114.9385,5,244.55,West
US-2023-101245,11/27/2022,Lindsay Williams,Technology,0,59.8176,8,166.16,West
US-2023-102519,11/27/2022,Brian Moss,Furniture,0,19.2454,1,46.94,Central
US-2023-102519,11/27/2022,Brian Moss,Technology,0,56.0547,9,143.73,Central
US-2023-103352,11/27/2022,Resi Pölking,Office Supplies,0,2.0271,3,6.99,East
US-2023-103352,11/27/2022,Resi Pölking,Office Supplies,0.2,36.2556,6,107.424,East
US-2023-107125,11/27/2022,Bill Donatelli,Furniture,0,6.0288,3,18.84,West
US-2023-107125,11/27/2022,Bill Donatelli,Office Supplies,0.2,41.1208,7,117.488,West
US-2023-132185,11/27/2022,Doug Bickford,Office Supplies,0.2,4.3584,1,43.584,South
US-2023-132185,11/27/2022,Doug Bickford,Office Supplies,0.2,0.7665,5,8.76,South
US-2023-133207,11/27/2022,Doug O'Connell,Technology,0.2,5.7568,4,57.568,West
US-2023-159506,11/27/2022,Justin Ritter,Office Supplies,0,224.073,3,497.94,Central
US-2023-159506,11/27/2022,Justin Ritter,Office Supplies,0,72.8088,6,158.28,Central
US-2023-110576,11/28/2022,Ross Baird,Furniture,0.2,75.5424,6,1007.232,East
US-2023-110576,11/28/2022,Ross Baird,Furniture,0.2,-12.9122,7,516.488,East
US-2023-110576,11/28/2022,Ross Baird,Furniture,0.4,-619.596,12,2065.32,East
US-2023-110576,11/28/2022,Ross Baird,Office Supplies,0.2,5.4432,3,15.552,East
US-2023-110576,11/28/2022,Ross Baird,Office Supplies,0.2,7.92,6,25.344,East
US-2023-117702,11/28/2022,Lindsay Shagiari,Furniture,0,272.792,5,1049.2,East
US-2023-117702,11/28/2022,Lindsay Shagiari,Furniture,0,7.524,5,20.9,East
US-2023-117702,11/28/2022,Lindsay Shagiari,Office Supplies,0,0.738,1,1.64,East
US-2023-121538,11/28/2022,Rick Hansen,Office Supplies,0.2,31.0688,2,88.768,West
US-2023-123372,11/28/2022,Deirdre Greer,Office Supplies,0,35.982,2,79.96,East
US-2023-123372,11/28/2022,Deirdre Greer,Technology,0,494.9725,11,1979.89,East
US-2023-131303,11/28/2022,Emily Phan,Office Supplies,0,29.4455,5,62.65,West
US-2023-108035,11/29/2022,Ted Trevino,Furniture,0.2,48.796,2,390.368,South
US-2023-108035,11/29/2022,Ted Trevino,Furniture,0.2,19.035,5,101.52,South
US-2023-102267,11/30/2022,Stuart Calhoun,Office Supplies,0.2,0.8288,2,2.368,Central
US-2023-105333,11/30/2022,Victor Preis,Office Supplies,0,5.3898,3,269.49,East
US-2023-105333,11/30/2022,Victor Preis,Office Supplies,0,1.6712,4,83.56,East
US-2023-105333,11/30/2022,Victor Preis,Technology,0,163.818,3,546.06,East
US-2023-107314,11/30/2022,Maria Zettner,Furniture,0,9.5571,3,25.83,West
US-2023-111689,11/30/2022,Harold Pawlan,Furniture,0.1,262.39,5,1242.9,East
US-2023-111689,11/30/2022,Harold Pawlan,Office Supplies,0.2,23.1093,3,68.472,East
US-2023-116645,11/30/2022,Max Engle,Office Supplies,0,45.2226,6,155.94,East
US-2023-119305,11/30/2022,Scott Williamson,Office Supplies,0,43.45,5,173.8,South
US-2023-120089,11/30/2022,Max Ludwig,Office Supplies,0.2,82.992,4,663.936,East
US-2023-137365,11/30/2022,Bart Pistole,Technology,0.2,-10.7973,3,95.976,Central
US-2023-142090,11/30/2022,Shahid Collister,Furniture,0.4,-653.2834,7,1781.682,South
US-2023-142090,11/30/2022,Shahid Collister,Technology,0.2,81.5949,3,383.976,South
US-2023-148768,11/30/2022,Parhena Norris,Technology,0.2,8.997,3,71.976,South
US-2023-165456,11/30/2022,Trudy Brown,Furniture,0.3,-15.4188,6,1079.316,East
US-2023-101805,12/1/2022,Sally Hughsby,Furniture,0,31.0992,12,70.68,West
US-2023-101805,12/1/2022,Sally Hughsby,Office Supplies,0.2,5.373,5,15.92,West
US-2023-101805,12/1/2022,Sally Hughsby,Office Supplies,0,5.4124,4,541.24,West
US-2023-103968,12/1/2022,Max Ludwig,Furniture,0,107.0388,9,629.64,West
US-2023-113355,12/1/2022,Sarah Jordon,Furniture,0.3,-18.1176,3,317.058,Central
US-2023-113355,12/1/2022,Sarah Jordon,Technology,0.2,24.7275,5,219.8,Central
US-2023-118542,12/1/2022,Clay Cheatham,Office Supplies,0.2,3.6714,2,10.128,West
US-2023-118542,12/1/2022,Clay Cheatham,Office Supplies,0,21.7728,7,45.36,West
US-2023-122539,12/1/2022,Sean Christensen,Furniture,0.3,-28.498,2,398.972,East
US-2023-122539,12/1/2022,Sean Christensen,Office Supplies,0.7,-5.6007,7,8.001,East
US-2023-122539,12/1/2022,Sean Christensen,Office Supplies,0.2,5.1792,4,15.936,East
US-2023-127313,12/1/2022,Ralph Arnett,Furniture,0.2,13.846,5,79.12,East
US-2023-127313,12/1/2022,Ralph Arnett,Office Supplies,0.2,2.337,3,37.392,East
US-2023-135860,12/1/2022,Joseph Holt,Office Supplies,0,7.4824,4,15.92,Central
US-2023-135860,12/1/2022,Joseph Holt,Office Supplies,0,16.2099,9,52.29,Central
US-2023-135860,12/1/2022,Joseph Holt,Office Supplies,0,5.8744,4,83.92,Central
US-2023-135860,12/1/2022,Joseph Holt,Office Supplies,0,3.6796,1,91.99,Central
US-2023-135860,12/1/2022,Joseph Holt,Technology,0,35.6346,2,131.98,Central
US-2023-138618,12/1/2022,Maribeth Yedwab,Office Supplies,0.2,3.6288,2,10.368,Central
US-2023-143245,12/1/2022,Alan Dominguez,Furniture,0,251.202,3,897.15,East
US-2023-143245,12/1/2022,Alan Dominguez,Office Supplies,0,9.3312,3,19.44,East
US-2023-144862,12/1/2022,Erica Hernandez,Office Supplies,0.2,35.3295,5,104.68,East
US-2023-144862,12/1/2022,Erica Hernandez,Technology,0.4,9.4437,7,62.958,East
US-2023-145233,12/1/2022,Dianna Vittorini,Office Supplies,0.2,3.5046,3,31.152,West
US-2023-145233,12/1/2022,Dianna Vittorini,Office Supplies,0.7,-4.7481,7,6.783,West
US-2023-145233,12/1/2022,Dianna Vittorini,Technology,0.2,9.2386,2,105.584,West
US-2023-145233,12/1/2022,Dianna Vittorini,Technology,0.2,30.4776,4,406.368,West
US-2023-145233,12/1/2022,Dianna Vittorini,Technology,0.2,52.9173,3,470.376,West
US-2023-145660,12/1/2022,Matthew Grinstein,Furniture,0.2,1.7352,2,7.712,East
US-2023-163139,12/1/2022,Craig Carreira,Office Supplies,0.2,6.132,5,17.52,East
US-2023-163139,12/1/2022,Craig Carreira,Office Supplies,0,6.6465,3,221.55,East
US-2023-163139,12/1/2022,Craig Carreira,Technology,0,6.9258,3,20.37,East
US-2023-166926,12/1/2022,Sean O'Donnell,Furniture,0,41.1684,2,141.96,West
US-2023-166926,12/1/2022,Sean O'Donnell,Office Supplies,0,18.837,7,41.86,West
US-2023-102379,12/2/2022,Brenda Bowman,Furniture,0.2,43.4646,9,1159.056,West
US-2023-102379,12/2/2022,Brenda Bowman,Office Supplies,0,44.975,5,179.9,West
US-2023-102379,12/2/2022,Brenda Bowman,Technology,0.2,-7.9984,1,39.992,West
US-2023-104108,12/2/2022,Roy Phan,Office Supplies,0.2,2.128,5,12.16,Central
US-2023-108063,12/2/2022,Adam Shillingsburg,Office Supplies,0,10.395,3,34.65,South
US-2023-109701,12/2/2022,Alice McCarthy,Office Supplies,0,22.2516,3,79.47,West
US-2023-109701,12/2/2022,Alice McCarthy,Office Supplies,0,5.04,6,10.08,West
US-2023-109701,12/2/2022,Alice McCarthy,Office Supplies,0.2,22.5732,2,69.456,West
US-2023-109701,12/2/2022,Alice McCarthy,Office Supplies,0.2,3.1584,6,9.024,West
US-2023-109701,12/2/2022,Alice McCarthy,Office Supplies,0,5.3214,2,10.86,West
US-2023-112347,12/2/2022,Bill Stewart,Furniture,0.7,-363.528,8,242.352,West
US-2023-112347,12/2/2022,Bill Stewart,Furniture,0.2,68.001,5,906.68,West
US-2023-112347,12/2/2022,Bill Stewart,Furniture,0.2,0,6,508.704,West
US-2023-112347,12/2/2022,Bill Stewart,Office Supplies,0.7,-24.416,8,36.624,West
US-2023-112347,12/2/2022,Bill Stewart,Office Supplies,0.2,12.8574,1,114.288,West
US-2023-112347,12/2/2022,Bill Stewart,Technology,0.2,4.9616,2,49.616,West
US-2023-112347,12/2/2022,Bill Stewart,Technology,0.2,-14.34,6,57.36,West
US-2023-116715,12/2/2022,Victoria Wilson,Office Supplies,0,3.852,2,8.56,West
US-2023-116715,12/2/2022,Victoria Wilson,Office Supplies,0,53.8608,2,109.92,West
US-2023-116715,12/2/2022,Victoria Wilson,Office Supplies,0,151.0974,9,559.62,West
US-2023-143756,12/2/2022,Max Engle,Furniture,0,168.4704,2,701.96,South
US-2023-147221,12/2/2022,Joy Smith,Furniture,0.6,-3.7196,4,8.752,Central
US-2023-147221,12/2/2022,Joy Smith,Office Supplies,0.8,-766.012,5,294.62,Central
US-2023-147767,12/2/2022,Susan Vittorini,Office Supplies,0.7,-45.24,6,67.86,West
US-2023-155075,12/2/2022,Giulietta Weimer,Office Supplies,0.7,-462.8624,4,631.176,East
US-2023-155089,12/2/2022,Daniel Byrd,Office Supplies,0.7,-33.484,5,45.66,South
US-2023-157469,12/2/2022,Erin Smith,Office Supplies,0.2,1.7262,9,19.728,East
US-2023-157469,12/2/2022,Erin Smith,Technology,0.4,-25.198,2,151.188,East
US-2023-160885,12/2/2022,Juliana Krohn,Technology,0,743.988,4,2479.96,Central
US-2023-164917,12/2/2022,Michael Kennedy,Office Supplies,0.2,4.1965,5,47.96,South
US-2023-165715,12/2/2022,Barry Gonzalez,Office Supplies,0.2,2.4582,1,32.776,South
US-2023-167395,12/2/2022,Kunst Miller,Office Supplies,0,80.3208,7,286.86,East
US-2023-167395,12/2/2022,Kunst Miller,Office Supplies,0,0.1744,2,4.36,East
US-2023-167395,12/2/2022,Kunst Miller,Technology,0,284.1855,5,979.95,East
US-2023-103415,12/3/2022,Mark Van Huff,Furniture,0.6,-14.2716,2,13.592,Central
US-2023-118017,12/3/2022,Lena Cacioppo,Furniture,0.2,4.6552,1,16.192,West
US-2023-118017,12/3/2022,Lena Cacioppo,Furniture,0.2,3.344,5,16.72,West
US-2023-118017,12/3/2022,Lena Cacioppo,Furniture,0.2,7.0128,3,23.376,West
US-2023-118017,12/3/2022,Lena Cacioppo,Office Supplies,0.2,1.0008,6,13.344,West
US-2023-118017,12/3/2022,Lena Cacioppo,Office Supplies,0.2,3.741,2,10.32,West
US-2023-118017,12/3/2022,Lena Cacioppo,Office Supplies,0.2,5.915,7,47.32,West
US-2023-118017,12/3/2022,Lena Cacioppo,Technology,0.2,10.5534,6,76.752,West
US-2023-118017,12/3/2022,Lena Cacioppo,Technology,0.2,14.0712,8,102.336,West
US-2023-123071,12/3/2022,Clay Cheatham,Office Supplies,0.2,3.6288,2,10.368,Central
US-2023-128699,12/3/2022,Natalie DeCherney,Technology,0.2,7.1988,1,47.992,South
US-2023-136875,12/3/2022,Toby Carlisle,Office Supplies,0,79.8912,3,166.44,West
US-2023-143126,12/3/2022,Corinna Mitchell,Furniture,0,88.7332,2,521.96,West
US-2023-148691,12/3/2022,Chuck Sachs,Office Supplies,0.2,29.372,5,83.92,East
US-2023-148691,12/3/2022,Chuck Sachs,Office Supplies,0.2,5.1184,2,14.624,East
US-2023-148691,12/3/2022,Chuck Sachs,Office Supplies,0,1.512,1,3.15,East
US-2023-148691,12/3/2022,Chuck Sachs,Technology,0,36.9873,1,136.99,East
US-2023-149510,12/3/2022,Matt Collins,Office Supplies,0.2,4.5216,3,45.216,South
US-2023-149510,12/3/2022,Matt Collins,Office Supplies,0.7,-21.1068,6,28.782,South
US-2023-149510,12/3/2022,Matt Collins,Office Supplies,0.2,8.8624,4,24.448,South
US-2023-107384,12/4/2022,Theone Pippenger,Office Supplies,0,2.552,5,8.8,Central
US-2023-107384,12/4/2022,Theone Pippenger,Technology,0,143.982,5,399.95,Central
US-2023-107384,12/4/2022,Theone Pippenger,Technology,0,29.988,1,142.8,Central
US-2023-109183,12/4/2022,Lena Radford,Technology,0.5,-272.58,2,649,South
US-2023-117667,12/4/2022,Michael Stewart,Furniture,0.3,-10.284,10,239.96,East
US-2023-117667,12/4/2022,Michael Stewart,Furniture,0.2,6.846,2,54.768,East
US-2023-117667,12/4/2022,Michael Stewart,Office Supplies,0.2,3.1806,3,13.392,East
US-2023-117667,12/4/2022,Michael Stewart,Office Supplies,0.2,8.671,5,23.92,East
US-2023-117667,12/4/2022,Michael Stewart,Technology,0.2,-28.7964,4,255.968,East
US-2023-118003,12/4/2022,Doug O'Connell,Furniture,0,45.555,3,182.22,East
US-2023-118003,12/4/2022,Doug O'Connell,Furniture,0,18.1764,3,302.94,East
US-2023-118003,12/4/2022,Doug O'Connell,Furniture,0,1.5588,1,12.99,East
US-2023-139773,12/4/2022,Darrin Van Huff,Furniture,0.3,-2.6936,7,188.552,East
US-2023-147550,12/4/2022,Katrina Edelman,Furniture,0.2,2.6961,3,11.352,East
US-2023-152660,12/4/2022,Christy Brittain,Office Supplies,0.2,4.6176,2,61.568,Central
US-2023-153227,12/4/2022,Chris Selesnick,Office Supplies,0,5.7624,2,11.76,West
US-2023-156412,12/4/2022,Charles McCrossin,Office Supplies,0.7,-4.455,3,5.346,East
US-2023-160031,12/4/2022,Larry Tron,Office Supplies,0.2,23.235,3,74.352,East
US-2023-104066,12/5/2022,Quincy Jones,Technology,0,67.6599,7,205.03,East
US-2023-105235,12/5/2022,Suzanne McNair,Furniture,0,18.1908,2,58.68,East
US-2023-105235,12/5/2022,Suzanne McNair,Furniture,0,6.0726,3,20.94,East
US-2023-105235,12/5/2022,Suzanne McNair,Office Supplies,0,68.823,5,254.9,East
US-2023-117128,12/5/2022,Bart Folk,Office Supplies,0,5.2029,3,11.07,East
US-2023-117128,12/5/2022,Bart Folk,Office Supplies,0,9.936,6,21.6,East
US-2023-126053,12/5/2022,Carlos Soltero,Furniture,0,10.9096,2,41.96,East
US-2023-126053,12/5/2022,Carlos Soltero,Office Supplies,0,4.536,3,9.45,East
US-2023-126865,12/5/2022,Naresj Patel,Office Supplies,0,41.823,3,92.94,West
US-2023-130351,12/5/2022,Rob Beeghly,Office Supplies,0,16.5888,3,61.44,Central
US-2023-130351,12/5/2022,Rob Beeghly,Office Supplies,0,17.505,5,38.9,Central
US-2023-130351,12/5/2022,Rob Beeghly,Technology,0,40.7499,3,99.39,Central
US-2023-131212,12/5/2022,Alan Barnes,Office Supplies,0.2,5.4288,6,14.976,West
US-2023-131212,12/5/2022,Alan Barnes,Office Supplies,0.2,8.3754,3,24.816,West
US-2023-156958,12/5/2022,Patrick Bzostek,Furniture,0,39.98,5,199.9,West
US-2023-156958,12/5/2022,Patrick Bzostek,Office Supplies,0.2,29.372,5,83.92,West
US-2023-156958,12/5/2022,Patrick Bzostek,Office Supplies,0.2,60.4632,6,172.752,West
US-2023-156958,12/5/2022,Patrick Bzostek,Office Supplies,0.2,3.0212,2,9.296,West
US-2023-156958,12/5/2022,Patrick Bzostek,Technology,0.2,-7.0146,3,31.176,West
US-2023-149006,12/6/2022,Brad Norvell,Office Supplies,0,2.8836,1,10.68,West
US-2023-122714,12/7/2022,Henry Goldwyn,Office Supplies,0.8,-2929.4845,5,1889.99,Central
US-2023-134285,12/7/2022,David Smith,Office Supplies,0.2,1.2432,3,3.552,Central
US-2023-134285,12/7/2022,David Smith,Office Supplies,0.2,5.4432,3,15.552,Central
US-2023-135587,12/7/2022,Brosina Hoffman,Office Supplies,0,89.7792,4,320.64,South
US-2023-135587,12/7/2022,Brosina Hoffman,Technology,0,23.4,4,52,South
US-2023-136189,12/7/2022,Debra Catini,Furniture,0,25.5378,6,82.38,South
US-2023-137099,12/7/2022,Frank Preis,Technology,0.2,46.797,3,374.376,West
US-2023-142328,12/7/2022,Tracy Collins,Office Supplies,0,25.02,6,50.04,West
US-2023-157980,12/7/2022,Shahid Hopkins,Technology,0.2,25.5968,2,127.984,East
US-2023-108854,12/8/2022,Denise Monton,Office Supplies,0.2,33.93,3,90.48,West
US-2023-108854,12/8/2022,Denise Monton,Office Supplies,0.2,8.409,1,22.424,West
US-2023-108854,12/8/2022,Denise Monton,Office Supplies,0,40.4432,4,87.92,West
US-2023-108854,12/8/2022,Denise Monton,Office Supplies,0,11.1176,1,42.76,West
US-2023-117324,12/8/2022,Jeremy Pistek,Furniture,0,41.3928,4,459.92,Central
US-2023-117324,12/8/2022,Jeremy Pistek,Office Supplies,0,305.13,3,1089.75,Central
US-2023-117324,12/8/2022,Jeremy Pistek,Office Supplies,0,28.0876,2,61.06,Central
US-2023-117324,12/8/2022,Jeremy Pistek,Office Supplies,0,12.6592,4,27.52,Central
US-2023-117324,12/8/2022,Jeremy Pistek,Technology,0,32.0598,3,178.11,Central
US-2023-117457,12/8/2022,Keith Herrera,Furniture,0.15,31.4548,13,1336.829,West
US-2023-117457,12/8/2022,Keith Herrera,Furniture,0.2,-18.4548,2,113.568,West
US-2023-117457,12/8/2022,Keith Herrera,Furniture,0.2,-112.9527,7,1004.024,West
US-2023-117457,12/8/2022,Keith Herrera,Office Supplies,0,13.608,9,28.35,West
US-2023-117457,12/8/2022,Keith Herrera,Office Supplies,0,27.4302,1,55.98,West
US-2023-117457,12/8/2022,Keith Herrera,Office Supplies,0,4.6464,1,9.68,West
US-2023-117457,12/8/2022,Keith Herrera,Office Supplies,0,13.3035,5,27.15,West
US-2023-117457,12/8/2022,Keith Herrera,Technology,0,37.7895,5,179.95,West
US-2023-117457,12/8/2022,Keith Herrera,Technology,0.2,434.9913,3,1199.976,West
US-2023-117926,12/8/2022,Alan Schoenberger,Office Supplies,0,20.844,1,69.48,West
US-2023-131961,12/8/2022,Max Jones,Office Supplies,0.2,3.6432,4,13.248,East
US-2023-131961,12/8/2022,Max Jones,Technology,0.4,-20.997,2,83.988,East
US-2023-145226,12/8/2022,Delfina Latchford,Furniture,0,33.9388,2,109.48,East
US-2023-145226,12/8/2022,Delfina Latchford,Office Supplies,0,9.3312,3,19.44,East
US-2023-145226,12/8/2022,Delfina Latchford,Office Supplies,0,8.2992,4,31.92,East
US-2023-145226,12/8/2022,Delfina Latchford,Office Supplies,0,0,3,272.94,East
US-2023-148264,12/8/2022,Luke Foster,Furniture,0,15.468,2,128.9,West
US-2023-148264,12/8/2022,Luke Foster,Office Supplies,0,28.8576,9,60.12,West
US-2023-148264,12/8/2022,Luke Foster,Office Supplies,0,8.6391,3,29.79,West
US-2023-152436,12/8/2022,Carl Weiss,Office Supplies,0,160.0398,6,592.74,East
US-2023-167570,12/8/2022,Emily Grady,Furniture,0.3,-58.5048,4,215.544,East
US-2023-102407,12/9/2022,Alyssa Tate,Furniture,0.2,22.4082,9,896.328,West
US-2023-102407,12/9/2022,Alyssa Tate,Office Supplies,0,68.04,1,189,West
US-2023-102407,12/9/2022,Alyssa Tate,Office Supplies,0,2.79,2,11.16,West
US-2023-102659,12/9/2022,Luke Weiss,Office Supplies,0,26.901,5,54.9,Central
US-2023-103814,12/9/2022,Lena Hernandez,Office Supplies,0.2,48.5514,9,143.856,Central
US-2023-108329,12/9/2022,Laurel Elliston,Technology,0.2,44.4768,4,444.768,West
US-2023-109715,12/9/2022,Angele Hood,Office Supplies,0.2,4.995,2,15.984,Central
US-2023-109960,12/9/2022,Dean Braden,Office Supplies,0,12.492,5,34.7,Central
US-2023-109960,12/9/2022,Dean Braden,Office Supplies,0,15.5112,4,33.72,Central
US-2023-109960,12/9/2022,Dean Braden,Office Supplies,0,7.0218,3,14.94,Central
US-2023-109960,12/9/2022,Dean Braden,Technology,0,41.952,6,104.88,Central
US-2023-118038,12/9/2022,Ken Brennan,Furniture,0.6,-5.8248,3,9.708,Central
US-2023-118038,12/9/2022,Ken Brennan,Office Supplies,0.8,-1.9344,3,1.248,Central
US-2023-118038,12/9/2022,Ken Brennan,Office Supplies,0.2,2.724,3,27.24,Central
US-2023-129833,12/9/2022,Herbert Flentye,Office Supplies,0,5.096,5,10.4,Central
US-2023-129833,12/9/2022,Herbert Flentye,Office Supplies,0,15.387,5,33.45,Central
US-2023-132927,12/9/2022,Roger Demir,Office Supplies,0.7,-8.1312,7,11.088,East
US-2023-139199,12/9/2022,Damala Kotsonis,Furniture,0,226.9644,3,872.94,Central
US-2023-139199,12/9/2022,Damala Kotsonis,Office Supplies,0,19.5238,2,41.54,Central
US-2023-139199,12/9/2022,Damala Kotsonis,Office Supplies,0,6.2208,2,12.96,Central
US-2023-139402,12/9/2022,Nick Crebassa,Office Supplies,0.7,-9.9705,3,13.005,West
US-2023-139402,12/9/2022,Nick Crebassa,Office Supplies,0.2,146.79,5,419.4,West
US-2023-141201,12/9/2022,Daniel Byrd,Furniture,0.15,15.6978,3,148.257,West
US-2023-145366,12/9/2022,Christine Abelman,Office Supplies,0.2,21.591,3,57.576,East
US-2023-145366,12/9/2022,Christine Abelman,Office Supplies,0.2,-7.4416,1,37.208,East
US-2023-148012,12/9/2022,Kalyca Meade,Office Supplies,0.2,0.4264,1,2.624,East
US-2023-167920,12/9/2022,John Lee,Office Supplies,0,62.321,5,214.9,South
US-2023-167920,12/9/2022,John Lee,Office Supplies,0,7.4824,4,15.92,South
US-2023-167920,12/9/2022,John Lee,Office Supplies,0,13.5056,2,29.36,South
US-2023-167920,12/9/2022,John Lee,Office Supplies,0,2.6496,2,5.76,South
US-2023-167920,12/9/2022,John Lee,Office Supplies,0,0.6056,1,15.14,South
US-2023-167920,12/9/2022,John Lee,Technology,0,48.3285,5,146.45,South
US-2023-167920,12/9/2022,John Lee,Technology,0,629.991,2,1399.98,South
US-2023-107748,12/10/2022,Alex Grayson,Office Supplies,0,6.2208,2,12.96,West
US-2023-107748,12/10/2022,Alex Grayson,Technology,0.2,34.742,4,95.84,West
US-2023-108294,12/10/2022,Lindsay Shagiari,Office Supplies,0,15.525,3,34.5,Central
US-2023-110149,12/10/2022,William Brown,Furniture,0.2,15.386,5,87.92,East
US-2023-110149,12/10/2022,William Brown,Office Supplies,0.7,-2.5093,1,3.273,East
US-2023-135503,12/10/2022,Justin Ellison,Furniture,0,4.2804,2,14.76,South
US-2023-140907,12/10/2022,Ben Peterman,Office Supplies,0,5.2896,3,18.24,West
US-2023-140907,12/10/2022,Ben Peterman,Office Supplies,0,38.988,5,324.9,West
US-2023-140907,12/10/2022,Ben Peterman,Technology,0,4.908,3,49.08,West
US-2023-143798,12/10/2022,Anthony Witt,Furniture,0.2,23.316,2,310.88,East
US-2023-143798,12/10/2022,Anthony Witt,Office Supplies,0.2,3.6288,2,10.368,East
US-2023-148446,12/10/2022,Michael Chen,Furniture,0,116.872,4,1669.6,West
US-2023-148922,12/10/2022,Stephanie Ulpright,Office Supplies,0,22.0032,8,45.84,South
US-2023-148922,12/10/2022,Stephanie Ulpright,Technology,0,257.9871,3,599.97,South
US-2023-148922,12/10/2022,Stephanie Ulpright,Technology,0,0.7794,3,38.97,South
US-2023-152695,12/10/2022,Chris Cortes,Office Supplies,0,123.7691,7,426.79,East
US-2023-152695,12/10/2022,Chris Cortes,Office Supplies,0,5.1042,3,10.86,East
US-2023-157651,12/10/2022,Helen Andreada,Technology,0.2,3.3725,1,14.2,East
US-2023-158967,12/10/2022,Brian Thompson,Furniture,0.2,5.7312,3,19.104,South
US-2023-167150,12/10/2022,Ben Peterman,Office Supplies,0.2,7.2268,4,19.936,West
US-2023-167150,12/10/2022,Ben Peterman,Office Supplies,0.2,22.9488,2,65.568,West
US-2023-100230,12/11/2022,Allen Armold,Office Supplies,0.2,5.0463,1,14.952,East
US-2023-100230,12/11/2022,Allen Armold,Office Supplies,0,8.073,3,17.94,East
US-2023-100230,12/11/2022,Allen Armold,Technology,0,29.245,2,116.98,East
US-2023-101798,12/11/2022,Mike Vittorini,Office Supplies,0.2,7.884,4,23.36,East
US-2023-101798,12/11/2022,Mike Vittorini,Technology,0,13.5932,2,39.98,East
US-2023-125213,12/11/2022,Nona Balk,Office Supplies,0,2.1582,3,6.54,East
US-2023-129581,12/11/2022,Katherine Nockton,Technology,0,3.8655,3,128.85,East
US-2023-142776,12/11/2022,Roy Skaria,Office Supplies,0,2.592,3,5.4,Central
US-2023-142776,12/11/2022,Roy Skaria,Office Supplies,0,3.4944,1,7.28,Central
US-2023-149706,12/11/2022,Alejandro Savely,Technology,0.2,23.2624,7,116.312,Central
US-2023-153871,12/11/2022,Richard Bierner,Office Supplies,0,6.5975,7,22.75,East
US-2023-153871,12/11/2022,Richard Bierner,Office Supplies,0,18.09,5,40.2,East
US-2023-153871,12/11/2022,Richard Bierner,Office Supplies,0,331.191,2,735.98,East
US-2023-160759,12/11/2022,Arianne Irving,Furniture,0.3,-9.098,1,63.686,East
US-2023-162565,12/11/2022,Ralph Ritter,Furniture,0.3,-14.8704,2,520.464,Central
US-2023-162565,12/11/2022,Ralph Ritter,Furniture,0.6,-66.062,1,77.72,Central
US-2023-162565,12/11/2022,Ralph Ritter,Office Supplies,0.2,3.6288,2,10.368,Central
US-2023-165099,12/11/2022,Dennis Kane,Office Supplies,0.8,-3.7584,2,1.392,Central
US-2023-168389,12/11/2022,Darrin Van Huff,Furniture,0.2,-12.147,1,64.784,South
US-2023-168389,12/11/2022,Darrin Van Huff,Furniture,0.45,-420,6,721.875,South
US-2023-168389,12/11/2022,Darrin Van Huff,Office Supplies,0.2,1.3584,1,13.584,South
US-2023-168389,12/11/2022,Darrin Van Huff,Technology,0.2,-16.5528,4,73.568,South
US-2023-107986,12/13/2022,Mitch Webber,Office Supplies,0,8.4888,3,31.44,West
US-2023-122770,12/13/2022,Emily Phan,Furniture,0,54.2808,8,201.04,West
US-2023-122770,12/13/2022,Emily Phan,Office Supplies,0,4.2336,3,8.64,West
US-2023-122770,12/13/2022,Emily Phan,Office Supplies,0,6.3504,2,12.96,West
US-2023-122770,12/13/2022,Emily Phan,Office Supplies,0,18.6624,6,38.88,West
US-2023-135377,12/13/2022,Bart Pistole,Furniture,0.2,7.1994,3,287.976,East
US-2023-107629,12/14/2022,Dave Brooks,Furniture,0.6,-292.9872,6,266.352,Central
US-2023-107629,12/14/2022,Dave Brooks,Furniture,0.6,-26.7558,3,56.328,Central
US-2023-107629,12/14/2022,Dave Brooks,Office Supplies,0.2,24.9984,6,95.232,Central
US-2023-107629,12/14/2022,Dave Brooks,Technology,0.2,-4.908,3,39.264,Central
US-2023-113992,12/14/2022,Lena Creighton,Furniture,0.3,-97.4988,4,974.988,Central
US-2023-122595,12/14/2022,Gary Mitchum,Furniture,0.6,-1.3208,1,2.032,Central
US-2023-122595,12/14/2022,Gary Mitchum,Technology,0.2,28.497,3,227.976,Central
US-2023-122595,12/14/2022,Gary Mitchum,Technology,0.2,19.755,3,52.68,Central
US-2023-147333,12/14/2022,Kelly Lampkin,Technology,0,8.5025,5,44.75,South
US-2023-147333,12/14/2022,Kelly Lampkin,Technology,0,70.312,4,159.8,South
US-2023-151799,12/14/2022,Ben Ferrer,Furniture,0.3,-52.6582,2,526.582,East
US-2023-151799,12/14/2022,Ben Ferrer,Office Supplies,0,8.1216,6,17.28,East
US-2023-151799,12/14/2022,Ben Ferrer,Office Supplies,0,2.2155,1,73.85,East
US-2023-151799,12/14/2022,Ben Ferrer,Office Supplies,0,6.6846,3,25.71,East
US-2023-151799,12/14/2022,Ben Ferrer,Technology,0,467.9922,2,1199.98,East
US-2023-169859,12/14/2022,Mike Pelletier,Furniture,0,11.025,3,26.25,West
US-2023-169859,12/14/2022,Mike Pelletier,Office Supplies,0.2,22.736,14,64.96,West
US-2023-169859,12/14/2022,Mike Pelletier,Office Supplies,0,20.539,5,43.7,West
US-2023-119564,12/15/2022,Paul Lucas,Furniture,0,9.7911,3,22.77,West
US-2023-136063,12/15/2022,Saphhira Shifley,Office Supplies,0.2,1.0192,7,10.192,Central
US-2023-154116,12/15/2022,Khloe Miller,Office Supplies,0,16.296,4,54.32,West
US-2023-154116,12/15/2022,Khloe Miller,Office Supplies,0,10.7301,3,22.83,West
US-2023-154116,12/15/2022,Khloe Miller,Technology,0.2,14.7582,3,196.776,West
US-2023-104381,12/16/2022,Ross DeVincentis,Office Supplies,0.2,10.43,4,33.376,East
US-2023-111808,12/16/2022,Andrew Roberts,Office Supplies,0,5.184,5,10.8,Central
US-2023-137428,12/16/2022,Andy Yotov,Furniture,0.2,9.1764,2,81.568,West
US-2023-137428,12/16/2022,Andy Yotov,Furniture,0.2,6.074,2,97.184,West
US-2023-137428,12/16/2022,Andy Yotov,Furniture,0,7.584,2,18.96,West
US-2023-137428,12/16/2022,Andy Yotov,Office Supplies,0.2,8.208,5,24.32,West
US-2023-137463,12/16/2022,Kalyca Meade,Office Supplies,0,8.6855,5,29.95,West
US-2023-137463,12/16/2022,Kalyca Meade,Office Supplies,0.2,2.244,2,5.984,West
US-2023-137463,12/16/2022,Kalyca Meade,Office Supplies,0,22.2,3,44.4,West
US-2023-137463,12/16/2022,Kalyca Meade,Technology,0,31.4895,5,149.95,West
US-2023-137463,12/16/2022,Kalyca Meade,Technology,0,45.588,5,189.95,West
US-2023-161578,12/16/2022,Rick Bensley,Office Supplies,0,6.4128,2,13.36,West
US-2023-161578,12/16/2022,Rick Bensley,Office Supplies,0,7.945,5,158.9,West
US-2023-103443,12/17/2022,Annie Thurman,Furniture,0,27.3592,2,124.36,East
US-2023-103443,12/17/2022,Annie Thurman,Office Supplies,0.2,8.3754,3,24.816,East
US-2023-103443,12/17/2022,Annie Thurman,Office Supplies,0,41.68,2,166.72,East
US-2023-106964,12/17/2022,Hallie Redmond,Office Supplies,0.2,4.2804,2,11.808,West
US-2023-107342,12/17/2022,Vicky Freymann,Office Supplies,0,13.2352,4,28.16,Central
US-2023-116701,12/17/2022,Logan Currie,Office Supplies,0.8,-178.9668,2,66.284,Central
US-2023-116855,12/17/2022,Arianne Irving,Furniture,0,80.784,5,504.9,South
US-2023-120936,12/17/2022,Christine Abelman,Office Supplies,0,125.1432,4,481.32,West
US-2023-120936,12/17/2022,Christine Abelman,Office Supplies,0,3.6348,1,13.98,West
US-2023-130309,12/17/2022,Giulietta Baptist,Office Supplies,0,157.8702,3,544.38,South
US-2023-133431,12/17/2022,Logan Currie,Office Supplies,0.2,5.1435,5,15.24,West
US-2023-133431,12/17/2022,Logan Currie,Office Supplies,0,6.0858,3,13.23,West
US-2023-155362,12/17/2022,Dave Poirier,Office Supplies,0,8.4656,2,32.56,Central
US-2023-102099,12/18/2022,Emily Phan,Office Supplies,0,1.7901,3,6.63,West
US-2023-102099,12/18/2022,Emily Phan,Office Supplies,0,15.552,5,32.4,West
US-2023-102099,12/18/2022,Emily Phan,Office Supplies,0,6.2208,2,12.96,West
US-2023-105886,12/18/2022,Duane Benoit,Furniture,0,8.532,2,18.96,East
US-2023-108287,12/18/2022,Alex Grayson,Office Supplies,0.2,1.4256,9,12.672,South
US-2023-115602,12/18/2022,Doug Jacobs,Furniture,0.1,139.5702,9,1141.938,East
US-2023-115602,12/18/2022,Doug Jacobs,Office Supplies,0,511.368,13,1704.56,East
US-2023-115602,12/18/2022,Doug Jacobs,Office Supplies,0,1.376,2,3.2,East
US-2023-115602,12/18/2022,Doug Jacobs,Office Supplies,0,17.469,6,38.82,East
US-2023-140585,12/18/2022,Russell Applegate,Furniture,0.15,-12.6882,1,119.833,West
US-2023-140585,12/18/2022,Russell Applegate,Office Supplies,0.2,16.3352,2,46.672,West
US-2023-140585,12/18/2022,Russell Applegate,Technology,0,57.5904,2,119.98,West
US-2023-143252,12/18/2022,Harold Engle,Furniture,0,22.9885,5,99.95,Central
US-2023-143252,12/18/2022,Harold Engle,Technology,0,10.8558,3,29.34,Central
US-2023-156664,12/18/2022,Beth Paige,Office Supplies,0.2,13.0112,2,130.112,East
US-2023-156664,12/18/2022,Beth Paige,Office Supplies,0.7,-6.03,3,7.236,East
US-2023-156664,12/18/2022,Beth Paige,Office Supplies,0.2,1.7487,3,4.824,East
US-2023-156664,12/18/2022,Beth Paige,Office Supplies,0.2,29.692,5,91.36,East
US-2023-158736,12/18/2022,Tonja Turnell,Office Supplies,0,1.6704,2,5.76,West
US-2023-164000,12/18/2022,Aaron Hawkins,Office Supplies,0.2,2.338,7,18.704,East
US-2023-116946,12/19/2022,Tony Sayre,Furniture,0.7,-183.6324,7,102.018,West
US-2023-116946,12/19/2022,Tony Sayre,Furniture,0.2,4.008,5,13.36,West
US-2023-116946,12/19/2022,Tony Sayre,Office Supplies,0.2,-17.6076,2,78.256,West
US-2023-128160,12/19/2022,Michael Moore,Office Supplies,0.2,11.46,2,36.672,West
US-2023-158729,12/19/2022,Amy Cox,Office Supplies,0,33.3124,2,1665.62,South
US-2023-102197,12/20/2022,David Kendrick,Office Supplies,0.2,17.6232,3,50.352,East
US-2023-102197,12/20/2022,David Kendrick,Office Supplies,0,137.151,5,279.9,East
US-2023-102197,12/20/2022,David Kendrick,Office Supplies,0,16.6698,3,34.02,East
US-2023-105480,12/20/2022,Dean Katz,Office Supplies,0.2,2.3571,1,6.984,East
US-2023-105480,12/20/2022,Dean Katz,Office Supplies,0,3.1104,1,6.48,East
US-2023-106782,12/21/2022,Liz Preis,Office Supplies,0,18.767,1,375.34,Central
US-2023-107461,12/21/2022,Pete Kriz,Office Supplies,0,11.2236,6,23.88,South
US-2023-109589,12/21/2022,Brian Derr,Technology,0,27.69,4,71,South
US-2023-137456,12/21/2022,Rick Bensley,Furniture,0,7.0048,2,15.92,Central
US-2023-138380,12/21/2022,Yana Sorensen,Office Supplies,0,290.0058,7,1000.02,West
US-2023-144827,12/21/2022,Sanjit Engle,Office Supplies,0,33.5772,2,124.36,West
US-2023-163405,12/21/2022,Bradley Nguyen,Office Supplies,0,1.7052,2,5.88,West
US-2023-163405,12/21/2022,Bradley Nguyen,Office Supplies,0,1.7901,3,6.63,West
US-2023-165841,12/21/2022,Dean Braden,Office Supplies,0,79.8912,3,166.44,East
US-2023-165841,12/21/2022,Dean Braden,Office Supplies,0,20.155,5,69.5,East
US-2023-165841,12/21/2022,Dean Braden,Technology,0,78.9516,3,281.97,East
US-2023-100412,12/22/2022,Sharelle Roach,Furniture,0,35.49,2,141.96,South
US-2023-104927,12/22/2022,Alex Grayson,Office Supplies,0.8,-9.8115,5,6.33,Central
US-2023-104927,12/22/2022,Alex Grayson,Office Supplies,0.2,9.072,5,25.92,Central
US-2023-104927,12/22/2022,Alex Grayson,Office Supplies,0.2,26.558,5,75.88,Central
US-2023-115931,12/22/2022,Jim Mitchum,Office Supplies,0,1.0842,3,4.17,West
US-2023-115931,12/22/2022,Jim Mitchum,Office Supplies,0,8.6715,5,18.45,West
US-2023-115931,12/22/2022,Jim Mitchum,Office Supplies,0,10.4496,3,37.32,West
US-2023-115931,12/22/2022,Jim Mitchum,Technology,0.2,6.704,4,67.04,West
US-2023-119193,12/22/2022,Sally Knutson,Office Supplies,0.7,-1.3128,1,1.641,East
US-2023-119193,12/22/2022,Sally Knutson,Technology,0.4,94.4937,7,629.958,East
US-2023-119578,12/22/2022,Jason Gross,Furniture,0,50.8254,1,220.98,East
US-2023-119578,12/22/2022,Jason Gross,Office Supplies,0,34.758,6,695.16,East
US-2023-120376,12/22/2022,Theone Pippenger,Furniture,0,412.5394,7,1586.69,Central
US-2023-120376,12/22/2022,Theone Pippenger,Furniture,0,70.006,2,411.8,Central
US-2023-120376,12/22/2022,Theone Pippenger,Technology,0,30.5964,1,84.99,Central
US-2023-120376,12/22/2022,Theone Pippenger,Technology,0,63.984,5,199.95,Central
US-2023-142909,12/22/2022,Alex Grayson,Furniture,0.5,-135.087,2,182.55,West
US-2023-145310,12/22/2022,Jeremy Pistek,Office Supplies,0.2,2.934,1,7.824,South
US-2023-146164,12/22/2022,Charlotte Melton,Furniture,0,97.2032,2,607.52,Central
US-2023-146164,12/22/2022,Charlotte Melton,Office Supplies,0,7.79,2,31.16,Central
US-2023-149699,12/22/2022,Chad McGuire,Technology,0,142.485,5,474.95,West
US-2023-150910,12/22/2022,Jack Lebron,Furniture,0.4,-249.3216,6,934.956,South
US-2023-150910,12/22/2022,Jack Lebron,Office Supplies,0.2,16.291,5,59.24,South
US-2023-150910,12/22/2022,Jack Lebron,Office Supplies,0.2,2.891,7,23.128,South
US-2023-150910,12/22/2022,Jack Lebron,Office Supplies,0.2,1.962,3,26.16,South
US-2023-150910,12/22/2022,Jack Lebron,Technology,0.2,7.6154,2,46.864,South
US-2023-155376,12/22/2022,Sandra Glassco,Office Supplies,0,218.2518,3,839.43,Central
US-2023-110625,12/23/2022,Julia Barnett,Furniture,0,9.8856,2,27.46,East
US-2023-117443,12/23/2022,Jennifer Braxton,Office Supplies,0.8,-22.144,4,13.84,Central
US-2023-117443,12/23/2022,Jennifer Braxton,Office Supplies,0.2,63.7536,4,175.872,Central
US-2023-121216,12/23/2022,Michael Moore,Office Supplies,0.8,-74.7456,8,29.312,Central
US-2023-121216,12/23/2022,Michael Moore,Office Supplies,0.2,10.3936,8,28.672,Central
US-2023-123463,12/23/2022,Gary Zandusky,Office Supplies,0,5.9312,4,13.48,West
US-2023-127929,12/23/2022,Filia McAdams,Furniture,0,38.2095,3,181.95,East
US-2023-140627,12/23/2022,Darren Koutras,Furniture,0.2,19.0848,4,72.704,South
US-2023-140627,12/23/2022,Darren Koutras,Office Supplies,0.2,1.0731,7,12.264,South
US-2023-140627,12/23/2022,Darren Koutras,Office Supplies,0.2,-54.588,3,218.352,South
US-2023-162670,12/23/2022,Monica Federle,Office Supplies,0,85.9818,3,182.94,South
US-2023-162670,12/23/2022,Monica Federle,Office Supplies,0,20.6816,2,44.96,South
US-2023-162670,12/23/2022,Monica Federle,Office Supplies,0,17.3712,4,62.04,South
US-2023-162670,12/23/2022,Monica Federle,Office Supplies,0,14.7184,4,367.96,South
US-2023-162670,12/23/2022,Monica Federle,Technology,0,148.491,3,494.97,South
US-2023-117933,12/24/2022,Roy Französisch,Office Supplies,0,9.6957,3,35.91,East
US-2023-121195,12/24/2022,Neola Schneider,Office Supplies,0.2,19.824,2,264.32,Central
US-2023-124296,12/24/2022,Christine Sundaresam,Furniture,0,60.5488,4,232.88,South
US-2023-124296,12/24/2022,Christine Sundaresam,Technology,0,239.985,3,479.97,South
US-2023-128734,12/24/2022,James Lanier,Furniture,0.2,105.297,3,842.376,West
US-2023-128734,12/24/2022,James Lanier,Furniture,0.2,1.9224,4,8.544,West
US-2023-145219,12/24/2022,Robert Marley,Office Supplies,0.2,33.93,3,90.48,West
US-2023-145219,12/24/2022,Robert Marley,Technology,0.2,1007.9832,6,2879.952,West
US-2023-147956,12/24/2022,Alan Hwang,Office Supplies,0,0,6,1003.62,West
US-2023-148355,12/24/2022,Nick Crebassa,Office Supplies,0,6.15,5,12.3,East
US-2023-148355,12/24/2022,Nick Crebassa,Office Supplies,0,9.3312,3,19.44,East
US-2023-154935,12/24/2022,Andy Reiter,Office Supplies,0.2,5.5875,3,17.88,East
US-2023-163671,12/24/2022,Dave Poirier,Office Supplies,0.2,7.992,3,21.312,West
US-2023-169411,12/24/2022,Ann Chong,Furniture,0,6.8274,1,37.93,East
US-2023-169978,12/24/2022,Hunter Glantz,Furniture,0.1,48.3136,2,271.764,East
US-2023-169978,12/24/2022,Hunter Glantz,Office Supplies,0.2,4.8519,3,14.376,East
US-2023-105620,12/25/2022,Jennifer Halladay,Furniture,0.2,5.775,3,21,South
US-2023-105620,12/25/2022,Jennifer Halladay,Technology,0.5,-7.2,2,120,South
US-2023-108756,12/25/2022,Patrick O'Donnell,Technology,0,13.674,3,31.8,East
US-2023-114055,12/25/2022,Mick Hernandez,Office Supplies,0,1.1946,2,3.62,South
US-2023-114055,12/25/2022,Mick Hernandez,Office Supplies,0,301.968,6,629.1,South
US-2023-114055,12/25/2022,Mick Hernandez,Office Supplies,0,46.1184,2,96.08,South
US-2023-114055,12/25/2022,Mick Hernandez,Technology,0,23.5248,2,90.48,South
US-2023-121398,12/25/2022,Fred Hopkins,Office Supplies,0.2,51.8238,3,153.552,West
US-2023-121398,12/25/2022,Fred Hopkins,Office Supplies,0,2.7062,2,270.62,West
US-2023-134194,12/25/2022,Guy Armstrong,Office Supplies,0.2,2.3808,2,31.744,Central
US-2023-134194,12/25/2022,Guy Armstrong,Office Supplies,0.8,-5.0688,3,3.168,Central
US-2023-134194,12/25/2022,Guy Armstrong,Office Supplies,0.8,-65.568,5,40.98,Central
US-2023-134194,12/25/2022,Guy Armstrong,Office Supplies,0.8,-59.373,9,39.582,Central
US-2023-134194,12/25/2022,Guy Armstrong,Office Supplies,0.2,5.0274,7,44.688,Central
US-2023-146780,12/25/2022,Cynthia Voltz,Furniture,0,10.9096,2,41.96,East
US-2023-147669,12/25/2022,Susan Vittorini,Furniture,0.4,-104.673,2,273.06,East
US-2023-147669,12/25/2022,Susan Vittorini,Office Supplies,0.7,-10.4184,1,13.023,East
US-2023-147669,12/25/2022,Susan Vittorini,Office Supplies,0.2,12.7764,13,39.312,East
US-2023-147669,12/25/2022,Susan Vittorini,Technology,0.2,41.7186,7,158.928,East
US-2023-161480,12/25/2022,Ralph Arnett,Furniture,0.2,4.7996,2,191.984,East
US-2023-162880,12/25/2022,Giulietta Dortch,Office Supplies,0.2,1.3978,1,3.856,West
US-2023-163510,12/25/2022,Joni Wasserman,Furniture,0,76.1125,5,304.45,South
US-2023-163510,12/25/2022,Joni Wasserman,Office Supplies,0,9.594,3,95.94,South
US-2023-106705,12/26/2022,Patrick O'Brill,Office Supplies,0,20.585,5,44.75,Central
US-2023-112487,12/26/2022,Tracy Collins,Office Supplies,0.7,-2.61,2,3.132,East
US-2023-121741,12/26/2022,Yoseph Carroll,Office Supplies,0,37.534,2,750.68,Central
US-2023-136238,12/26/2022,Karen Bern,Office Supplies,0.2,5.6112,3,16.032,Central
US-2023-134404,12/27/2022,Dan Reichenbach,Office Supplies,0.2,3.6432,4,13.248,East
US-2023-134404,12/27/2022,Dan Reichenbach,Technology,0.4,-35.6174,2,164.388,East
US-2023-101322,12/28/2022,Jason Gross,Furniture,0.2,-34.0704,6,340.704,West
US-2023-122798,12/28/2022,Susan Vittorini,Office Supplies,0,1.926,1,4.28,West
US-2023-122798,12/28/2022,Susan Vittorini,Office Supplies,0,34.2925,5,118.25,West
US-2023-127516,12/28/2022,Erica Hernandez,Office Supplies,0.2,-12.9568,1,64.784,South
US-2023-129805,12/28/2022,Harry Marie,Furniture,0,3.034,2,7.4,West
US-2023-135111,12/28/2022,Christopher Schild,Office Supplies,0,0.868,1,2.48,Central
US-2023-135111,12/28/2022,Christopher Schild,Office Supplies,0,12.691,5,25.9,Central
US-2023-136539,12/28/2022,Greg Hansen,Furniture,0.32,-11.596,2,78.8528,Central
US-2023-136539,12/28/2022,Greg Hansen,Office Supplies,0.2,2.7168,2,27.168,Central
US-2023-162068,12/28/2022,Pamela Coakley,Office Supplies,0.7,-0.99,2,1.188,West
US-2023-163860,12/28/2022,Lori Olson,Furniture,0.3,-3.2392,2,113.372,Central
US-2023-163860,12/28/2022,Lori Olson,Furniture,0.6,-1.406,2,2.96,Central
US-2023-163860,12/28/2022,Lori Olson,Furniture,0.6,-2.3904,3,7.968,Central
US-2023-163860,12/28/2022,Lori Olson,Office Supplies,0.8,-2.688,5,1.68,Central
US-2023-163979,12/28/2022,Kristen Hastings,Office Supplies,0,210.4936,4,725.84,West
US-2023-164826,12/28/2022,Jennifer Ferguson,Office Supplies,0.2,11.2266,7,33.264,East
US-2023-164826,12/28/2022,Jennifer Ferguson,Office Supplies,0,6.4216,4,13.96,East
US-2023-164826,12/28/2022,Jennifer Ferguson,Office Supplies,0,34.776,7,72.45,East
US-2023-164826,12/28/2022,Jennifer Ferguson,Technology,0,4.0095,3,14.85,East
US-2023-102638,12/29/2022,Michael Chen,Office Supplies,0,2.9547,3,6.03,East
US-2023-118885,12/29/2022,James Galang,Furniture,0.2,-44.2764,4,393.568,West
US-2023-118885,12/29/2022,James Galang,Technology,0.2,22.6782,3,302.376,West
US-2023-130631,12/29/2022,Bruce Stewart,Furniture,0,20.538,2,68.46,West
US-2023-130631,12/29/2022,Bruce Stewart,Office Supplies,0,9.604,5,19.6,West
US-2023-146626,12/29/2022,Ben Peterman,Furniture,0,37.4144,8,101.12,West
US-2023-158526,12/29/2022,Katherine Hughes,Furniture,0,77.625,3,258.75,South
US-2023-158526,12/29/2022,Katherine Hughes,Furniture,0,314.0384,8,1207.84,South
US-2023-158526,12/29/2022,Katherine Hughes,Furniture,0,87.2842,1,300.98,South
US-2023-158526,12/29/2022,Katherine Hughes,Office Supplies,0,10.0282,1,34.58,South
US-2023-158526,12/29/2022,Katherine Hughes,Office Supplies,0,5.8891,1,12.53,South
US-2023-158673,12/29/2022,Ken Brennan,Office Supplies,0,100.656,2,209.7,Central
US-2023-115427,12/30/2022,Erica Bern,Office Supplies,0.2,4.5188,2,13.904,West
US-2023-115427,12/30/2022,Erica Bern,Office Supplies,0.2,6.475,2,20.72,West
US-2023-126221,12/30/2022,Chuck Clark,Office Supplies,0,56.511,2,209.3,Central
US-2023-143259,12/30/2022,Patrick O'Donnell,Furniture,0.2,12.1176,4,323.136,East
US-2023-143259,12/30/2022,Patrick O'Donnell,Office Supplies,0.2,19.791,3,52.776,East
US-2023-143259,12/30/2022,Patrick O'Donnell,Technology,0,2.7279,7,90.93,East
US-2023-156720,12/30/2022,Jill Matthias,Office Supplies,0.2,-0.6048,3,3.024,West
